airfoil,Re,alpha,CL,CD,CM,conf
s1223,2e+05,-6,0.058248,0.090347,-0.072106,0.56514
s1223,2e+05,-5.75,0.072578,0.085491,-0.07502,0.56223
s1223,2e+05,-5.5,0.092048,0.080273,-0.079048,0.55805
s1223,2e+05,-5.25,0.1178,0.074978,-0.084341,0.55207
s1223,2e+05,-5,0.14961,0.069919,-0.090724,0.54408
s1223,2e+05,-4.75,0.18742,0.065319,-0.0981,0.53431
s1223,2e+05,-4.5,0.23133,0.061302,-0.10652,0.52315
s1223,2e+05,-4.25,0.27917,0.057938,-0.11561,0.5107
s1223,2e+05,-4,0.32679,0.055225,-0.12466,0.4962
s1223,2e+05,-3.75,0.37122,0.053044,-0.13318,0.47748
s1223,2e+05,-3.5,0.4124,0.05116,-0.14116,0.45029
s1223,2e+05,-3.25,0.453,0.049257,-0.14903,0.40832
s1223,2e+05,-3,0.50299,0.047241,-0.15895,0.34539
s1223,2e+05,-2.75,0.60714,0.045821,-0.18138,0.26779
s1223,2e+05,-2.5,0.7662,0.03981,-0.22349,0.21849
s1223,2e+05,-2.25,0.84338,0.026218,-0.25603,0.27888
s1223,2e+05,-2,0.90559,0.021583,-0.26733,0.47478
s1223,2e+05,-1.75,0.95785,0.019929,-0.27081,0.71361
s1223,2e+05,-1.5,1.0025,0.019158,-0.27171,0.86346
s1223,2e+05,-1.25,1.0427,0.018954,-0.27171,0.92465
s1223,2e+05,-1,1.0792,0.018976,-0.27176,0.94541
s1223,2e+05,-0.75,1.1127,0.018918,-0.2724,0.94995
s1223,2e+05,-0.5,1.1451,0.018632,-0.27388,0.94792
s1223,2e+05,-0.25,1.1783,0.018296,-0.2759,0.94467
s1223,2e+05,0,1.2136,0.018293,-0.27763,0.94298
s1223,2e+05,0.25,1.2487,0.018639,-0.27878,0.94319
s1223,2e+05,0.5,1.2818,0.019117,-0.27957,0.94482
s1223,2e+05,0.75,1.3133,0.019602,-0.28016,0.94723
s1223,2e+05,1,1.344,0.020045,-0.28058,0.95055
s1223,2e+05,1.25,1.3742,0.020407,-0.28081,0.95484
s1223,2e+05,1.5,1.4037,0.020681,-0.28086,0.95938
s1223,2e+05,1.75,1.4322,0.020905,-0.28073,0.9634
s1223,2e+05,2,1.4599,0.021121,-0.2805,0.96657
s1223,2e+05,2.25,1.487,0.021356,-0.28022,0.96889
s1223,2e+05,2.5,1.5137,0.02162,-0.27995,0.9705
s1223,2e+05,2.75,1.5403,0.021912,-0.27969,0.97154
s1223,2e+05,3,1.5669,0.022218,-0.27941,0.97216
s1223,2e+05,3.25,1.5935,0.022513,-0.27906,0.97248
s1223,2e+05,3.5,1.6198,0.022774,-0.27859,0.97266
s1223,2e+05,3.75,1.6452,0.023004,-0.27795,0.97292
s1223,2e+05,4,1.6694,0.023229,-0.27709,0.97354
s1223,2e+05,4.25,1.6927,0.023489,-0.27613,0.97475
s1223,2e+05,4.5,1.7169,0.02382,-0.2754,0.97644
s1223,2e+05,4.75,1.7429,0.024234,-0.27506,0.97826
s1223,2e+05,5,1.77,0.024706,-0.27494,0.97994
s1223,2e+05,5.25,1.7975,0.025203,-0.27482,0.98134
s1223,2e+05,5.5,1.8246,0.025703,-0.27461,0.98245
s1223,2e+05,5.75,1.8512,0.026199,-0.27428,0.98328
s1223,2e+05,6,1.8772,0.02669,-0.27382,0.98389
s1223,2e+05,6.25,1.9026,0.027175,-0.27324,0.98429
s1223,2e+05,6.5,1.9274,0.027656,-0.27253,0.98453
s1223,2e+05,6.75,1.9516,0.028134,-0.2717,0.9846
s1223,2e+05,7,1.9751,0.028608,-0.27073,0.98453
s1223,2e+05,7.25,1.9979,0.029077,-0.26963,0.98432
s1223,2e+05,7.5,2.0201,0.029539,-0.2684,0.98398
s1223,2e+05,7.75,2.0415,0.029993,-0.26701,0.98351
s1223,2e+05,8,2.0622,0.030436,-0.26548,0.98292
s1223,2e+05,8.25,2.0821,0.030867,-0.26378,0.98221
s1223,2e+05,8.5,2.1012,0.031283,-0.26192,0.98138
s1223,2e+05,8.75,2.1194,0.031683,-0.25987,0.98046
s1223,2e+05,9,2.1367,0.032067,-0.25764,0.97943
s1223,2e+05,9.25,2.1531,0.032435,-0.25522,0.97833
s1223,2e+05,9.5,2.1684,0.032788,-0.25259,0.97716
s1223,2e+05,9.75,2.1826,0.03313,-0.24975,0.97595
s1223,2e+05,10,2.1956,0.033465,-0.24669,0.97471
s1223,2e+05,10.25,2.2074,0.033801,-0.24342,0.97348
s1223,2e+05,10.5,2.2177,0.034147,-0.23993,0.97227
s1223,2e+05,10.75,2.2266,0.034514,-0.23622,0.97112
s1223,2e+05,11,2.234,0.034917,-0.23233,0.97003
s1223,2e+05,11.25,2.2398,0.035369,-0.22825,0.96903
s1223,2e+05,11.5,2.244,0.035888,-0.224,0.96812
s1223,2e+05,11.75,2.2464,0.036488,-0.2196,0.96726
s1223,2e+05,12,2.2471,0.037192,-0.21508,0.96644
s1223,2e+05,12.25,2.2459,0.038023,-0.21043,0.9656
s1223,2e+05,12.5,2.2427,0.039014,-0.20569,0.96468
s1223,2e+05,12.75,2.2374,0.040212,-0.2009,0.96362
s1223,2e+05,13,2.2299,0.041677,-0.19613,0.96236
s1223,2e+05,13.25,2.2202,0.043483,-0.19149,0.96087
s1223,2e+05,13.5,2.2085,0.045707,-0.18709,0.95914
s1223,2e+05,13.75,2.1948,0.04841,-0.18306,0.95718
s1223,2e+05,14,2.1794,0.051627,-0.17948,0.95501
s1223,2e+05,14.25,2.1628,0.055354,-0.1764,0.9527
s1223,2e+05,14.5,2.1453,0.059547,-0.17382,0.95028
s1223,2e+05,14.75,2.1274,0.064128,-0.17174,0.94784
s1223,2e+05,15,2.1097,0.068993,-0.17013,0.94544
s1223,2e+05,15.25,2.0926,0.074027,-0.16895,0.94315
s1223,2e+05,15.5,2.0766,0.079114,-0.16817,0.94101
s1223,2e+05,15.75,2.0618,0.084157,-0.16772,0.93901
s1223,2e+05,16,2.0485,0.089079,-0.16755,0.93717
s1223,2e+05,16.25,2.0367,0.093829,-0.16759,0.93545
s1223,2e+05,16.5,2.0265,0.098381,-0.16781,0.93384
s1223,2e+05,16.75,2.0178,0.10273,-0.16815,0.93233
s1223,2e+05,17,2.0106,0.10688,-0.16858,0.93089
s1223,2e+05,17.25,2.0047,0.11086,-0.16907,0.92951
s1223,2e+05,17.5,2.0001,0.1147,-0.16962,0.92816
s1223,2e+05,17.75,1.9965,0.11842,-0.1702,0.92684
s1223,2e+05,18,1.994,0.12205,-0.1708,0.92553
s1223,2e+05,18.25,1.9923,0.12562,-0.17144,0.92419
s1223,2e+05,18.5,1.9914,0.12914,-0.17209,0.92282
s1223,2e+05,18.75,1.991,0.13264,-0.17276,0.92136
s1223,2e+05,19,1.9911,0.13615,-0.17347,0.91978
s1223,2e+05,19.25,1.9916,0.13967,-0.1742,0.91803
s1223,2e+05,19.5,1.9923,0.14325,-0.17497,0.91603
s1223,2e+05,19.75,1.9931,0.14689,-0.17579,0.91369
s1223,2e+05,20,1.9939,0.15061,-0.17667,0.91093
s1223,2e+05,20.25,1.9947,0.15444,-0.17762,0.90759
s1223,2e+05,20.5,1.9953,0.15839,-0.17865,0.90351
s1223,2e+05,20.75,1.9958,0.16246,-0.17977,0.89845
s1223,2e+05,21,1.996,0.16666,-0.18099,0.89212
s1223,2e+05,21.25,1.9959,0.17097,-0.18233,0.88411
s1223,2e+05,21.5,1.9955,0.17539,-0.18379,0.87389
s1223,2e+05,21.75,1.9948,0.17989,-0.1854,0.86072
s1223,2e+05,22,1.9937,0.1844,-0.18716,0.84361
s1223,2.5e+05,-6,0.082288,0.083952,-0.079437,0.51825
s1223,2.5e+05,-5.75,0.10415,0.078686,-0.084122,0.51829
s1223,2.5e+05,-5.5,0.1326,0.073485,-0.090151,0.51736
s1223,2.5e+05,-5.25,0.16676,0.06867,-0.097211,0.5152
s1223,2.5e+05,-5,0.20572,0.06444,-0.10503,0.51183
s1223,2.5e+05,-4.75,0.24851,0.060861,-0.11342,0.5073
s1223,2.5e+05,-4.5,0.29253,0.057925,-0.12193,0.50114
s1223,2.5e+05,-4.25,0.33467,0.055543,-0.13001,0.49186
s1223,2.5e+05,-4,0.37374,0.053533,-0.13751,0.47639
s1223,2.5e+05,-3.75,0.41124,0.051628,-0.14467,0.44949
s1223,2.5e+05,-3.5,0.45062,0.049542,-0.15203,0.40402
s1223,2.5e+05,-3.25,0.50308,0.047368,-0.16223,0.3348
s1223,2.5e+05,-3,0.61195,0.045582,-0.18629,0.25386
s1223,2.5e+05,-2.75,0.75707,0.037648,-0.22813,0.21098
s1223,2.5e+05,-2.5,0.82335,0.02469,-0.25807,0.28058
s1223,2.5e+05,-2.25,0.87999,0.02046,-0.26767,0.47256
s1223,2.5e+05,-2,0.92768,0.018871,-0.27021,0.69949
s1223,2.5e+05,-1.75,0.96902,0.018118,-0.27057,0.84926
s1223,2.5e+05,-1.5,1.0066,0.017884,-0.27026,0.91542
s1223,2.5e+05,-1.25,1.0406,0.017864,-0.27002,0.93958
s1223,2.5e+05,-1,1.0721,0.017825,-0.27021,0.94583
s1223,2.5e+05,-0.75,1.1031,0.017658,-0.2711,0.94415
s1223,2.5e+05,-0.5,1.1353,0.017342,-0.27278,0.94007
s1223,2.5e+05,-0.25,1.1699,0.01704,-0.27489,0.93779
s1223,2.5e+05,0,1.2065,0.017071,-0.27658,0.93853
s1223,2.5e+05,0.25,1.2417,0.017376,-0.27756,0.94084
s1223,2.5e+05,0.5,1.2739,0.017741,-0.27807,0.94346
s1223,2.5e+05,0.75,1.3044,0.018104,-0.27837,0.94578
s1223,2.5e+05,1,1.3344,0.018456,-0.27857,0.94821
s1223,2.5e+05,1.25,1.364,0.018771,-0.27866,0.95136
s1223,2.5e+05,1.5,1.3931,0.019029,-0.27862,0.9551
s1223,2.5e+05,1.75,1.4218,0.019239,-0.27845,0.95879
s1223,2.5e+05,2,1.45,0.019433,-0.27821,0.96196
s1223,2.5e+05,2.25,1.4779,0.019634,-0.27795,0.96445
s1223,2.5e+05,2.5,1.5055,0.019855,-0.27772,0.96629
s1223,2.5e+05,2.75,1.5329,0.020099,-0.27752,0.96756
s1223,2.5e+05,3,1.56,0.020365,-0.27735,0.96832
s1223,2.5e+05,3.25,1.587,0.020641,-0.27712,0.96872
s1223,2.5e+05,3.5,1.6136,0.020902,-0.27675,0.9689
s1223,2.5e+05,3.75,1.6397,0.02113,-0.27619,0.96906
s1223,2.5e+05,4,1.6646,0.021336,-0.27541,0.96945
s1223,2.5e+05,4.25,1.6881,0.02155,-0.2744,0.97047
s1223,2.5e+05,4.5,1.7111,0.021802,-0.27334,0.9723
s1223,2.5e+05,4.75,1.7352,0.02212,-0.27257,0.97467
s1223,2.5e+05,5,1.7611,0.022501,-0.27215,0.97708
s1223,2.5e+05,5.25,1.7878,0.02292,-0.27187,0.97918
s1223,2.5e+05,5.5,1.8146,0.023354,-0.27157,0.98085
s1223,2.5e+05,5.75,1.8411,0.023789,-0.27119,0.98213
s1223,2.5e+05,6,1.867,0.02422,-0.2707,0.98307
s1223,2.5e+05,6.25,1.8924,0.024648,-0.2701,0.98375
s1223,2.5e+05,6.5,1.9172,0.025072,-0.26939,0.98421
s1223,2.5e+05,6.75,1.9414,0.025494,-0.26856,0.98449
s1223,2.5e+05,7,1.9649,0.025912,-0.2676,0.98462
s1223,2.5e+05,7.25,1.9878,0.026327,-0.26652,0.98461
s1223,2.5e+05,7.5,2.01,0.026737,-0.2653,0.98448
s1223,2.5e+05,7.75,2.0316,0.027142,-0.26394,0.98423
s1223,2.5e+05,8,2.0524,0.02754,-0.26243,0.98388
s1223,2.5e+05,8.25,2.0724,0.027931,-0.26077,0.98343
s1223,2.5e+05,8.5,2.0916,0.028314,-0.25894,0.98289
s1223,2.5e+05,8.75,2.1099,0.028688,-0.25693,0.98226
s1223,2.5e+05,9,2.1273,0.029055,-0.25475,0.98156
s1223,2.5e+05,9.25,2.1437,0.029415,-0.25237,0.9808
s1223,2.5e+05,9.5,2.1591,0.029771,-0.2498,0.97999
s1223,2.5e+05,9.75,2.1734,0.030127,-0.24702,0.97915
s1223,2.5e+05,10,2.1865,0.030488,-0.24405,0.9783
s1223,2.5e+05,10.25,2.1984,0.030862,-0.24088,0.97746
s1223,2.5e+05,10.5,2.2091,0.031257,-0.23753,0.97665
s1223,2.5e+05,10.75,2.2184,0.031687,-0.23401,0.97589
s1223,2.5e+05,11,2.2265,0.032163,-0.23034,0.9752
s1223,2.5e+05,11.25,2.2332,0.032703,-0.22653,0.97459
s1223,2.5e+05,11.5,2.2385,0.033324,-0.22261,0.97405
s1223,2.5e+05,11.75,2.2423,0.034048,-0.21858,0.97356
s1223,2.5e+05,12,2.2445,0.034897,-0.21445,0.9731
s1223,2.5e+05,12.25,2.2449,0.035899,-0.21022,0.97261
s1223,2.5e+05,12.5,2.2433,0.037089,-0.20589,0.97204
s1223,2.5e+05,12.75,2.2397,0.038508,-0.2015,0.97133
s1223,2.5e+05,13,2.2338,0.040206,-0.19709,0.97044
s1223,2.5e+05,13.25,2.2258,0.042243,-0.19276,0.96931
s1223,2.5e+05,13.5,2.2156,0.044678,-0.18864,0.96794
s1223,2.5e+05,13.75,2.2033,0.047561,-0.18482,0.96631
s1223,2.5e+05,14,2.1893,0.050916,-0.1814,0.96447
s1223,2.5e+05,14.25,2.1737,0.054738,-0.17843,0.96245
s1223,2.5e+05,14.5,2.1571,0.058988,-0.17593,0.96033
s1223,2.5e+05,14.75,2.14,0.063602,-0.1739,0.95819
s1223,2.5e+05,15,2.1227,0.068501,-0.17234,0.95609
s1223,2.5e+05,15.25,2.1056,0.073604,-0.1712,0.9541
s1223,2.5e+05,15.5,2.0892,0.07883,-0.17045,0.95223
s1223,2.5e+05,15.75,2.0735,0.084108,-0.17005,0.95048
s1223,2.5e+05,16,2.0587,0.08938,-0.16993,0.94885
s1223,2.5e+05,16.25,2.0449,0.094591,-0.17005,0.94732
s1223,2.5e+05,16.5,2.0321,0.099697,-0.17036,0.94587
s1223,2.5e+05,16.75,2.0205,0.10466,-0.17082,0.94449
s1223,2.5e+05,17,2.0102,0.10947,-0.17139,0.94317
s1223,2.5e+05,17.25,2.001,0.11411,-0.17205,0.94188
s1223,2.5e+05,17.5,1.9931,0.11858,-0.17276,0.94061
s1223,2.5e+05,17.75,1.9865,0.1229,-0.17353,0.93936
s1223,2.5e+05,18,1.981,0.12708,-0.17434,0.93809
s1223,2.5e+05,18.25,1.9767,0.13112,-0.17517,0.9368
s1223,2.5e+05,18.5,1.9733,0.13504,-0.17601,0.93546
s1223,2.5e+05,18.75,1.971,0.13885,-0.17687,0.93402
s1223,2.5e+05,19,1.9694,0.14256,-0.17774,0.93246
s1223,2.5e+05,19.25,1.9685,0.14619,-0.17863,0.93071
s1223,2.5e+05,19.5,1.9682,0.14976,-0.17953,0.92871
s1223,2.5e+05,19.75,1.9684,0.15329,-0.18046,0.92638
s1223,2.5e+05,20,1.9689,0.15681,-0.18142,0.92363
s1223,2.5e+05,20.25,1.9695,0.16033,-0.18242,0.92036
s1223,2.5e+05,20.5,1.9703,0.16388,-0.18348,0.91642
s1223,2.5e+05,20.75,1.971,0.16748,-0.18461,0.91167
s1223,2.5e+05,21,1.9717,0.17113,-0.18582,0.90588
s1223,2.5e+05,21.25,1.9722,0.17486,-0.18713,0.89878
s1223,2.5e+05,21.5,1.9725,0.17866,-0.18853,0.89004
s1223,2.5e+05,21.75,1.9724,0.18253,-0.19006,0.87918
s1223,2.5e+05,22,1.972,0.18647,-0.19171,0.86559
s1223,3.5e+05,-6,0.13872,0.074409,-0.095848,0.491
s1223,3.5e+05,-5.75,0.17175,0.069818,-0.10298,0.4994
s1223,3.5e+05,-5.5,0.2076,0.065926,-0.11049,0.50653
s1223,3.5e+05,-5.25,0.24484,0.062727,-0.11802,0.51164
s1223,3.5e+05,-5,0.28175,0.060116,-0.12527,0.51364
s1223,3.5e+05,-4.75,0.31679,0.05793,-0.13198,0.51057
s1223,3.5e+05,-4.5,0.35012,0.055955,-0.13819,0.49913
s1223,3.5e+05,-4.25,0.38374,0.053943,-0.1442,0.47411
s1223,3.5e+05,-4,0.42036,0.051691,-0.15047,0.42898
s1223,3.5e+05,-3.75,0.46659,0.049258,-0.15887,0.35993
s1223,3.5e+05,-3.5,0.54967,0.046914,-0.17693,0.27751
s1223,3.5e+05,-3.25,0.68323,0.041353,-0.21291,0.22005
s1223,3.5e+05,-3,0.76883,0.027823,-0.2493,0.25066
s1223,3.5e+05,-2.75,0.81778,0.020342,-0.2652,0.39964
s1223,3.5e+05,-2.5,0.86501,0.017998,-0.2692,0.60325
s1223,3.5e+05,-2.25,0.90532,0.016935,-0.26992,0.77537
s1223,3.5e+05,-2,0.94202,0.01648,-0.2697,0.8754
s1223,3.5e+05,-1.75,0.97558,0.016333,-0.26939,0.92097
s1223,3.5e+05,-1.5,1.0064,0.016269,-0.26926,0.93913
s1223,3.5e+05,-1.25,1.036,0.016181,-0.26944,0.94453
s1223,3.5e+05,-1,1.066,0.016053,-0.27002,0.94366
s1223,3.5e+05,-0.75,1.0977,0.015896,-0.27107,0.94003
s1223,3.5e+05,-0.5,1.1314,0.015697,-0.27262,0.93676
s1223,3.5e+05,-0.25,1.1668,0.015502,-0.27448,0.93632
s1223,3.5e+05,0,1.2031,0.015514,-0.27598,0.93854
s1223,3.5e+05,0.25,1.2374,0.015714,-0.2767,0.94134
s1223,3.5e+05,0.5,1.2683,0.015953,-0.27683,0.9436
s1223,3.5e+05,0.75,1.2974,0.016204,-0.27669,0.9451
s1223,3.5e+05,1,1.326,0.016468,-0.27653,0.94623
s1223,3.5e+05,1.25,1.3545,0.016729,-0.27639,0.94765
s1223,3.5e+05,1.5,1.3828,0.016968,-0.27621,0.94979
s1223,3.5e+05,1.75,1.4108,0.017173,-0.27596,0.95251
s1223,3.5e+05,2,1.4388,0.017353,-0.27564,0.95538
s1223,3.5e+05,2.25,1.4668,0.017527,-0.27531,0.95801
s1223,3.5e+05,2.5,1.4948,0.01771,-0.27501,0.96024
s1223,3.5e+05,2.75,1.5228,0.017907,-0.27478,0.96198
s1223,3.5e+05,3,1.5507,0.018121,-0.27463,0.96317
s1223,3.5e+05,3.25,1.5783,0.018351,-0.27452,0.96381
s1223,3.5e+05,3.5,1.6055,0.018591,-0.27439,0.96398
s1223,3.5e+05,3.75,1.6322,0.018824,-0.27407,0.96391
s1223,3.5e+05,4,1.6582,0.019031,-0.2735,0.96386
s1223,3.5e+05,4.25,1.683,0.019221,-0.27268,0.96413
s1223,3.5e+05,4.5,1.7062,0.019419,-0.2716,0.96524
s1223,3.5e+05,4.75,1.7285,0.019649,-0.2704,0.96754
s1223,3.5e+05,5,1.7517,0.019923,-0.26939,0.97073
s1223,3.5e+05,5.25,1.7763,0.020243,-0.26868,0.97403
s1223,3.5e+05,5.5,1.8017,0.020594,-0.2681,0.9769
s1223,3.5e+05,5.75,1.8273,0.020959,-0.26753,0.97915
s1223,3.5e+05,6,1.8525,0.021327,-0.2669,0.98083
s1223,3.5e+05,6.25,1.8773,0.021696,-0.26617,0.98205
s1223,3.5e+05,6.5,1.9015,0.022064,-0.26535,0.98293
s1223,3.5e+05,6.75,1.9251,0.022431,-0.26442,0.98355
s1223,3.5e+05,7,1.9482,0.022798,-0.26337,0.98396
s1223,3.5e+05,7.25,1.9706,0.023163,-0.26221,0.9842
s1223,3.5e+05,7.5,1.9924,0.023527,-0.26093,0.9843
s1223,3.5e+05,7.75,2.0135,0.023889,-0.25951,0.98427
s1223,3.5e+05,8,2.0338,0.024249,-0.25796,0.98414
s1223,3.5e+05,8.25,2.0535,0.024607,-0.25628,0.98391
s1223,3.5e+05,8.5,2.0724,0.024965,-0.25446,0.9836
s1223,3.5e+05,8.75,2.0905,0.025321,-0.25249,0.98321
s1223,3.5e+05,9,2.1079,0.02568,-0.25037,0.98276
s1223,3.5e+05,9.25,2.1243,0.026042,-0.2481,0.98225
s1223,3.5e+05,9.5,2.14,0.026411,-0.24568,0.98171
s1223,3.5e+05,9.75,2.1547,0.026792,-0.24312,0.98114
s1223,3.5e+05,10,2.1686,0.027191,-0.24041,0.98058
s1223,3.5e+05,10.25,2.1815,0.027615,-0.23758,0.98002
s1223,3.5e+05,10.5,2.1936,0.028072,-0.23462,0.97949
s1223,3.5e+05,10.75,2.2046,0.028575,-0.23156,0.97901
s1223,3.5e+05,11,2.2147,0.029136,-0.2284,0.97858
s1223,3.5e+05,11.25,2.2237,0.029774,-0.22514,0.97821
s1223,3.5e+05,11.5,2.2314,0.030508,-0.22178,0.97789
s1223,3.5e+05,11.75,2.2378,0.031364,-0.21832,0.97761
s1223,3.5e+05,12,2.2426,0.032371,-0.21474,0.97733
s1223,3.5e+05,12.25,2.2455,0.033559,-0.21103,0.97704
s1223,3.5e+05,12.5,2.2464,0.034962,-0.20719,0.97668
s1223,3.5e+05,12.75,2.245,0.036611,-0.20323,0.97621
s1223,3.5e+05,13,2.2414,0.038538,-0.1992,0.9756
s1223,3.5e+05,13.25,2.2355,0.040773,-0.19518,0.9748
s1223,3.5e+05,13.5,2.2274,0.043343,-0.19129,0.9738
s1223,3.5e+05,13.75,2.2174,0.04627,-0.18762,0.97259
s1223,3.5e+05,14,2.2058,0.049559,-0.18429,0.9712
s1223,3.5e+05,14.25,2.1929,0.053197,-0.18136,0.9697
s1223,3.5e+05,14.5,2.1793,0.057159,-0.17886,0.96813
s1223,3.5e+05,14.75,2.1651,0.061412,-0.17681,0.96658
s1223,3.5e+05,15,2.1508,0.065922,-0.17519,0.9651
s1223,3.5e+05,15.25,2.1364,0.070658,-0.17398,0.96373
s1223,3.5e+05,15.5,2.122,0.07559,-0.17314,0.96249
s1223,3.5e+05,15.75,2.1076,0.08069,-0.17265,0.96138
s1223,3.5e+05,16,2.0932,0.085921,-0.17246,0.96038
s1223,3.5e+05,16.25,2.0791,0.09124,-0.17253,0.95948
s1223,3.5e+05,16.5,2.0653,0.09659,-0.17284,0.95867
s1223,3.5e+05,16.75,2.052,0.10191,-0.17332,0.95795
s1223,3.5e+05,17,2.0396,0.10715,-0.17396,0.95728
s1223,3.5e+05,17.25,2.0281,0.11227,-0.17471,0.95667
s1223,3.5e+05,17.5,2.0177,0.11724,-0.17557,0.95608
s1223,3.5e+05,17.75,2.0084,0.12205,-0.1765,0.95549
s1223,3.5e+05,18,2.0004,0.12671,-0.1775,0.95489
s1223,3.5e+05,18.25,1.9937,0.13119,-0.17855,0.95426
s1223,3.5e+05,18.5,1.9881,0.1355,-0.17963,0.95358
s1223,3.5e+05,18.75,1.9836,0.13963,-0.18073,0.95283
s1223,3.5e+05,19,1.9802,0.1436,-0.18184,0.95198
s1223,3.5e+05,19.25,1.9777,0.14741,-0.18296,0.95099
s1223,3.5e+05,19.5,1.976,0.15107,-0.18408,0.94983
s1223,3.5e+05,19.75,1.975,0.1546,-0.18521,0.94843
s1223,3.5e+05,20,1.9746,0.15803,-0.18635,0.94673
s1223,3.5e+05,20.25,1.9746,0.16136,-0.18752,0.94467
s1223,3.5e+05,20.5,1.9749,0.16463,-0.18872,0.94214
s1223,3.5e+05,20.75,1.9755,0.16784,-0.18996,0.93903
s1223,3.5e+05,21,1.9762,0.17101,-0.19125,0.9352
s1223,3.5e+05,21.25,1.9769,0.17415,-0.1926,0.93046
s1223,3.5e+05,21.5,1.9776,0.17728,-0.19404,0.92456
s1223,3.5e+05,21.75,1.9782,0.18041,-0.19556,0.91718
s1223,3.5e+05,22,1.9785,0.18355,-0.19718,0.90789
s1223,4.5e+05,-6,0.18858,0.069256,-0.11008,0.50739
s1223,4.5e+05,-5.75,0.22148,0.065994,-0.11702,0.51989
s1223,4.5e+05,-5.5,0.25405,0.063378,-0.12361,0.52832
s1223,4.5e+05,-5.25,0.28543,0.061206,-0.12966,0.53073
s1223,4.5e+05,-5,0.31576,0.059252,-0.1352,0.52414
s1223,4.5e+05,-4.75,0.34656,0.057288,-0.14043,0.50406
s1223,4.5e+05,-4.5,0.37986,0.05513,-0.14575,0.4652
s1223,4.5e+05,-4.25,0.41892,0.052719,-0.15219,0.40427
s1223,4.5e+05,-4,0.47643,0.050163,-0.1636,0.32672
s1223,4.5e+05,-3.75,0.578,0.046648,-0.18828,0.25573
s1223,4.5e+05,-3.5,0.69656,0.036872,-0.22627,0.23631
s1223,4.5e+05,-3.25,0.7558,0.023655,-0.25637,0.32259
s1223,4.5e+05,-3,0.80252,0.018323,-0.26743,0.49624
s1223,4.5e+05,-2.75,0.84593,0.016554,-0.27002,0.67065
s1223,4.5e+05,-2.5,0.88352,0.015749,-0.27042,0.80202
s1223,4.5e+05,-2.25,0.91815,0.015402,-0.27029,0.88043
s1223,4.5e+05,-2,0.95029,0.015266,-0.27017,0.91983
s1223,4.5e+05,-1.75,0.98052,0.015184,-0.2702,0.93779
s1223,4.5e+05,-1.5,1.01,0.015091,-0.27041,0.94485
s1223,4.5e+05,-1.25,1.0397,0.01498,-0.27084,0.94612
s1223,4.5e+05,-1,1.0704,0.014871,-0.27149,0.94423
s1223,4.5e+05,-0.75,1.1026,0.014779,-0.27238,0.94101
s1223,4.5e+05,-0.5,1.1363,0.014676,-0.27359,0.93845
s1223,4.5e+05,-0.25,1.171,0.014549,-0.27511,0.93818
s1223,4.5e+05,0,1.2063,0.014529,-0.27644,0.94001
s1223,4.5e+05,0.25,1.2399,0.014661,-0.27708,0.94229
s1223,4.5e+05,0.5,1.2702,0.014844,-0.27707,0.94403
s1223,4.5e+05,0.75,1.2985,0.015046,-0.27672,0.94509
s1223,4.5e+05,1,1.3263,0.015264,-0.27631,0.94573
s1223,4.5e+05,1.25,1.3539,0.015489,-0.27597,0.94639
s1223,4.5e+05,1.5,1.3815,0.015705,-0.27569,0.94751
s1223,4.5e+05,1.75,1.4089,0.015899,-0.27539,0.94925
s1223,4.5e+05,2,1.4362,0.016071,-0.27504,0.95145
s1223,4.5e+05,2.25,1.4636,0.016229,-0.27465,0.9538
s1223,4.5e+05,2.5,1.4912,0.016388,-0.27427,0.95603
s1223,4.5e+05,2.75,1.5189,0.016558,-0.27394,0.95798
s1223,4.5e+05,3,1.5468,0.016741,-0.27368,0.95951
s1223,4.5e+05,3.25,1.5746,0.016937,-0.27351,0.9605
s1223,4.5e+05,3.5,1.6021,0.017144,-0.27341,0.96087
s1223,4.5e+05,3.75,1.6291,0.017359,-0.27325,0.9607
s1223,4.5e+05,4,1.6555,0.017569,-0.2729,0.96026
s1223,4.5e+05,4.25,1.6811,0.017756,-0.27225,0.95986
s1223,4.5e+05,4.5,1.7053,0.017935,-0.27135,0.95991
s1223,4.5e+05,4.75,1.728,0.01813,-0.27019,0.9611
s1223,4.5e+05,5,1.7499,0.018352,-0.26892,0.96385
s1223,4.5e+05,5.25,1.7725,0.018611,-0.2678,0.96768
s1223,4.5e+05,5.5,1.7963,0.018903,-0.26691,0.97161
s1223,4.5e+05,5.75,1.8207,0.019217,-0.26611,0.97496
s1223,4.5e+05,6,1.845,0.019543,-0.26531,0.97754
s1223,4.5e+05,6.25,1.8691,0.019874,-0.26444,0.97944
s1223,4.5e+05,6.5,1.8927,0.020207,-0.26349,0.98082
s1223,4.5e+05,6.75,1.9158,0.020541,-0.26245,0.9818
s1223,4.5e+05,7,1.9383,0.020877,-0.26132,0.98248
s1223,4.5e+05,7.25,1.9603,0.021215,-0.26008,0.98293
s1223,4.5e+05,7.5,1.9817,0.021553,-0.25874,0.9832
s1223,4.5e+05,7.75,2.0024,0.021893,-0.25728,0.98332
s1223,4.5e+05,8,2.0225,0.022235,-0.25572,0.98331
s1223,4.5e+05,8.25,2.042,0.022579,-0.25405,0.9832
s1223,4.5e+05,8.5,2.0609,0.022925,-0.25226,0.983
s1223,4.5e+05,8.75,2.0791,0.023276,-0.25037,0.98272
s1223,4.5e+05,9,2.0967,0.023633,-0.24836,0.98238
s1223,4.5e+05,9.25,2.1137,0.023999,-0.24625,0.98199
s1223,4.5e+05,9.5,2.13,0.024378,-0.24404,0.98157
s1223,4.5e+05,9.75,2.1457,0.024772,-0.24173,0.98113
s1223,4.5e+05,10,2.1608,0.025189,-0.23932,0.98069
s1223,4.5e+05,10.25,2.1753,0.025636,-0.23683,0.98026
s1223,4.5e+05,10.5,2.189,0.02612,-0.23424,0.97986
s1223,4.5e+05,10.75,2.2019,0.026655,-0.23157,0.9795
s1223,4.5e+05,11,2.2139,0.027255,-0.2288,0.97918
s1223,4.5e+05,11.25,2.2249,0.027939,-0.22592,0.9789
s1223,4.5e+05,11.5,2.2345,0.028732,-0.22291,0.97866
s1223,4.5e+05,11.75,2.2426,0.029662,-0.21975,0.97843
s1223,4.5e+05,12,2.2488,0.030759,-0.21642,0.97821
s1223,4.5e+05,12.25,2.2528,0.032053,-0.2129,0.97795
s1223,4.5e+05,12.5,2.2546,0.03357,-0.2092,0.97764
s1223,4.5e+05,12.75,2.2539,0.035331,-0.20534,0.97725
s1223,4.5e+05,13,2.251,0.037347,-0.20139,0.97673
s1223,4.5e+05,13.25,2.2459,0.039623,-0.19743,0.97607
s1223,4.5e+05,13.5,2.239,0.042162,-0.19357,0.97525
s1223,4.5e+05,13.75,2.2307,0.044963,-0.18992,0.97429
s1223,4.5e+05,14,2.2213,0.048022,-0.18658,0.97319
s1223,4.5e+05,14.25,2.2111,0.051335,-0.1836,0.972
s1223,4.5e+05,14.5,2.2004,0.054892,-0.18104,0.97078
s1223,4.5e+05,14.75,2.1893,0.058691,-0.17888,0.96957
s1223,4.5e+05,15,2.178,0.06273,-0.17712,0.96842
s1223,4.5e+05,15.25,2.1663,0.067011,-0.17575,0.96738
s1223,4.5e+05,15.5,2.1542,0.071531,-0.17473,0.96646
s1223,4.5e+05,15.75,2.1416,0.076284,-0.17405,0.96566
s1223,4.5e+05,16,2.1285,0.081251,-0.17367,0.96498
s1223,4.5e+05,16.25,2.1151,0.086393,-0.17358,0.9644
s1223,4.5e+05,16.5,2.1014,0.091653,-0.17374,0.96393
s1223,4.5e+05,16.75,2.0879,0.096956,-0.17411,0.96354
s1223,4.5e+05,17,2.0748,0.10223,-0.17465,0.96322
s1223,4.5e+05,17.25,2.0624,0.10742,-0.17534,0.96295
s1223,4.5e+05,17.5,2.051,0.11247,-0.17614,0.96271
s1223,4.5e+05,17.75,2.0407,0.11737,-0.17706,0.96247
s1223,4.5e+05,18,2.0316,0.1221,-0.17806,0.96221
s1223,4.5e+05,18.25,2.0238,0.12665,-0.17912,0.96191
s1223,4.5e+05,18.5,2.0173,0.131,-0.18025,0.96156
s1223,4.5e+05,18.75,2.012,0.13516,-0.18141,0.96114
s1223,4.5e+05,19,2.0078,0.13913,-0.18259,0.96063
s1223,4.5e+05,19.25,2.0046,0.14291,-0.18379,0.96001
s1223,4.5e+05,19.5,2.0023,0.14652,-0.185,0.95925
s1223,4.5e+05,19.75,2.0007,0.14997,-0.18622,0.9583
s1223,4.5e+05,20,1.9998,0.15329,-0.18746,0.95713
s1223,4.5e+05,20.25,1.9995,0.15649,-0.18872,0.95567
s1223,4.5e+05,20.5,1.9995,0.15959,-0.19,0.95386
s1223,4.5e+05,20.75,1.9999,0.16261,-0.19132,0.95161
s1223,4.5e+05,21,2.0004,0.16557,-0.19269,0.94881
s1223,4.5e+05,21.25,2.0012,0.16849,-0.19411,0.94533
s1223,4.5e+05,21.5,2.0019,0.17137,-0.19559,0.94098
s1223,4.5e+05,21.75,2.0027,0.17423,-0.19715,0.93553
s1223,4.5e+05,22,2.0033,0.17709,-0.1988,0.92865
s1223rtl,2e+05,-6,0.18821,0.074923,-0.099368,0.49137
s1223rtl,2e+05,-5.75,0.21598,0.072238,-0.10473,0.49157
s1223rtl,2e+05,-5.5,0.24052,0.070084,-0.1095,0.49271
s1223rtl,2e+05,-5.25,0.26088,0.068309,-0.1135,0.49353
s1223rtl,2e+05,-5,0.27751,0.066735,-0.11685,0.49197
s1223rtl,2e+05,-4.75,0.29196,0.065184,-0.11982,0.48543
s1223rtl,2e+05,-4.5,0.30617,0.063516,-0.12277,0.47116
s1223rtl,2e+05,-4.25,0.32188,0.061618,-0.12601,0.44637
s1223rtl,2e+05,-4,0.34051,0.059384,-0.12975,0.40759
s1223rtl,2e+05,-3.75,0.36544,0.056792,-0.13463,0.35042
s1223rtl,2e+05,-3.5,0.41973,0.054513,-0.14575,0.27476
s1223rtl,2e+05,-3.25,0.55368,0.051642,-0.1773,0.20313
s1223rtl,2e+05,-3,0.66423,0.0363,-0.21814,0.19814
s1223rtl,2e+05,-2.75,0.72013,0.025747,-0.23851,0.32146
s1223rtl,2e+05,-2.5,0.77631,0.022663,-0.24476,0.55713
s1223rtl,2e+05,-2.25,0.82446,0.021155,-0.24668,0.77502
s1223rtl,2e+05,-2,0.86804,0.020456,-0.247,0.88554
s1223rtl,2e+05,-1.75,0.90778,0.020228,-0.24701,0.92644
s1223rtl,2e+05,-1.5,0.94403,0.020117,-0.24737,0.93757
s1223rtl,2e+05,-1.25,0.97811,0.019846,-0.24847,0.93571
s1223rtl,2e+05,-1,1.0121,0.019324,-0.25043,0.92911
s1223rtl,2e+05,-0.75,1.0479,0.018885,-0.25261,0.92323
s1223rtl,2e+05,-0.5,1.085,0.018948,-0.2542,0.92
s1223rtl,2e+05,-0.25,1.121,0.019443,-0.25536,0.92012
s1223rtl,2e+05,0,1.1551,0.020064,-0.25625,0.92285
s1223rtl,2e+05,0.25,1.1878,0.020661,-0.25683,0.92721
s1223rtl,2e+05,0.5,1.2198,0.021194,-0.25714,0.93243
s1223rtl,2e+05,0.75,1.251,0.021662,-0.25726,0.93763
s1223rtl,2e+05,1,1.2812,0.022081,-0.25723,0.94241
s1223rtl,2e+05,1.25,1.3102,0.022472,-0.25708,0.94673
s1223rtl,2e+05,1.5,1.3381,0.022847,-0.25685,0.95062
s1223rtl,2e+05,1.75,1.3653,0.023216,-0.25652,0.95409
s1223rtl,2e+05,2,1.3921,0.023588,-0.25614,0.95713
s1223rtl,2e+05,2.25,1.4187,0.023972,-0.25572,0.95971
s1223rtl,2e+05,2.5,1.4454,0.024375,-0.25532,0.96184
s1223rtl,2e+05,2.75,1.4723,0.024799,-0.25498,0.96352
s1223rtl,2e+05,3,1.4992,0.025245,-0.25472,0.96476
s1223rtl,2e+05,3.25,1.5262,0.025709,-0.25455,0.96557
s1223rtl,2e+05,3.5,1.553,0.026183,-0.25444,0.96596
s1223rtl,2e+05,3.75,1.5794,0.026649,-0.25432,0.96599
s1223rtl,2e+05,4,1.6054,0.027083,-0.25411,0.96579
s1223rtl,2e+05,4.25,1.6306,0.027478,-0.25376,0.96557
s1223rtl,2e+05,4.5,1.6551,0.02785,-0.25327,0.96556
s1223rtl,2e+05,4.75,1.6787,0.02823,-0.25267,0.966
s1223rtl,2e+05,5,1.7019,0.028644,-0.25207,0.96708
s1223rtl,2e+05,5.25,1.7255,0.029107,-0.25158,0.96879
s1223rtl,2e+05,5.5,1.75,0.029623,-0.25124,0.97089
s1223rtl,2e+05,5.75,1.775,0.030178,-0.25097,0.97305
s1223rtl,2e+05,6,1.8001,0.030753,-0.25064,0.97506
s1223rtl,2e+05,6.25,1.825,0.03133,-0.2502,0.97681
s1223rtl,2e+05,6.5,1.8494,0.031901,-0.24964,0.97829
s1223rtl,2e+05,6.75,1.8733,0.032464,-0.24895,0.97951
s1223rtl,2e+05,7,1.8966,0.03302,-0.24815,0.98053
s1223rtl,2e+05,7.25,1.9194,0.03357,-0.24725,0.98138
s1223rtl,2e+05,7.5,1.9417,0.034118,-0.24624,0.98208
s1223rtl,2e+05,7.75,1.9634,0.034668,-0.24514,0.98265
s1223rtl,2e+05,8,1.9845,0.035221,-0.24395,0.98311
s1223rtl,2e+05,8.25,2.005,0.03578,-0.24266,0.98347
s1223rtl,2e+05,8.5,2.025,0.036347,-0.24128,0.98374
s1223rtl,2e+05,8.75,2.0443,0.036925,-0.2398,0.98392
s1223rtl,2e+05,9,2.0631,0.037516,-0.23824,0.98401
s1223rtl,2e+05,9.25,2.0812,0.038122,-0.23658,0.98402
s1223rtl,2e+05,9.5,2.0987,0.038744,-0.23482,0.98395
s1223rtl,2e+05,9.75,2.1156,0.039386,-0.23297,0.98378
s1223rtl,2e+05,10,2.1318,0.040051,-0.23102,0.98352
s1223rtl,2e+05,10.25,2.1473,0.04074,-0.22896,0.98313
s1223rtl,2e+05,10.5,2.162,0.04146,-0.22679,0.98261
s1223rtl,2e+05,10.75,2.1758,0.042213,-0.22449,0.98192
s1223rtl,2e+05,11,2.1888,0.043003,-0.22206,0.98102
s1223rtl,2e+05,11.25,2.2007,0.043836,-0.21949,0.97986
s1223rtl,2e+05,11.5,2.2115,0.044715,-0.21675,0.97837
s1223rtl,2e+05,11.75,2.2211,0.045642,-0.21385,0.97648
s1223rtl,2e+05,12,2.2294,0.046618,-0.21075,0.97406
s1223rtl,2e+05,12.25,2.2362,0.04764,-0.20747,0.97098
s1223rtl,2e+05,12.5,2.2415,0.048701,-0.20397,0.96703
s1223rtl,2e+05,12.75,2.245,0.049792,-0.20025,0.96197
s1223rtl,2e+05,13,2.2466,0.0509,-0.19632,0.95546
s1223rtl,2e+05,13.25,2.2462,0.052012,-0.19217,0.94708
s1223rtl,2e+05,13.5,2.2434,0.053127,-0.18784,0.93628
s1223rtl,2e+05,13.75,2.2379,0.054271,-0.18339,0.92243
s1223rtl,2e+05,14,2.2287,0.055551,-0.17895,0.9048
s1223rtl,2e+05,14.25,2.2139,0.05723,-0.17477,0.88261
s1223rtl,2e+05,14.5,2.1898,0.05985,-0.17119,0.8551
s1223rtl,2e+05,14.75,2.1511,0.064339,-0.16868,0.82154
s1223rtl,2e+05,15,2.092,0.07196,-0.16773,0.7816
s1223rtl,2e+05,15.25,2.0107,0.083935,-0.16856,0.73593
s1223rtl,2e+05,15.5,1.9119,0.10078,-0.17105,0.68693
s1223rtl,2e+05,15.75,1.8063,0.12171,-0.17471,0.63874
s1223rtl,2e+05,16,1.7063,0.14464,-0.17892,0.59615
s1223rtl,2e+05,16.25,1.622,0.16684,-0.18317,0.56301
s1223rtl,2e+05,16.5,1.5589,0.18596,-0.1871,0.54103
s1223rtl,2e+05,16.75,1.5176,0.2008,-0.19061,0.52937
s1223rtl,2e+05,17,1.4947,0.21144,-0.19374,0.52537
s1223rtl,2e+05,17.25,1.485,0.21877,-0.19663,0.52564
s1223rtl,2e+05,17.5,1.4839,0.22388,-0.19943,0.52703
s1223rtl,2e+05,17.75,1.4877,0.22763,-0.20221,0.52716
s1223rtl,2e+05,18,1.494,0.23062,-0.20503,0.52453
s1223rtl,2e+05,18.25,1.5013,0.2332,-0.20789,0.5184
s1223rtl,2e+05,18.5,1.5089,0.23556,-0.21077,0.50865
s1223rtl,2e+05,18.75,1.5165,0.2378,-0.21363,0.49558
s1223rtl,2e+05,19,1.5239,0.23995,-0.21642,0.47971
s1223rtl,2e+05,19.25,1.5311,0.24206,-0.21913,0.46166
s1223rtl,2e+05,19.5,1.5382,0.24412,-0.22174,0.44202
s1223rtl,2e+05,19.75,1.5453,0.24617,-0.22423,0.42127
s1223rtl,2e+05,20,1.5523,0.2482,-0.22662,0.39978
s1223rtl,2e+05,20.25,1.5593,0.25024,-0.2289,0.37781
s1223rtl,2e+05,20.5,1.5663,0.25229,-0.23111,0.35551
s1223rtl,2e+05,20.75,1.5734,0.25437,-0.23325,0.33296
s1223rtl,2e+05,21,1.5804,0.25647,-0.23534,0.31019
s1223rtl,2e+05,21.25,1.5875,0.2586,-0.23739,0.28723
s1223rtl,2e+05,21.5,1.5947,0.26074,-0.23942,0.26408
s1223rtl,2e+05,21.75,1.6018,0.2629,-0.24145,0.2408
s1223rtl,2e+05,22,1.6089,0.26506,-0.24347,0.21746
s1223rtl,2.5e+05,-6,0.24,0.072878,-0.11389,0.46614
s1223rtl,2.5e+05,-5.75,0.25653,0.071282,-0.11718,0.47471
s1223rtl,2.5e+05,-5.5,0.26883,0.069829,-0.11968,0.48172
s1223rtl,2.5e+05,-5.25,0.27873,0.068335,-0.12174,0.48472
s1223rtl,2.5e+05,-5,0.28847,0.066657,-0.12375,0.48122
s1223rtl,2.5e+05,-4.75,0.30009,0.064705,-0.12609,0.46881
s1223rtl,2.5e+05,-4.5,0.31524,0.062413,-0.129,0.44456
s1223rtl,2.5e+05,-4.25,0.33536,0.059727,-0.13269,0.40406
s1223rtl,2.5e+05,-4,0.3653,0.056786,-0.13815,0.34214
s1223rtl,2.5e+05,-3.75,0.43301,0.054373,-0.15218,0.26229
s1223rtl,2.5e+05,-3.5,0.5683,0.049193,-0.18695,0.19653
s1223rtl,2.5e+05,-3.25,0.65491,0.032537,-0.22481,0.21198
s1223rtl,2.5e+05,-3,0.70605,0.024011,-0.24122,0.35055
s1223rtl,2.5e+05,-2.75,0.75656,0.021321,-0.24581,0.57605
s1223rtl,2.5e+05,-2.5,0.8006,0.019967,-0.24689,0.77614
s1223rtl,2.5e+05,-2.25,0.84073,0.01934,-0.24678,0.88206
s1223rtl,2.5e+05,-2,0.87701,0.019108,-0.24649,0.92384
s1223rtl,2.5e+05,-1.75,0.90992,0.018983,-0.24645,0.93663
s1223rtl,2.5e+05,-1.5,0.94117,0.018802,-0.24689,0.93634
s1223rtl,2.5e+05,-1.25,0.97314,0.018471,-0.24811,0.9303
s1223rtl,2.5e+05,-1,1.0072,0.017973,-0.25013,0.92435
s1223rtl,2.5e+05,-0.75,1.0436,0.017614,-0.25218,0.92212
s1223rtl,2.5e+05,-0.5,1.0804,0.017714,-0.2535,0.92285
s1223rtl,2.5e+05,-0.25,1.1149,0.01812,-0.25433,0.92541
s1223rtl,2.5e+05,0,1.1472,0.018582,-0.25489,0.9286
s1223rtl,2.5e+05,0.25,1.1785,0.019031,-0.25525,0.9322
s1223rtl,2.5e+05,0.5,1.2094,0.019453,-0.25541,0.93636
s1223rtl,2.5e+05,0.75,1.24,0.019846,-0.25542,0.94073
s1223rtl,2.5e+05,1,1.2702,0.020215,-0.25534,0.94488
s1223rtl,2.5e+05,1.25,1.2996,0.020569,-0.25519,0.94867
s1223rtl,2.5e+05,1.5,1.3283,0.020914,-0.25497,0.95214
s1223rtl,2.5e+05,1.75,1.3562,0.021253,-0.25468,0.95531
s1223rtl,2.5e+05,2,1.3836,0.02159,-0.25434,0.9582
s1223rtl,2.5e+05,2.25,1.4108,0.021929,-0.25395,0.96076
s1223rtl,2.5e+05,2.5,1.4379,0.022276,-0.25357,0.96295
s1223rtl,2.5e+05,2.75,1.465,0.022636,-0.25323,0.96478
s1223rtl,2.5e+05,3,1.4922,0.023012,-0.25295,0.96621
s1223rtl,2.5e+05,3.25,1.5194,0.023404,-0.25274,0.96724
s1223rtl,2.5e+05,3.5,1.5465,0.023809,-0.25262,0.96786
s1223rtl,2.5e+05,3.75,1.5733,0.02422,-0.25253,0.96804
s1223rtl,2.5e+05,4,1.5996,0.02462,-0.25242,0.96782
s1223rtl,2.5e+05,4.25,1.6254,0.024985,-0.25218,0.96738
s1223rtl,2.5e+05,4.5,1.6505,0.025307,-0.25177,0.96698
s1223rtl,2.5e+05,4.75,1.6748,0.025608,-0.2512,0.96692
s1223rtl,2.5e+05,5,1.6982,0.025922,-0.25051,0.9675
s1223rtl,2.5e+05,5.25,1.7212,0.026271,-0.24982,0.96889
s1223rtl,2.5e+05,5.5,1.7448,0.026666,-0.24925,0.97101
s1223rtl,2.5e+05,5.75,1.7693,0.027104,-0.24881,0.97347
s1223rtl,2.5e+05,6,1.7942,0.027571,-0.24842,0.97587
s1223rtl,2.5e+05,6.25,1.8192,0.028047,-0.24797,0.97798
s1223rtl,2.5e+05,6.5,1.844,0.028522,-0.24741,0.97971
s1223rtl,2.5e+05,6.75,1.8682,0.028988,-0.24675,0.98111
s1223rtl,2.5e+05,7,1.892,0.029445,-0.24597,0.98221
s1223rtl,2.5e+05,7.25,1.9153,0.029893,-0.2451,0.98309
s1223rtl,2.5e+05,7.5,1.938,0.030335,-0.24412,0.98379
s1223rtl,2.5e+05,7.75,1.9603,0.030773,-0.24305,0.98435
s1223rtl,2.5e+05,8,1.982,0.03121,-0.24189,0.98479
s1223rtl,2.5e+05,8.25,2.0031,0.031648,-0.24063,0.98513
s1223rtl,2.5e+05,8.5,2.0238,0.032089,-0.23927,0.98538
s1223rtl,2.5e+05,8.75,2.0439,0.032536,-0.23783,0.98556
s1223rtl,2.5e+05,9,2.0634,0.032989,-0.23629,0.98568
s1223rtl,2.5e+05,9.25,2.0824,0.033452,-0.23467,0.98574
s1223rtl,2.5e+05,9.5,2.1009,0.033926,-0.23297,0.98575
s1223rtl,2.5e+05,9.75,2.1187,0.034413,-0.23118,0.98573
s1223rtl,2.5e+05,10,2.1361,0.034915,-0.22932,0.98567
s1223rtl,2.5e+05,10.25,2.1528,0.035436,-0.22739,0.98558
s1223rtl,2.5e+05,10.5,2.169,0.035977,-0.22538,0.98546
s1223rtl,2.5e+05,10.75,2.1846,0.036541,-0.22331,0.98531
s1223rtl,2.5e+05,11,2.1996,0.037131,-0.22117,0.98512
s1223rtl,2.5e+05,11.25,2.2139,0.03775,-0.21896,0.9849
s1223rtl,2.5e+05,11.5,2.2276,0.038402,-0.21669,0.98462
s1223rtl,2.5e+05,11.75,2.2405,0.039089,-0.21435,0.98428
s1223rtl,2.5e+05,12,2.2527,0.039813,-0.21192,0.98386
s1223rtl,2.5e+05,12.25,2.2641,0.040574,-0.20942,0.98334
s1223rtl,2.5e+05,12.5,2.2747,0.041372,-0.20683,0.98269
s1223rtl,2.5e+05,12.75,2.2844,0.042204,-0.20415,0.98188
s1223rtl,2.5e+05,13,2.2931,0.043065,-0.20137,0.98087
s1223rtl,2.5e+05,13.25,2.3009,0.043947,-0.19848,0.97961
s1223rtl,2.5e+05,13.5,2.3078,0.044844,-0.19549,0.97804
s1223rtl,2.5e+05,13.75,2.3136,0.045747,-0.19239,0.97608
s1223rtl,2.5e+05,14,2.3183,0.046651,-0.18919,0.97366
s1223rtl,2.5e+05,14.25,2.322,0.047554,-0.1859,0.97066
s1223rtl,2.5e+05,14.5,2.3245,0.04846,-0.18254,0.96697
s1223rtl,2.5e+05,14.75,2.3258,0.049374,-0.17913,0.96245
s1223rtl,2.5e+05,15,2.3259,0.050312,-0.1757,0.95695
s1223rtl,2.5e+05,15.25,2.3247,0.051292,-0.1723,0.95033
s1223rtl,2.5e+05,15.5,2.3222,0.052338,-0.16897,0.94241
s1223rtl,2.5e+05,15.75,2.3185,0.053478,-0.16578,0.9331
s1223rtl,2.5e+05,16,2.3135,0.054752,-0.16278,0.92231
s1223rtl,2.5e+05,16.25,2.3072,0.056206,-0.16006,0.91006
s1223rtl,2.5e+05,16.5,2.2993,0.057907,-0.15769,0.89647
s1223rtl,2.5e+05,16.75,2.2897,0.059939,-0.15577,0.88177
s1223rtl,2.5e+05,17,2.2778,0.062418,-0.15437,0.86628
s1223rtl,2.5e+05,17.25,2.2633,0.065484,-0.15358,0.85033
s1223rtl,2.5e+05,17.5,2.2453,0.069298,-0.15347,0.83419
s1223rtl,2.5e+05,17.75,2.2236,0.074024,-0.15406,0.81797
s1223rtl,2.5e+05,18,2.1977,0.079811,-0.15536,0.80153
s1223rtl,2.5e+05,18.25,2.1676,0.086777,-0.15731,0.78451
s1223rtl,2.5e+05,18.5,2.1337,0.094999,-0.15984,0.76633
s1223rtl,2.5e+05,18.75,2.0964,0.10451,-0.16287,0.74632
s1223rtl,2.5e+05,19,2.0562,0.11528,-0.16632,0.72379
s1223rtl,2.5e+05,19.25,2.0142,0.12719,-0.17009,0.69828
s1223rtl,2.5e+05,19.5,1.9715,0.14002,-0.17409,0.66963
s1223rtl,2.5e+05,19.75,1.9297,0.15338,-0.17823,0.63812
s1223rtl,2.5e+05,20,1.8904,0.16677,-0.18239,0.60445
s1223rtl,2.5e+05,20.25,1.8552,0.17965,-0.18651,0.56954
s1223rtl,2.5e+05,20.5,1.8252,0.19149,-0.19049,0.53437
s1223rtl,2.5e+05,20.75,1.8011,0.20192,-0.19431,0.49968
s1223rtl,2.5e+05,21,1.7829,0.21076,-0.19795,0.46589
s1223rtl,2.5e+05,21.25,1.7701,0.21802,-0.20144,0.43307
s1223rtl,2.5e+05,21.5,1.7618,0.22389,-0.20479,0.40104
s1223rtl,2.5e+05,21.75,1.7572,0.22862,-0.20805,0.3695
s1223rtl,2.5e+05,22,1.7554,0.23249,-0.21126,0.33815
s1223rtl,3.5e+05,-6,0.25914,0.072705,-0.12329,0.48277
s1223rtl,3.5e+05,-5.75,0.26401,0.071134,-0.12433,0.4909
s1223rtl,3.5e+05,-5.5,0.27004,0.069286,-0.12552,0.49172
s1223rtl,3.5e+05,-5.25,0.27944,0.067104,-0.12721,0.48267
s1223rtl,3.5e+05,-5,0.29404,0.064553,-0.12961,0.46012
s1223rtl,3.5e+05,-4.75,0.31536,0.061646,-0.13296,0.41902
s1223rtl,3.5e+05,-4.5,0.34779,0.058605,-0.1384,0.35552
s1223rtl,3.5e+05,-4.25,0.41251,0.055854,-0.15185,0.27654
s1223rtl,3.5e+05,-4,0.53112,0.050095,-0.1833,0.21421
s1223rtl,3.5e+05,-3.75,0.61887,0.03366,-0.22152,0.2291
s1223rtl,3.5e+05,-3.5,0.66334,0.023211,-0.24125,0.35794
s1223rtl,3.5e+05,-3.25,0.71072,0.020011,-0.24678,0.55056
s1223rtl,3.5e+05,-3,0.75236,0.018547,-0.24804,0.73275
s1223rtl,3.5e+05,-2.75,0.7903,0.017825,-0.24803,0.85164
s1223rtl,3.5e+05,-2.5,0.82486,0.017514,-0.24773,0.90955
s1223rtl,3.5e+05,-2.25,0.8562,0.017353,-0.24751,0.93355
s1223rtl,3.5e+05,-2,0.8855,0.017206,-0.24745,0.94154
s1223rtl,3.5e+05,-1.75,0.91448,0.017034,-0.24767,0.94163
s1223rtl,3.5e+05,-1.5,0.9447,0.016838,-0.2483,0.93755
s1223rtl,3.5e+05,-1.25,0.97697,0.016595,-0.24945,0.93227
s1223rtl,3.5e+05,-1,1.0111,0.016261,-0.25113,0.92933
s1223rtl,3.5e+05,-0.75,1.0465,0.016001,-0.2528,0.93022
s1223rtl,3.5e+05,-0.5,1.0811,0.016038,-0.25372,0.93269
s1223rtl,3.5e+05,-0.25,1.1127,0.016287,-0.25404,0.93533
s1223rtl,3.5e+05,0,1.1423,0.016591,-0.25408,0.93759
s1223rtl,3.5e+05,0.25,1.1711,0.016903,-0.25402,0.93966
s1223rtl,3.5e+05,0.5,1.1998,0.017214,-0.25389,0.94206
s1223rtl,3.5e+05,0.75,1.2285,0.017519,-0.25368,0.94496
s1223rtl,3.5e+05,1,1.2573,0.017815,-0.25341,0.94813
s1223rtl,3.5e+05,1.25,1.2859,0.018105,-0.25312,0.95126
s1223rtl,3.5e+05,1.5,1.3143,0.018391,-0.25281,0.95423
s1223rtl,3.5e+05,1.75,1.3423,0.018674,-0.25246,0.95702
s1223rtl,3.5e+05,2,1.3699,0.018955,-0.25208,0.95962
s1223rtl,3.5e+05,2.25,1.3972,0.019235,-0.25166,0.962
s1223rtl,3.5e+05,2.5,1.4243,0.019518,-0.25123,0.96411
s1223rtl,3.5e+05,2.75,1.4513,0.019806,-0.25082,0.96592
s1223rtl,3.5e+05,3,1.4784,0.020104,-0.25043,0.96743
s1223rtl,3.5e+05,3.25,1.5056,0.020412,-0.2501,0.96861
s1223rtl,3.5e+05,3.5,1.5326,0.02073,-0.24984,0.96945
s1223rtl,3.5e+05,3.75,1.5596,0.021059,-0.24965,0.9699
s1223rtl,3.5e+05,4,1.5862,0.021395,-0.2495,0.96987
s1223rtl,3.5e+05,4.25,1.6123,0.021727,-0.24934,0.96934
s1223rtl,3.5e+05,4.5,1.6379,0.022036,-0.24907,0.96843
s1223rtl,3.5e+05,4.75,1.6629,0.022301,-0.24861,0.96747
s1223rtl,3.5e+05,5,1.6871,0.022538,-0.24794,0.96687
s1223rtl,3.5e+05,5.25,1.7104,0.022782,-0.24711,0.96704
s1223rtl,3.5e+05,5.5,1.733,0.023057,-0.24622,0.96832
s1223rtl,3.5e+05,5.75,1.7558,0.02337,-0.24539,0.97066
s1223rtl,3.5e+05,6,1.7794,0.023719,-0.2447,0.97359
s1223rtl,3.5e+05,6.25,1.8037,0.024094,-0.24409,0.9765
s1223rtl,3.5e+05,6.5,1.8281,0.02448,-0.24345,0.97901
s1223rtl,3.5e+05,6.75,1.8524,0.024867,-0.24275,0.98102
s1223rtl,3.5e+05,7,1.8762,0.02525,-0.24195,0.98257
s1223rtl,3.5e+05,7.25,1.8995,0.025628,-0.24105,0.98375
s1223rtl,3.5e+05,7.5,1.9224,0.026,-0.24007,0.98465
s1223rtl,3.5e+05,7.75,1.9448,0.02637,-0.239,0.98533
s1223rtl,3.5e+05,8,1.9666,0.026738,-0.23783,0.98584
s1223rtl,3.5e+05,8.25,1.9879,0.027108,-0.23657,0.98623
s1223rtl,3.5e+05,8.5,2.0087,0.027481,-0.23522,0.98651
s1223rtl,3.5e+05,8.75,2.029,0.027859,-0.23378,0.9867
s1223rtl,3.5e+05,9,2.0488,0.028244,-0.23224,0.98682
s1223rtl,3.5e+05,9.25,2.068,0.028637,-0.23061,0.98689
s1223rtl,3.5e+05,9.5,2.0866,0.029041,-0.2289,0.9869
s1223rtl,3.5e+05,9.75,2.1047,0.029458,-0.22709,0.98688
s1223rtl,3.5e+05,10,2.1222,0.029889,-0.22521,0.98682
s1223rtl,3.5e+05,10.25,2.1392,0.030336,-0.22324,0.98674
s1223rtl,3.5e+05,10.5,2.1555,0.030802,-0.2212,0.98665
s1223rtl,3.5e+05,10.75,2.1713,0.03129,-0.2191,0.98655
s1223rtl,3.5e+05,11,2.1865,0.031801,-0.21693,0.98645
s1223rtl,3.5e+05,11.25,2.201,0.032338,-0.21471,0.98635
s1223rtl,3.5e+05,11.5,2.2149,0.032904,-0.21244,0.98625
s1223rtl,3.5e+05,11.75,2.2282,0.033502,-0.21011,0.98616
s1223rtl,3.5e+05,12,2.2409,0.034134,-0.20775,0.98607
s1223rtl,3.5e+05,12.25,2.2529,0.034801,-0.20534,0.98599
s1223rtl,3.5e+05,12.5,2.2642,0.035504,-0.20288,0.9859
s1223rtl,3.5e+05,12.75,2.2748,0.036242,-0.20039,0.9858
s1223rtl,3.5e+05,13,2.2848,0.037013,-0.19784,0.98567
s1223rtl,3.5e+05,13.25,2.294,0.037811,-0.19525,0.9855
s1223rtl,3.5e+05,13.5,2.3027,0.038629,-0.19261,0.98525
s1223rtl,3.5e+05,13.75,2.3106,0.039457,-0.18991,0.98491
s1223rtl,3.5e+05,14,2.3179,0.040289,-0.18716,0.98446
s1223rtl,3.5e+05,14.25,2.3246,0.041119,-0.18437,0.98385
s1223rtl,3.5e+05,14.5,2.3307,0.041946,-0.18156,0.98305
s1223rtl,3.5e+05,14.75,2.3362,0.042777,-0.17874,0.98205
s1223rtl,3.5e+05,15,2.341,0.043626,-0.17593,0.9808
s1223rtl,3.5e+05,15.25,2.3451,0.044513,-0.17318,0.97928
s1223rtl,3.5e+05,15.5,2.3484,0.045463,-0.17049,0.97745
s1223rtl,3.5e+05,15.75,2.3509,0.046507,-0.16791,0.97529
s1223rtl,3.5e+05,16,2.3523,0.047679,-0.16544,0.97278
s1223rtl,3.5e+05,16.25,2.3526,0.049014,-0.16311,0.96989
s1223rtl,3.5e+05,16.5,2.3517,0.050556,-0.16095,0.96661
s1223rtl,3.5e+05,16.75,2.3493,0.052351,-0.15898,0.96295
s1223rtl,3.5e+05,17,2.3454,0.054455,-0.15725,0.95893
s1223rtl,3.5e+05,17.25,2.3399,0.056926,-0.15581,0.95458
s1223rtl,3.5e+05,17.5,2.3327,0.059831,-0.15471,0.94994
s1223rtl,3.5e+05,17.75,2.3238,0.06323,-0.15403,0.94505
s1223rtl,3.5e+05,18,2.3132,0.067176,-0.15378,0.93993
s1223rtl,3.5e+05,18.25,2.3007,0.071701,-0.154,0.93459
s1223rtl,3.5e+05,18.5,2.2865,0.076813,-0.15465,0.92901
s1223rtl,3.5e+05,18.75,2.2706,0.082499,-0.15572,0.92315
s1223rtl,3.5e+05,19,2.253,0.088723,-0.15715,0.91696
s1223rtl,3.5e+05,19.25,2.2339,0.095435,-0.15891,0.91032
s1223rtl,3.5e+05,19.5,2.2134,0.10257,-0.16093,0.90311
s1223rtl,3.5e+05,19.75,2.1918,0.11007,-0.16321,0.89514
s1223rtl,3.5e+05,20,2.1691,0.11783,-0.1657,0.88617
s1223rtl,3.5e+05,20.25,2.1456,0.1258,-0.16839,0.87593
s1223rtl,3.5e+05,20.5,2.1213,0.13389,-0.17127,0.86408
s1223rtl,3.5e+05,20.75,2.0966,0.14204,-0.17432,0.85031
s1223rtl,3.5e+05,21,2.0716,0.15019,-0.17755,0.83427
s1223rtl,3.5e+05,21.25,2.0467,0.15828,-0.18092,0.81564
s1223rtl,3.5e+05,21.5,2.0224,0.16624,-0.18443,0.79412
s1223rtl,3.5e+05,21.75,1.9992,0.17401,-0.18804,0.76943
s1223rtl,3.5e+05,22,1.9775,0.18152,-0.19174,0.74133
s1223rtl,4.5e+05,-6,0.25267,0.072267,-0.12532,0.50057
s1223rtl,4.5e+05,-5.75,0.25945,0.070233,-0.1264,0.49531
s1223rtl,4.5e+05,-5.5,0.27149,0.067862,-0.12812,0.47597
s1223rtl,4.5e+05,-5.25,0.29042,0.065178,-0.13073,0.43828
s1223rtl,4.5e+05,-5,0.31931,0.062343,-0.13515,0.38007
s1223rtl,4.5e+05,-4.75,0.37086,0.059589,-0.1452,0.30765
s1223rtl,4.5e+05,-4.5,0.46685,0.055002,-0.16918,0.24479
s1223rtl,4.5e+05,-4.25,0.56895,0.040476,-0.20683,0.23963
s1223rtl,4.5e+05,-4,0.61461,0.024957,-0.23598,0.34277
s1223rtl,4.5e+05,-3.75,0.6605,0.019712,-0.24648,0.51356
s1223rtl,4.5e+05,-3.5,0.70346,0.017867,-0.24919,0.67476
s1223rtl,4.5e+05,-3.25,0.7412,0.016946,-0.24976,0.79923
s1223rtl,4.5e+05,-3,0.77601,0.016495,-0.24972,0.87716
s1223rtl,4.5e+05,-2.75,0.80812,0.016275,-0.2496,0.91791
s1223rtl,4.5e+05,-2.5,0.83805,0.016129,-0.24954,0.9371
s1223rtl,4.5e+05,-2.25,0.86684,0.015986,-0.24958,0.94505
s1223rtl,4.5e+05,-2,0.89555,0.01583,-0.24977,0.94695
s1223rtl,4.5e+05,-1.75,0.92492,0.015675,-0.25013,0.94531
s1223rtl,4.5e+05,-1.5,0.95544,0.015536,-0.2507,0.94161
s1223rtl,4.5e+05,-1.25,0.98743,0.015391,-0.25155,0.93753
s1223rtl,4.5e+05,-1,1.0207,0.015175,-0.25283,0.93549
s1223rtl,4.5e+05,-0.75,1.0546,0.014964,-0.25424,0.93652
s1223rtl,4.5e+05,-0.5,1.0878,0.01494,-0.25502,0.93878
s1223rtl,4.5e+05,-0.25,1.1182,0.015096,-0.25514,0.94089
s1223rtl,4.5e+05,0,1.1463,0.015327,-0.25491,0.94257
s1223rtl,4.5e+05,0.25,1.1736,0.015579,-0.25456,0.94397
s1223rtl,4.5e+05,0.5,1.2008,0.015835,-0.2542,0.94549
s1223rtl,4.5e+05,0.75,1.228,0.01609,-0.25382,0.94741
s1223rtl,4.5e+05,1,1.2553,0.016343,-0.2534,0.94974
s1223rtl,4.5e+05,1.25,1.2827,0.016592,-0.25295,0.95226
s1223rtl,4.5e+05,1.5,1.3099,0.016839,-0.25249,0.95481
s1223rtl,4.5e+05,1.75,1.3371,0.017083,-0.25202,0.95728
s1223rtl,4.5e+05,2,1.3641,0.017326,-0.25154,0.95963
s1223rtl,4.5e+05,2.25,1.3908,0.017568,-0.25103,0.96182
s1223rtl,4.5e+05,2.5,1.4174,0.017812,-0.25051,0.96381
s1223rtl,4.5e+05,2.75,1.4439,0.018061,-0.24999,0.96555
s1223rtl,4.5e+05,3,1.4703,0.018317,-0.24949,0.96703
s1223rtl,4.5e+05,3.25,1.4969,0.018583,-0.24901,0.96824
s1223rtl,4.5e+05,3.5,1.5234,0.018858,-0.24858,0.96919
s1223rtl,4.5e+05,3.75,1.55,0.019142,-0.24821,0.96981
s1223rtl,4.5e+05,4,1.5763,0.019434,-0.2479,0.97003
s1223rtl,4.5e+05,4.25,1.6023,0.019732,-0.24764,0.96972
s1223rtl,4.5e+05,4.5,1.6279,0.020028,-0.24736,0.9688
s1223rtl,4.5e+05,4.75,1.6529,0.020303,-0.24697,0.96737
s1223rtl,4.5e+05,5,1.6774,0.020539,-0.24638,0.96583
s1223rtl,4.5e+05,5.25,1.7012,0.020748,-0.24558,0.96472
s1223rtl,4.5e+05,5.5,1.724,0.020968,-0.24461,0.96458
s1223rtl,4.5e+05,5.75,1.746,0.021219,-0.24357,0.96588
s1223rtl,4.5e+05,6,1.7682,0.021504,-0.24257,0.96857
s1223rtl,4.5e+05,6.25,1.7911,0.02182,-0.2417,0.97201
s1223rtl,4.5e+05,6.5,1.8147,0.022158,-0.24091,0.97541
s1223rtl,4.5e+05,6.75,1.8385,0.022507,-0.24011,0.97831
s1223rtl,4.5e+05,7,1.8621,0.022859,-0.23926,0.98058
s1223rtl,4.5e+05,7.25,1.8853,0.02321,-0.23834,0.98229
s1223rtl,4.5e+05,7.5,1.9081,0.02356,-0.23733,0.98357
s1223rtl,4.5e+05,7.75,1.9304,0.023909,-0.23625,0.98453
s1223rtl,4.5e+05,8,1.9522,0.02426,-0.23509,0.98523
s1223rtl,4.5e+05,8.25,1.9735,0.024614,-0.23385,0.98576
s1223rtl,4.5e+05,8.5,1.9944,0.024973,-0.23253,0.98614
s1223rtl,4.5e+05,8.75,2.0147,0.025339,-0.23112,0.9864
s1223rtl,4.5e+05,9,2.0345,0.025715,-0.22962,0.98658
s1223rtl,4.5e+05,9.25,2.0538,0.0261,-0.22804,0.98668
s1223rtl,4.5e+05,9.5,2.0726,0.026499,-0.22638,0.98672
s1223rtl,4.5e+05,9.75,2.0908,0.026911,-0.22463,0.9867
s1223rtl,4.5e+05,10,2.1085,0.027341,-0.2228,0.98665
s1223rtl,4.5e+05,10.25,2.1255,0.027789,-0.22089,0.98656
s1223rtl,4.5e+05,10.5,2.142,0.028258,-0.2189,0.98646
s1223rtl,4.5e+05,10.75,2.1579,0.02875,-0.21684,0.98633
s1223rtl,4.5e+05,11,2.1731,0.029268,-0.21472,0.98621
s1223rtl,4.5e+05,11.25,2.1878,0.029815,-0.21253,0.98608
s1223rtl,4.5e+05,11.5,2.2018,0.030392,-0.21029,0.98596
s1223rtl,4.5e+05,11.75,2.2152,0.031003,-0.208,0.98585
s1223rtl,4.5e+05,12,2.2279,0.031651,-0.20567,0.98576
s1223rtl,4.5e+05,12.25,2.24,0.032336,-0.20329,0.98569
s1223rtl,4.5e+05,12.5,2.2514,0.033061,-0.20088,0.98563
s1223rtl,4.5e+05,12.75,2.2623,0.033825,-0.19843,0.98559
s1223rtl,4.5e+05,13,2.2725,0.034626,-0.19595,0.98556
s1223rtl,4.5e+05,13.25,2.2822,0.03546,-0.19344,0.98553
s1223rtl,4.5e+05,13.5,2.2913,0.036322,-0.1909,0.98548
s1223rtl,4.5e+05,13.75,2.3,0.037202,-0.18834,0.98539
s1223rtl,4.5e+05,14,2.3081,0.038092,-0.18575,0.98525
s1223rtl,4.5e+05,14.25,2.3159,0.038981,-0.18316,0.98502
s1223rtl,4.5e+05,14.5,2.3234,0.039865,-0.18056,0.98469
s1223rtl,4.5e+05,14.75,2.3304,0.040743,-0.178,0.98423
s1223rtl,4.5e+05,15,2.3372,0.041623,-0.17547,0.98362
s1223rtl,4.5e+05,15.25,2.3435,0.042524,-0.17303,0.98285
s1223rtl,4.5e+05,15.5,2.3493,0.043468,-0.17068,0.98189
s1223rtl,4.5e+05,15.75,2.3544,0.044489,-0.16845,0.98074
s1223rtl,4.5e+05,16,2.3586,0.045624,-0.16634,0.97939
s1223rtl,4.5e+05,16.25,2.3617,0.046918,-0.16437,0.97782
s1223rtl,4.5e+05,16.5,2.3634,0.048423,-0.16254,0.97604
s1223rtl,4.5e+05,16.75,2.3634,0.050197,-0.16088,0.97406
s1223rtl,4.5e+05,17,2.3614,0.052311,-0.15941,0.97187
s1223rtl,4.5e+05,17.25,2.3572,0.054839,-0.15819,0.96948
s1223rtl,4.5e+05,17.5,2.3506,0.057861,-0.1573,0.9669
s1223rtl,4.5e+05,17.75,2.3414,0.061453,-0.1568,0.96409
s1223rtl,4.5e+05,18,2.3295,0.065679,-0.15674,0.96104
s1223rtl,4.5e+05,18.25,2.3148,0.07058,-0.15716,0.95767
s1223rtl,4.5e+05,18.5,2.2972,0.076175,-0.15805,0.95392
s1223rtl,4.5e+05,18.75,2.2767,0.082453,-0.15937,0.94975
s1223rtl,4.5e+05,19,2.2535,0.089381,-0.1611,0.94511
s1223rtl,4.5e+05,19.25,2.2281,0.096893,-0.16317,0.93997
s1223rtl,4.5e+05,19.5,2.2009,0.10488,-0.16555,0.93432
s1223rtl,4.5e+05,19.75,2.1728,0.11321,-0.16816,0.9282
s1223rtl,4.5e+05,20,2.1446,0.1217,-0.17096,0.92163
s1223rtl,4.5e+05,20.25,2.1169,0.1302,-0.17389,0.91464
s1223rtl,4.5e+05,20.5,2.0906,0.13853,-0.17691,0.90723
s1223rtl,4.5e+05,20.75,2.0659,0.14659,-0.18,0.89938
s1223rtl,4.5e+05,21,2.0433,0.1543,-0.18313,0.89098
s1223rtl,4.5e+05,21.25,2.0228,0.16161,-0.18629,0.88189
s1223rtl,4.5e+05,21.5,2.0043,0.16854,-0.18948,0.87185
s1223rtl,4.5e+05,21.75,1.9878,0.17512,-0.1927,0.86056
s1223rtl,4.5e+05,22,1.973,0.18141,-0.19596,0.8476
e423,2e+05,-6,0.46401,0.066557,-0.17324,0.76534
e423,2e+05,-5.75,0.474,0.064799,-0.17425,0.76891
e423,2e+05,-5.5,0.48526,0.062982,-0.17545,0.77182
e423,2e+05,-5.25,0.49805,0.061104,-0.17689,0.7737
e423,2e+05,-5,0.51255,0.059167,-0.17862,0.77411
e423,2e+05,-4.75,0.52885,0.057173,-0.18069,0.77249
e423,2e+05,-4.5,0.547,0.055116,-0.18313,0.76806
e423,2e+05,-4.25,0.56703,0.052987,-0.18603,0.75969
e423,2e+05,-4,0.58937,0.050793,-0.18947,0.74583
e423,2e+05,-3.75,0.61618,0.048659,-0.19383,0.72513
e423,2e+05,-3.5,0.65422,0.046864,-0.20018,0.69919
e423,2e+05,-3.25,0.70916,0.044674,-0.21016,0.67879
e423,2e+05,-3,0.75989,0.037856,-0.22301,0.68799
e423,2e+05,-2.75,0.78688,0.02792,-0.23417,0.74691
e423,2e+05,-2.5,0.81784,0.022552,-0.24037,0.82907
e423,2e+05,-2.25,0.85529,0.020482,-0.24321,0.89661
e423,2e+05,-2,0.89148,0.019519,-0.24461,0.93968
e423,2e+05,-1.75,0.92604,0.018997,-0.2453,0.9634
e423,2e+05,-1.5,0.95935,0.018698,-0.24564,0.97532
e423,2e+05,-1.25,0.99115,0.018506,-0.24583,0.9809
e423,2e+05,-1,1.0211,0.018365,-0.24595,0.98315
e423,2e+05,-0.75,1.0494,0.018264,-0.246,0.98357
e423,2e+05,-0.5,1.0763,0.018208,-0.24596,0.98295
e423,2e+05,-0.25,1.1022,0.018192,-0.24582,0.98176
e423,2e+05,0,1.1275,0.018203,-0.24558,0.98032
e423,2e+05,0.25,1.1526,0.01823,-0.24524,0.97884
e423,2e+05,0.5,1.1775,0.01827,-0.24479,0.97749
e423,2e+05,0.75,1.2024,0.018322,-0.24424,0.97633
e423,2e+05,1,1.2273,0.018384,-0.24362,0.97539
e423,2e+05,1.25,1.2521,0.018453,-0.24293,0.97465
e423,2e+05,1.5,1.2768,0.018529,-0.24221,0.97409
e423,2e+05,1.75,1.3011,0.018612,-0.24148,0.97366
e423,2e+05,2,1.325,0.018709,-0.24078,0.97328
e423,2e+05,2.25,1.3488,0.018837,-0.24015,0.97284
e423,2e+05,2.5,1.3724,0.019017,-0.23967,0.97223
e423,2e+05,2.75,1.3964,0.019256,-0.23939,0.97143
e423,2e+05,3,1.421,0.019539,-0.23934,0.97044
e423,2e+05,3.25,1.4467,0.019808,-0.23944,0.9694
e423,2e+05,3.5,1.4732,0.019978,-0.23944,0.96839
e423,2e+05,3.75,1.4992,0.019995,-0.23898,0.96744
e423,2e+05,4,1.5239,0.019929,-0.23804,0.96682
e423,2e+05,4.25,1.5477,0.019923,-0.23701,0.96699
e423,2e+05,4.5,1.5712,0.020042,-0.23613,0.96787
e423,2e+05,4.75,1.5944,0.020268,-0.23537,0.96881
e423,2e+05,5,1.6172,0.020561,-0.23465,0.96934
e423,2e+05,5.25,1.6399,0.020888,-0.23397,0.96938
e423,2e+05,5.5,1.6625,0.021231,-0.23329,0.96904
e423,2e+05,5.75,1.685,0.021581,-0.23258,0.96847
e423,2e+05,6,1.7073,0.021932,-0.23184,0.96778
e423,2e+05,6.25,1.7293,0.022285,-0.23105,0.96705
e423,2e+05,6.5,1.7511,0.022638,-0.23021,0.96631
e423,2e+05,6.75,1.7725,0.022991,-0.22932,0.96557
e423,2e+05,7,1.7936,0.023344,-0.22835,0.96483
e423,2e+05,7.25,1.8144,0.023698,-0.22732,0.96405
e423,2e+05,7.5,1.8347,0.024051,-0.22621,0.96324
e423,2e+05,7.75,1.8545,0.024405,-0.22501,0.96238
e423,2e+05,8,1.8738,0.024758,-0.22372,0.96146
e423,2e+05,8.25,1.8925,0.025111,-0.22231,0.96047
e423,2e+05,8.5,1.9104,0.025464,-0.22077,0.95941
e423,2e+05,8.75,1.9276,0.025818,-0.21909,0.95829
e423,2e+05,9,1.9438,0.026175,-0.21723,0.95711
e423,2e+05,9.25,1.959,0.026536,-0.21519,0.95588
e423,2e+05,9.5,1.973,0.026907,-0.21295,0.95463
e423,2e+05,9.75,1.9857,0.027291,-0.21047,0.95337
e423,2e+05,10,1.9969,0.027695,-0.20775,0.95214
e423,2e+05,10.25,2.0066,0.028128,-0.20478,0.95096
e423,2e+05,10.5,2.0147,0.028601,-0.20157,0.94986
e423,2e+05,10.75,2.021,0.029128,-0.19812,0.94888
e423,2e+05,11,2.0258,0.029724,-0.19449,0.94804
e423,2e+05,11.25,2.029,0.030408,-0.19072,0.94735
e423,2e+05,11.5,2.0307,0.031201,-0.18687,0.94682
e423,2e+05,11.75,2.0312,0.032125,-0.18301,0.94645
e423,2e+05,12,2.0306,0.033202,-0.17922,0.94623
e423,2e+05,12.25,2.029,0.034455,-0.17556,0.94616
e423,2e+05,12.5,2.0267,0.035903,-0.17208,0.94621
e423,2e+05,12.75,2.0237,0.037561,-0.16882,0.94639
e423,2e+05,13,2.0201,0.039436,-0.16579,0.94669
e423,2e+05,13.25,2.0161,0.041531,-0.163,0.94712
e423,2e+05,13.5,2.0116,0.043841,-0.16045,0.94767
e423,2e+05,13.75,2.0067,0.046354,-0.15813,0.94836
e423,2e+05,14,2.0015,0.049058,-0.15602,0.94915
e423,2e+05,14.25,1.9959,0.051938,-0.15409,0.95003
e423,2e+05,14.5,1.9899,0.054987,-0.15231,0.95095
e423,2e+05,14.75,1.9832,0.058204,-0.15066,0.95188
e423,2e+05,15,1.9758,0.061601,-0.14909,0.95277
e423,2e+05,15.25,1.9673,0.065195,-0.14758,0.95359
e423,2e+05,15.5,1.9577,0.069004,-0.14611,0.95429
e423,2e+05,15.75,1.9468,0.07303,-0.14468,0.95489
e423,2e+05,16,1.9349,0.077248,-0.14333,0.95541
e423,2e+05,16.25,1.9225,0.081599,-0.14208,0.95591
e423,2e+05,16.5,1.91,0.086001,-0.14098,0.95645
e423,2e+05,16.75,1.8981,0.090363,-0.14006,0.9571
e423,2e+05,17,1.8871,0.094606,-0.13934,0.9579
e423,2e+05,17.25,1.8775,0.098672,-0.13883,0.95887
e423,2e+05,17.5,1.8694,0.10253,-0.13852,0.95999
e423,2e+05,17.75,1.8627,0.10619,-0.1384,0.96123
e423,2e+05,18,1.8574,0.10965,-0.13842,0.96255
e423,2e+05,18.25,1.8533,0.11294,-0.13859,0.96392
e423,2e+05,18.5,1.8503,0.11609,-0.13885,0.96527
e423,2e+05,18.75,1.8481,0.11913,-0.1392,0.96659
e423,2e+05,19,1.8467,0.12208,-0.13962,0.96783
e423,2e+05,19.25,1.846,0.12497,-0.14008,0.96897
e423,2e+05,19.5,1.8458,0.12782,-0.14057,0.96998
e423,2e+05,19.75,1.8462,0.13063,-0.1411,0.97084
e423,2e+05,20,1.847,0.13342,-0.14163,0.97152
e423,2e+05,20.25,1.8482,0.1362,-0.14218,0.972
e423,2e+05,20.5,1.8498,0.13897,-0.14274,0.97225
e423,2e+05,20.75,1.8518,0.14174,-0.14331,0.97224
e423,2e+05,21,1.854,0.14452,-0.14389,0.97192
e423,2e+05,21.25,1.8565,0.14733,-0.14448,0.97123
e423,2e+05,21.5,1.8591,0.15018,-0.14509,0.9701
e423,2e+05,21.75,1.8618,0.15308,-0.14573,0.96844
e423,2e+05,22,1.8645,0.15605,-0.14639,0.9661
e423,2.5e+05,-6,0.46439,0.064823,-0.17461,0.74427
e423,2.5e+05,-5.75,0.47525,0.062883,-0.17578,0.747
e423,2.5e+05,-5.5,0.48748,0.060866,-0.17717,0.74844
e423,2.5e+05,-5.25,0.50132,0.058765,-0.17882,0.74794
e423,2.5e+05,-5,0.517,0.056576,-0.18082,0.74466
e423,2.5e+05,-4.75,0.5348,0.054299,-0.18323,0.73749
e423,2.5e+05,-4.5,0.55542,0.051986,-0.18618,0.72507
e423,2.5e+05,-4.25,0.5815,0.049862,-0.19004,0.70632
e423,2.5e+05,-4,0.62087,0.048256,-0.19605,0.68365
e423,2.5e+05,-3.75,0.67822,0.045089,-0.20675,0.67228
e423,2.5e+05,-3.5,0.71809,0.033495,-0.22245,0.71114
e423,2.5e+05,-3.25,0.7317,0.022419,-0.23562,0.80802
e423,2.5e+05,-3,0.76986,0.018942,-0.24111,0.89223
e423,2.5e+05,-2.75,0.81117,0.017842,-0.24316,0.94016
e423,2.5e+05,-2.5,0.84744,0.017269,-0.24413,0.96496
e423,2.5e+05,-2.25,0.88115,0.016934,-0.2446,0.97757
e423,2.5e+05,-2,0.91355,0.016734,-0.24484,0.98378
e423,2.5e+05,-1.75,0.94466,0.016587,-0.24502,0.98657
e423,2.5e+05,-1.5,0.97436,0.016444,-0.24523,0.98745
e423,2.5e+05,-1.25,1.0027,0.016292,-0.24544,0.98723
e423,2.5e+05,-1,1.03,0.016147,-0.24561,0.98637
e423,2.5e+05,-0.75,1.0566,0.016034,-0.24568,0.9852
e423,2.5e+05,-0.5,1.0827,0.015965,-0.24562,0.98393
e423,2.5e+05,-0.25,1.1085,0.015932,-0.24545,0.9827
e423,2.5e+05,0,1.134,0.015922,-0.24518,0.98159
e423,2.5e+05,0.25,1.1594,0.015928,-0.24481,0.98063
e423,2.5e+05,0.5,1.1847,0.015948,-0.24435,0.97984
e423,2.5e+05,0.75,1.21,0.01598,-0.24381,0.97918
e423,2.5e+05,1,1.2352,0.016025,-0.2432,0.97863
e423,2.5e+05,1.25,1.2604,0.016079,-0.24255,0.97815
e423,2.5e+05,1.5,1.2853,0.01614,-0.24188,0.97773
e423,2.5e+05,1.75,1.31,0.016209,-0.2412,0.97734
e423,2.5e+05,2,1.3343,0.01629,-0.24055,0.97695
e423,2.5e+05,2.25,1.3583,0.016397,-0.23996,0.97648
e423,2.5e+05,2.5,1.3823,0.016547,-0.23952,0.97588
e423,2.5e+05,2.75,1.4064,0.016751,-0.23927,0.97512
e423,2.5e+05,3,1.4312,0.016998,-0.23926,0.97424
e423,2.5e+05,3.25,1.4571,0.017235,-0.23942,0.97336
e423,2.5e+05,3.5,1.4839,0.017375,-0.23946,0.97254
e423,2.5e+05,3.75,1.5102,0.017358,-0.239,0.97168
e423,2.5e+05,4,1.5351,0.017257,-0.23806,0.97092
e423,2.5e+05,4.25,1.5594,0.017222,-0.2371,0.97077
e423,2.5e+05,4.5,1.5834,0.017317,-0.2363,0.97126
e423,2.5e+05,4.75,1.6069,0.017517,-0.23558,0.97185
e423,2.5e+05,5,1.63,0.017776,-0.2349,0.97211
e423,2.5e+05,5.25,1.6531,0.018063,-0.23424,0.97198
e423,2.5e+05,5.5,1.6759,0.018362,-0.23357,0.97158
e423,2.5e+05,5.75,1.6987,0.018664,-0.23287,0.97107
e423,2.5e+05,6,1.7211,0.018969,-0.23213,0.97056
e423,2.5e+05,6.25,1.7433,0.019275,-0.23133,0.97012
e423,2.5e+05,6.5,1.7652,0.019584,-0.23046,0.96977
e423,2.5e+05,6.75,1.7867,0.019896,-0.22953,0.96951
e423,2.5e+05,7,1.8078,0.020211,-0.22851,0.96931
e423,2.5e+05,7.25,1.8284,0.02053,-0.2274,0.96916
e423,2.5e+05,7.5,1.8484,0.020853,-0.2262,0.96903
e423,2.5e+05,7.75,1.8679,0.021182,-0.22489,0.96889
e423,2.5e+05,8,1.8868,0.021516,-0.22347,0.96874
e423,2.5e+05,8.25,1.9049,0.021855,-0.22191,0.96856
e423,2.5e+05,8.5,1.9222,0.022202,-0.2202,0.96834
e423,2.5e+05,8.75,1.9385,0.022558,-0.21833,0.96808
e423,2.5e+05,9,1.9539,0.022923,-0.21627,0.96778
e423,2.5e+05,9.25,1.9682,0.023302,-0.21402,0.96743
e423,2.5e+05,9.5,1.9812,0.023697,-0.21155,0.96703
e423,2.5e+05,9.75,1.9929,0.024115,-0.20886,0.96659
e423,2.5e+05,10,2.0032,0.024561,-0.20595,0.96612
e423,2.5e+05,10.25,2.012,0.025045,-0.20282,0.96561
e423,2.5e+05,10.5,2.0195,0.025577,-0.19949,0.96508
e423,2.5e+05,10.75,2.0254,0.026171,-0.196,0.96453
e423,2.5e+05,11,2.0301,0.026842,-0.19239,0.96396
e423,2.5e+05,11.25,2.0335,0.027609,-0.18873,0.96338
e423,2.5e+05,11.5,2.0358,0.028493,-0.18507,0.96279
e423,2.5e+05,11.75,2.0371,0.029516,-0.18148,0.9622
e423,2.5e+05,12,2.0376,0.030698,-0.17801,0.96162
e423,2.5e+05,12.25,2.0373,0.032061,-0.17472,0.96105
e423,2.5e+05,12.5,2.0362,0.03362,-0.17162,0.96052
e423,2.5e+05,12.75,2.0346,0.035387,-0.16874,0.96004
e423,2.5e+05,13,2.0323,0.037364,-0.16607,0.95962
e423,2.5e+05,13.25,2.0294,0.039551,-0.16362,0.9593
e423,2.5e+05,13.5,2.026,0.041941,-0.16137,0.95907
e423,2.5e+05,13.75,2.022,0.044526,-0.15931,0.95893
e423,2.5e+05,14,2.0175,0.047298,-0.1574,0.95888
e423,2.5e+05,14.25,2.0121,0.050257,-0.15563,0.95888
e423,2.5e+05,14.5,2.0058,0.05341,-0.15394,0.95889
e423,2.5e+05,14.75,1.9982,0.056776,-0.15231,0.95886
e423,2.5e+05,15,1.9891,0.060379,-0.1507,0.95876
e423,2.5e+05,15.25,1.9784,0.064238,-0.14911,0.95856
e423,2.5e+05,15.5,1.966,0.068354,-0.14754,0.95828
e423,2.5e+05,15.75,1.9524,0.072698,-0.14604,0.95795
e423,2.5e+05,16,1.938,0.077208,-0.14464,0.95766
e423,2.5e+05,16.25,1.9235,0.081803,-0.14341,0.95749
e423,2.5e+05,16.5,1.9094,0.086392,-0.14237,0.9575
e423,2.5e+05,16.75,1.8964,0.090893,-0.14156,0.95776
e423,2.5e+05,17,1.8848,0.095246,-0.14097,0.95827
e423,2.5e+05,17.25,1.8747,0.099412,-0.1406,0.95902
e423,2.5e+05,17.5,1.8662,0.10338,-0.14042,0.95999
e423,2.5e+05,17.75,1.8591,0.10715,-0.1404,0.96112
e423,2.5e+05,18,1.8533,0.11075,-0.14054,0.96237
e423,2.5e+05,18.25,1.8486,0.11419,-0.14079,0.96369
e423,2.5e+05,18.5,1.8449,0.11752,-0.14113,0.96504
e423,2.5e+05,18.75,1.8421,0.12076,-0.14157,0.96637
e423,2.5e+05,19,1.8399,0.12394,-0.14207,0.96765
e423,2.5e+05,19.25,1.8382,0.12708,-0.14263,0.96884
e423,2.5e+05,19.5,1.8371,0.1302,-0.14324,0.96993
e423,2.5e+05,19.75,1.8364,0.13331,-0.14389,0.97088
e423,2.5e+05,20,1.8362,0.13642,-0.14458,0.97167
e423,2.5e+05,20.25,1.8363,0.13953,-0.14529,0.97228
e423,2.5e+05,20.5,1.8368,0.14264,-0.14602,0.97267
e423,2.5e+05,20.75,1.8377,0.14577,-0.14678,0.97281
e423,2.5e+05,21,1.8388,0.1489,-0.14754,0.97266
e423,2.5e+05,21.25,1.8403,0.15205,-0.14833,0.97217
e423,2.5e+05,21.5,1.842,0.15522,-0.14912,0.97128
e423,2.5e+05,21.75,1.844,0.15841,-0.14993,0.96988
e423,2.5e+05,22,1.846,0.16163,-0.15076,0.96787
e423,3.5e+05,-6,0.45292,0.062107,-0.17441,0.67943
e423,3.5e+05,-5.75,0.46346,0.059844,-0.17562,0.67327
e423,3.5e+05,-5.5,0.47646,0.057575,-0.17717,0.6624
e423,3.5e+05,-5.25,0.49438,0.055632,-0.1792,0.64567
e423,3.5e+05,-5,0.52378,0.054509,-0.18246,0.62375
e423,3.5e+05,-4.75,0.57206,0.052151,-0.18948,0.60836
e423,3.5e+05,-4.5,0.61025,0.039134,-0.20454,0.64352
e423,3.5e+05,-4.25,0.5991,0.0227,-0.22448,0.76023
e423,3.5e+05,-4,0.6279,0.01719,-0.23575,0.87133
e423,3.5e+05,-3.75,0.68169,0.01599,-0.23931,0.93209
e423,3.5e+05,-3.5,0.72619,0.015429,-0.24056,0.96055
e423,3.5e+05,-3.25,0.76297,0.01505,-0.24118,0.9742
e423,3.5e+05,-3,0.796,0.014805,-0.24154,0.9813
e423,3.5e+05,-2.75,0.82706,0.014642,-0.24175,0.98505
e423,3.5e+05,-2.5,0.85674,0.014508,-0.24193,0.98682
e423,3.5e+05,-2.25,0.88533,0.01437,-0.2421,0.98731
e423,3.5e+05,-2,0.91309,0.01422,-0.24229,0.98696
e423,3.5e+05,-1.75,0.94034,0.014061,-0.24248,0.98608
e423,3.5e+05,-1.5,0.96731,0.013903,-0.24264,0.98492
e423,3.5e+05,-1.25,0.99408,0.013754,-0.24276,0.98369
e423,3.5e+05,-1,1.0207,0.013627,-0.24279,0.98254
e423,3.5e+05,-0.75,1.0471,0.013532,-0.24271,0.98156
e423,3.5e+05,-0.5,1.0733,0.013473,-0.24253,0.98077
e423,3.5e+05,-0.25,1.0993,0.013442,-0.24225,0.98013
e423,3.5e+05,0,1.1251,0.013428,-0.24191,0.9796
e423,3.5e+05,0.25,1.1508,0.013428,-0.2415,0.97915
e423,3.5e+05,0.5,1.1764,0.013441,-0.24104,0.97874
e423,3.5e+05,0.75,1.202,0.013467,-0.24054,0.97836
e423,3.5e+05,1,1.2276,0.013506,-0.24,0.97797
e423,3.5e+05,1.25,1.2532,0.013556,-0.23943,0.97757
e423,3.5e+05,1.5,1.2786,0.013613,-0.23883,0.97714
e423,3.5e+05,1.75,1.3038,0.013677,-0.23822,0.9767
e423,3.5e+05,2,1.3286,0.013747,-0.23762,0.97624
e423,3.5e+05,2.25,1.3531,0.013829,-0.23705,0.97571
e423,3.5e+05,2.5,1.3773,0.013934,-0.23656,0.97507
e423,3.5e+05,2.75,1.4015,0.014078,-0.23623,0.97428
e423,3.5e+05,3,1.4261,0.014266,-0.23612,0.97333
e423,3.5e+05,3.25,1.4515,0.014471,-0.23622,0.97229
e423,3.5e+05,3.5,1.478,0.014623,-0.23633,0.97121
e423,3.5e+05,3.75,1.5045,0.014634,-0.23603,0.9699
e423,3.5e+05,4,1.5298,0.014519,-0.23516,0.96815
e423,3.5e+05,4.25,1.5544,0.014428,-0.23415,0.96654
e423,3.5e+05,4.5,1.5788,0.014467,-0.23335,0.96568
e423,3.5e+05,4.75,1.6027,0.01462,-0.23262,0.96526
e423,3.5e+05,5,1.626,0.014838,-0.2319,0.96468
e423,3.5e+05,5.25,1.6489,0.015083,-0.23116,0.96374
e423,3.5e+05,5.5,1.6716,0.01534,-0.23041,0.96255
e423,3.5e+05,5.75,1.6941,0.0156,-0.22961,0.96133
e423,3.5e+05,6,1.7162,0.015864,-0.22875,0.96025
e423,3.5e+05,6.25,1.7379,0.016132,-0.22782,0.95943
e423,3.5e+05,6.5,1.7592,0.016404,-0.2268,0.95892
e423,3.5e+05,6.75,1.78,0.016684,-0.22569,0.95868
e423,3.5e+05,7,1.8003,0.016972,-0.22447,0.95868
e423,3.5e+05,7.25,1.8199,0.017269,-0.22315,0.95887
e423,3.5e+05,7.5,1.8389,0.017577,-0.22172,0.95918
e423,3.5e+05,7.75,1.8573,0.017896,-0.22016,0.95957
e423,3.5e+05,8,1.8749,0.018229,-0.21848,0.96
e423,3.5e+05,8.25,1.8917,0.018577,-0.21667,0.96043
e423,3.5e+05,8.5,1.9077,0.018941,-0.21472,0.96085
e423,3.5e+05,8.75,1.9229,0.019323,-0.21262,0.96124
e423,3.5e+05,9,1.9371,0.019728,-0.21038,0.96158
e423,3.5e+05,9.25,1.9504,0.020157,-0.208,0.96187
e423,3.5e+05,9.5,1.9627,0.020616,-0.20548,0.96209
e423,3.5e+05,9.75,1.9741,0.021111,-0.20282,0.96226
e423,3.5e+05,10,1.9844,0.021648,-0.20004,0.96236
e423,3.5e+05,10.25,1.9938,0.022236,-0.19717,0.9624
e423,3.5e+05,10.5,2.0022,0.022887,-0.19422,0.96236
e423,3.5e+05,10.75,2.0096,0.023612,-0.19123,0.96226
e423,3.5e+05,11,2.0162,0.024429,-0.18823,0.9621
e423,3.5e+05,11.25,2.0219,0.025353,-0.18526,0.96187
e423,3.5e+05,11.5,2.0267,0.026402,-0.18234,0.96159
e423,3.5e+05,11.75,2.0307,0.027594,-0.17952,0.96126
e423,3.5e+05,12,2.0338,0.028944,-0.17681,0.9609
e423,3.5e+05,12.25,2.0362,0.030465,-0.17422,0.96053
e423,3.5e+05,12.5,2.0378,0.032164,-0.17177,0.96017
e423,3.5e+05,12.75,2.0386,0.034047,-0.16945,0.95983
e423,3.5e+05,13,2.0385,0.036115,-0.16726,0.95953
e423,3.5e+05,13.25,2.0375,0.038369,-0.16518,0.95926
e423,3.5e+05,13.5,2.0355,0.040815,-0.16321,0.95903
e423,3.5e+05,13.75,2.0323,0.043462,-0.16131,0.9588
e423,3.5e+05,14,2.0277,0.046327,-0.15946,0.95853
e423,3.5e+05,14.25,2.0212,0.049433,-0.15762,0.95818
e423,3.5e+05,14.5,2.0129,0.052802,-0.15577,0.95772
e423,3.5e+05,14.75,2.0025,0.056451,-0.15391,0.95714
e423,3.5e+05,15,1.9901,0.060377,-0.15205,0.95645
e423,3.5e+05,15.25,1.9763,0.064554,-0.15024,0.95572
e423,3.5e+05,15.5,1.9614,0.068936,-0.14853,0.95504
e423,3.5e+05,15.75,1.9461,0.073455,-0.14698,0.95449
e423,3.5e+05,16,1.9311,0.078037,-0.14564,0.95415
e423,3.5e+05,16.25,1.9169,0.082607,-0.14454,0.95409
e423,3.5e+05,16.5,1.9039,0.087098,-0.14367,0.95432
e423,3.5e+05,16.75,1.8923,0.091457,-0.14304,0.95484
e423,3.5e+05,17,1.8822,0.095648,-0.14262,0.95563
e423,3.5e+05,17.25,1.8736,0.099655,-0.14238,0.95665
e423,3.5e+05,17.5,1.8664,0.10348,-0.14231,0.95785
e423,3.5e+05,17.75,1.8605,0.10713,-0.14236,0.95918
e423,3.5e+05,18,1.8557,0.11064,-0.14254,0.96061
e423,3.5e+05,18.25,1.8518,0.11403,-0.14283,0.96207
e423,3.5e+05,18.5,1.8487,0.11733,-0.14321,0.96354
e423,3.5e+05,18.75,1.8463,0.12057,-0.14368,0.96497
e423,3.5e+05,19,1.8445,0.12377,-0.14422,0.96635
e423,3.5e+05,19.25,1.8431,0.12695,-0.14484,0.96763
e423,3.5e+05,19.5,1.8421,0.13012,-0.14554,0.9688
e423,3.5e+05,19.75,1.8415,0.13329,-0.14629,0.96983
e423,3.5e+05,20,1.8412,0.13648,-0.1471,0.97069
e423,3.5e+05,20.25,1.8412,0.13967,-0.14795,0.97138
e423,3.5e+05,20.5,1.8415,0.14288,-0.14886,0.97185
e423,3.5e+05,20.75,1.8421,0.1461,-0.1498,0.97209
e423,3.5e+05,21,1.8429,0.14934,-0.15077,0.97205
e423,3.5e+05,21.25,1.844,0.15259,-0.15176,0.97171
e423,3.5e+05,21.5,1.8454,0.15586,-0.15279,0.97099
e423,3.5e+05,21.75,1.8469,0.15915,-0.15383,0.96983
e423,3.5e+05,22,1.8486,0.16247,-0.15489,0.96812
e423,4.5e+05,-6,0.44521,0.062425,-0.17245,0.57163
e423,4.5e+05,-5.75,0.47537,0.062174,-0.17482,0.54806
e423,4.5e+05,-5.5,0.51225,0.053931,-0.18293,0.55089
e423,4.5e+05,-5.25,0.50069,0.032794,-0.20133,0.6358
e423,4.5e+05,-5,0.47859,0.019549,-0.22147,0.7715
e423,4.5e+05,-4.75,0.5231,0.016076,-0.2322,0.87116
e423,4.5e+05,-4.5,0.58192,0.015147,-0.23619,0.92636
e423,4.5e+05,-4.25,0.62974,0.014592,-0.23762,0.95433
e423,4.5e+05,-4,0.66884,0.014164,-0.23829,0.96848
e423,4.5e+05,-3.75,0.70308,0.013853,-0.23872,0.97614
e423,4.5e+05,-3.5,0.73452,0.013632,-0.23903,0.98063
e423,4.5e+05,-3.25,0.76417,0.013461,-0.23927,0.98329
e423,4.5e+05,-3,0.79259,0.013306,-0.23946,0.98468
e423,4.5e+05,-2.75,0.82017,0.013151,-0.23961,0.98514
e423,4.5e+05,-2.5,0.84723,0.012993,-0.23974,0.98492
e423,4.5e+05,-2.25,0.87403,0.012836,-0.23983,0.98423
e423,4.5e+05,-2,0.9008,0.012686,-0.2399,0.98327
e423,4.5e+05,-1.75,0.92762,0.012546,-0.23993,0.98221
e423,4.5e+05,-1.5,0.95449,0.012419,-0.23995,0.98117
e423,4.5e+05,-1.25,0.98133,0.012303,-0.23992,0.98024
e423,4.5e+05,-1,1.008,0.012205,-0.23983,0.97949
e423,4.5e+05,-0.75,1.0346,0.012129,-0.23966,0.97892
e423,4.5e+05,-0.5,1.0609,0.012081,-0.2394,0.97848
e423,4.5e+05,-0.25,1.087,0.012057,-0.23908,0.97814
e423,4.5e+05,0,1.1129,0.012049,-0.23871,0.97785
e423,4.5e+05,0.25,1.1387,0.012054,-0.2383,0.97758
e423,4.5e+05,0.5,1.1644,0.012071,-0.23785,0.97731
e423,4.5e+05,0.75,1.1901,0.012101,-0.23738,0.97702
e423,4.5e+05,1,1.2158,0.012142,-0.23688,0.9767
e423,4.5e+05,1.25,1.2415,0.012194,-0.23635,0.97633
e423,4.5e+05,1.5,1.267,0.012255,-0.2358,0.97591
e423,4.5e+05,1.75,1.2924,0.012321,-0.23523,0.97544
e423,4.5e+05,2,1.3175,0.01239,-0.23465,0.97492
e423,4.5e+05,2.25,1.3422,0.012464,-0.23406,0.97435
e423,4.5e+05,2.5,1.3666,0.012549,-0.23352,0.97367
e423,4.5e+05,2.75,1.3907,0.012658,-0.23307,0.97283
e423,4.5e+05,3,1.4149,0.012804,-0.2328,0.97178
e423,4.5e+05,3.25,1.4395,0.012984,-0.23274,0.97052
e423,4.5e+05,3.5,1.4651,0.013155,-0.23282,0.96905
e423,4.5e+05,3.75,1.4914,0.013232,-0.23271,0.9672
e423,4.5e+05,4,1.5169,0.013159,-0.23202,0.96451
e423,4.5e+05,4.25,1.5413,0.013036,-0.23093,0.96112
e423,4.5e+05,4.5,1.5657,0.013015,-0.23001,0.95811
e423,4.5e+05,4.75,1.5897,0.013124,-0.22926,0.95594
e423,4.5e+05,5,1.613,0.013316,-0.2285,0.95401
e423,4.5e+05,5.25,1.6357,0.013545,-0.22769,0.95183
e423,4.5e+05,5.5,1.658,0.013788,-0.22685,0.94936
e423,4.5e+05,5.75,1.68,0.014036,-0.22597,0.94687
e423,4.5e+05,6,1.7016,0.014288,-0.22503,0.94464
e423,4.5e+05,6.25,1.7229,0.014546,-0.22401,0.94289
e423,4.5e+05,6.5,1.7437,0.01481,-0.22291,0.94171
e423,4.5e+05,6.75,1.764,0.015082,-0.22171,0.94111
e423,4.5e+05,7,1.7837,0.015365,-0.22042,0.94101
e423,4.5e+05,7.25,1.8029,0.015659,-0.21903,0.94134
e423,4.5e+05,7.5,1.8215,0.015967,-0.21753,0.94197
e423,4.5e+05,7.75,1.8395,0.016289,-0.21594,0.94282
e423,4.5e+05,8,1.8569,0.016628,-0.21424,0.9438
e423,4.5e+05,8.25,1.8736,0.016985,-0.21243,0.94486
e423,4.5e+05,8.5,1.8896,0.017362,-0.21052,0.94593
e423,4.5e+05,8.75,1.9049,0.017764,-0.2085,0.94698
e423,4.5e+05,9,1.9195,0.018192,-0.20638,0.94797
e423,4.5e+05,9.25,1.9333,0.018652,-0.20416,0.94889
e423,4.5e+05,9.5,1.9463,0.019148,-0.20185,0.94972
e423,4.5e+05,9.75,1.9586,0.019686,-0.19946,0.95045
e423,4.5e+05,10,1.97,0.020275,-0.19699,0.95107
e423,4.5e+05,10.25,1.9807,0.020924,-0.19447,0.95158
e423,4.5e+05,10.5,1.9905,0.021643,-0.19191,0.95198
e423,4.5e+05,10.75,1.9995,0.022445,-0.18933,0.95227
e423,4.5e+05,11,2.0078,0.023344,-0.18677,0.95245
e423,4.5e+05,11.25,2.0152,0.024356,-0.18424,0.95253
e423,4.5e+05,11.5,2.0218,0.025494,-0.18177,0.95253
e423,4.5e+05,11.75,2.0275,0.026771,-0.17937,0.95246
e423,4.5e+05,12,2.0324,0.0282,-0.17704,0.95234
e423,4.5e+05,12.25,2.0364,0.029789,-0.17479,0.95219
e423,4.5e+05,12.5,2.0393,0.031544,-0.17261,0.95203
e423,4.5e+05,12.75,2.0412,0.033474,-0.17049,0.95185
e423,4.5e+05,13,2.0418,0.035588,-0.16842,0.95167
e423,4.5e+05,13.25,2.0409,0.037902,-0.16639,0.95144
e423,4.5e+05,13.5,2.0384,0.040435,-0.16437,0.95116
e423,4.5e+05,13.75,2.034,0.043212,-0.16234,0.95076
e423,4.5e+05,14,2.0274,0.046255,-0.16028,0.95024
e423,4.5e+05,14.25,2.0187,0.049579,-0.1582,0.94957
e423,4.5e+05,14.5,2.0079,0.053183,-0.1561,0.94878
e423,4.5e+05,14.75,1.9954,0.057048,-0.15403,0.94795
e423,4.5e+05,15,1.9816,0.061137,-0.15203,0.94715
e423,4.5e+05,15.25,1.967,0.065402,-0.15017,0.9465
e423,4.5e+05,15.5,1.9524,0.069784,-0.1485,0.94607
e423,4.5e+05,15.75,1.9382,0.07422,-0.14706,0.94594
e423,4.5e+05,16,1.9249,0.078647,-0.14586,0.94612
e423,4.5e+05,16.25,1.9127,0.083009,-0.14489,0.94664
e423,4.5e+05,16.5,1.9018,0.087256,-0.14416,0.94748
e423,4.5e+05,16.75,1.8924,0.091352,-0.14362,0.94859
e423,4.5e+05,17,1.8843,0.095278,-0.14325,0.94994
e423,4.5e+05,17.25,1.8776,0.09903,-0.14304,0.95147
e423,4.5e+05,17.5,1.872,0.10262,-0.14296,0.95312
e423,4.5e+05,17.75,1.8675,0.10606,-0.14299,0.95487
e423,4.5e+05,18,1.8639,0.10938,-0.14313,0.95664
e423,4.5e+05,18.25,1.861,0.1126,-0.14338,0.95841
e423,4.5e+05,18.5,1.8587,0.11576,-0.14371,0.96014
e423,4.5e+05,18.75,1.857,0.11887,-0.14414,0.96179
e423,4.5e+05,19,1.8557,0.12195,-0.14465,0.96335
e423,4.5e+05,19.25,1.8547,0.12503,-0.14524,0.96478
e423,4.5e+05,19.5,1.8541,0.12809,-0.14591,0.96607
e423,4.5e+05,19.75,1.8539,0.13117,-0.14665,0.96719
e423,4.5e+05,20,1.8538,0.13425,-0.14745,0.96812
e423,4.5e+05,20.25,1.8541,0.13735,-0.14832,0.96885
e423,4.5e+05,20.5,1.8546,0.14047,-0.14924,0.96935
e423,4.5e+05,20.75,1.8553,0.1436,-0.1502,0.96959
e423,4.5e+05,21,1.8562,0.14674,-0.15122,0.96956
e423,4.5e+05,21.25,1.8573,0.1499,-0.15227,0.9692
e423,4.5e+05,21.5,1.8587,0.15308,-0.15335,0.96845
e423,4.5e+05,21.75,1.8602,0.15628,-0.15447,0.96725
e423,4.5e+05,22,1.8619,0.15949,-0.15562,0.96548
fx74cl5140,2e+05,-6,0.39095,0.073965,-0.13917,0.55979
fx74cl5140,2e+05,-5.75,0.40203,0.072037,-0.14064,0.55861
fx74cl5140,2e+05,-5.5,0.41438,0.070076,-0.14238,0.55701
fx74cl5140,2e+05,-5.25,0.42836,0.068067,-0.14443,0.55472
fx74cl5140,2e+05,-5,0.44432,0.065995,-0.14689,0.5515
fx74cl5140,2e+05,-4.75,0.46258,0.063849,-0.14982,0.54717
fx74cl5140,2e+05,-4.5,0.48335,0.061619,-0.15329,0.54169
fx74cl5140,2e+05,-4.25,0.50677,0.059292,-0.15739,0.53513
fx74cl5140,2e+05,-4,0.533,0.056843,-0.16217,0.52757
fx74cl5140,2e+05,-3.75,0.56233,0.054238,-0.1677,0.51899
fx74cl5140,2e+05,-3.5,0.59516,0.051441,-0.17398,0.50909
fx74cl5140,2e+05,-3.25,0.63177,0.048443,-0.18099,0.49692
fx74cl5140,2e+05,-3,0.67188,0.045315,-0.18859,0.48033
fx74cl5140,2e+05,-2.75,0.71475,0.042244,-0.19654,0.45618
fx74cl5140,2e+05,-2.5,0.76094,0.039524,-0.20472,0.4242
fx74cl5140,2e+05,-2.25,0.81177,0.03729,-0.21298,0.39267
fx74cl5140,2e+05,-2,0.86296,0.035112,-0.22066,0.37282
fx74cl5140,2e+05,-1.75,0.90907,0.032425,-0.227,0.37115
fx74cl5140,2e+05,-1.5,0.95138,0.029272,-0.23192,0.39575
fx74cl5140,2e+05,-1.25,0.99332,0.026336,-0.23548,0.4648
fx74cl5140,2e+05,-1,1.0354,0.024325,-0.2377,0.59525
fx74cl5140,2e+05,-0.75,1.0756,0.023262,-0.23871,0.75411
fx74cl5140,2e+05,-0.5,1.1129,0.022794,-0.23892,0.86977
fx74cl5140,2e+05,-0.25,1.1473,0.022645,-0.23885,0.92788
fx74cl5140,2e+05,0,1.1794,0.022628,-0.23899,0.95344
fx74cl5140,2e+05,0.25,1.2099,0.022612,-0.23967,0.9646
fx74cl5140,2e+05,0.5,1.2395,0.022564,-0.24102,0.96985
fx74cl5140,2e+05,0.75,1.2695,0.022544,-0.24289,0.97353
fx74cl5140,2e+05,1,1.2973,0.021798,-0.24374,0.97301
fx74cl5140,2e+05,1.25,1.321,0.021651,-0.24297,0.96793
fx74cl5140,2e+05,1.5,1.3444,0.023047,-0.24212,0.96608
fx74cl5140,2e+05,1.75,1.3663,0.023712,-0.24142,0.96437
fx74cl5140,2e+05,2,1.3877,0.02366,-0.24112,0.96285
fx74cl5140,2e+05,2.25,1.4084,0.023427,-0.24088,0.96225
fx74cl5140,2e+05,2.5,1.4307,0.023399,-0.24075,0.96229
fx74cl5140,2e+05,2.75,1.4562,0.023678,-0.24093,0.96237
fx74cl5140,2e+05,3,1.4841,0.024184,-0.24131,0.96221
fx74cl5140,2e+05,3.25,1.5128,0.024817,-0.24169,0.96172
fx74cl5140,2e+05,3.5,1.5411,0.025515,-0.24196,0.96088
fx74cl5140,2e+05,3.75,1.5685,0.026242,-0.24209,0.95968
fx74cl5140,2e+05,4,1.5949,0.026984,-0.24206,0.95808
fx74cl5140,2e+05,4.25,1.6202,0.027737,-0.2419,0.95607
fx74cl5140,2e+05,4.5,1.6444,0.028499,-0.24162,0.95362
fx74cl5140,2e+05,4.75,1.6678,0.029273,-0.24124,0.95069
fx74cl5140,2e+05,5,1.6903,0.030062,-0.24077,0.94721
fx74cl5140,2e+05,5.25,1.712,0.030869,-0.24021,0.94308
fx74cl5140,2e+05,5.5,1.733,0.031698,-0.23956,0.93818
fx74cl5140,2e+05,5.75,1.7533,0.032551,-0.23882,0.93236
fx74cl5140,2e+05,6,1.7729,0.03343,-0.23799,0.92543
fx74cl5140,2e+05,6.25,1.7917,0.034336,-0.23706,0.91717
fx74cl5140,2e+05,6.5,1.8097,0.035271,-0.23602,0.90732
fx74cl5140,2e+05,6.75,1.8267,0.036237,-0.23486,0.89561
fx74cl5140,2e+05,7,1.8427,0.037239,-0.23359,0.8817
fx74cl5140,2e+05,7.25,1.8572,0.038289,-0.23219,0.86529
fx74cl5140,2e+05,7.5,1.87,0.039408,-0.23067,0.84602
fx74cl5140,2e+05,7.75,1.8804,0.040641,-0.22904,0.82355
fx74cl5140,2e+05,8,1.8876,0.04206,-0.22733,0.7975
fx74cl5140,2e+05,8.25,1.8904,0.043778,-0.22556,0.76745
fx74cl5140,2e+05,8.5,1.8873,0.045962,-0.22379,0.73296
fx74cl5140,2e+05,8.75,1.8766,0.04884,-0.22205,0.69357
fx74cl5140,2e+05,9,1.8564,0.052696,-0.22039,0.64893
fx74cl5140,2e+05,9.25,1.8255,0.057848,-0.21885,0.59908
fx74cl5140,2e+05,9.5,1.7835,0.064592,-0.21744,0.5448
fx74cl5140,2e+05,9.75,1.7316,0.073085,-0.21612,0.48789
fx74cl5140,2e+05,10,1.6728,0.083214,-0.21486,0.43118
fx74cl5140,2e+05,10.25,1.612,0.094484,-0.21358,0.37802
fx74cl5140,2e+05,10.5,1.5544,0.10605,-0.21224,0.33131
fx74cl5140,2e+05,10.75,1.5049,0.11695,-0.21081,0.2928
fx74cl5140,2e+05,11,1.4666,0.12643,-0.20933,0.2628
fx74cl5140,2e+05,11.25,1.4399,0.13416,-0.20788,0.24053
fx74cl5140,2e+05,11.5,1.4238,0.14028,-0.20654,0.22469
fx74cl5140,2e+05,11.75,1.4159,0.14514,-0.20537,0.21391
fx74cl5140,2e+05,12,1.4141,0.14915,-0.20441,0.20704
fx74cl5140,2e+05,12.25,1.4163,0.15262,-0.20364,0.20312
fx74cl5140,2e+05,12.5,1.4215,0.15572,-0.20302,0.20144
fx74cl5140,2e+05,12.75,1.4286,0.15855,-0.20251,0.2014
fx74cl5140,2e+05,13,1.4373,0.16112,-0.20207,0.20253
fx74cl5140,2e+05,13.25,1.4473,0.16343,-0.20167,0.20446
fx74cl5140,2e+05,13.5,1.4584,0.16546,-0.20128,0.20689
fx74cl5140,2e+05,13.75,1.4704,0.16719,-0.20088,0.20963
fx74cl5140,2e+05,14,1.4834,0.16861,-0.20047,0.2126
fx74cl5140,2e+05,14.25,1.4973,0.16969,-0.20005,0.21581
fx74cl5140,2e+05,14.5,1.5121,0.17045,-0.19962,0.21936
fx74cl5140,2e+05,14.75,1.5278,0.17086,-0.19919,0.22348
fx74cl5140,2e+05,15,1.5443,0.17093,-0.19876,0.22847
fx74cl5140,2e+05,15.25,1.5618,0.17066,-0.19834,0.23474
fx74cl5140,2e+05,15.5,1.5803,0.17006,-0.19793,0.24278
fx74cl5140,2e+05,15.75,1.5996,0.16915,-0.19753,0.25319
fx74cl5140,2e+05,16,1.6198,0.16799,-0.19715,0.26662
fx74cl5140,2e+05,16.25,1.6408,0.16667,-0.1968,0.2838
fx74cl5140,2e+05,16.5,1.6623,0.16527,-0.19649,0.30551
fx74cl5140,2e+05,16.75,1.6839,0.16392,-0.19624,0.33252
fx74cl5140,2e+05,17,1.7055,0.16271,-0.19604,0.36554
fx74cl5140,2e+05,17.25,1.7265,0.16172,-0.19591,0.40506
fx74cl5140,2e+05,17.5,1.7465,0.16104,-0.19584,0.45107
fx74cl5140,2e+05,17.75,1.765,0.16075,-0.19583,0.50277
fx74cl5140,2e+05,18,1.7814,0.16099,-0.1959,0.55833
fx74cl5140,2e+05,18.25,1.7951,0.16189,-0.19607,0.6149
fx74cl5140,2e+05,18.5,1.8055,0.16357,-0.19637,0.66912
fx74cl5140,2e+05,18.75,1.8123,0.16614,-0.19683,0.71798
fx74cl5140,2e+05,19,1.8153,0.16956,-0.1975,0.75953
fx74cl5140,2e+05,19.25,1.815,0.17373,-0.19843,0.79317
fx74cl5140,2e+05,19.5,1.8119,0.17844,-0.19965,0.81941
fx74cl5140,2e+05,19.75,1.8068,0.18345,-0.20119,0.83943
fx74cl5140,2e+05,20,1.8007,0.18856,-0.20305,0.85456
fx74cl5140,2e+05,20.25,1.7942,0.19362,-0.20521,0.86601
fx74cl5140,2e+05,20.5,1.7881,0.19857,-0.20761,0.87469
fx74cl5140,2e+05,20.75,1.7829,0.2034,-0.21021,0.88112
fx74cl5140,2e+05,21,1.7788,0.20813,-0.21293,0.88554
fx74cl5140,2e+05,21.25,1.7759,0.21277,-0.21571,0.88791
fx74cl5140,2e+05,21.5,1.7742,0.21732,-0.21848,0.88807
fx74cl5140,2e+05,21.75,1.7736,0.22177,-0.22121,0.88569
fx74cl5140,2e+05,22,1.7739,0.22614,-0.22386,0.88035
fx74cl5140,2.5e+05,-6,0.39061,0.072198,-0.13925,0.53212
fx74cl5140,2.5e+05,-5.75,0.40181,0.070211,-0.14076,0.52939
fx74cl5140,2.5e+05,-5.5,0.41448,0.068182,-0.14256,0.52615
fx74cl5140,2.5e+05,-5.25,0.42902,0.066093,-0.14472,0.52212
fx74cl5140,2.5e+05,-5,0.44581,0.063929,-0.14732,0.51708
fx74cl5140,2.5e+05,-4.75,0.46514,0.061682,-0.15046,0.51096
fx74cl5140,2.5e+05,-4.5,0.48718,0.059344,-0.15421,0.50385
fx74cl5140,2.5e+05,-4.25,0.51207,0.0569,-0.15863,0.49599
fx74cl5140,2.5e+05,-4,0.53998,0.054326,-0.16381,0.48759
fx74cl5140,2.5e+05,-3.75,0.57129,0.051581,-0.16979,0.47871
fx74cl5140,2.5e+05,-3.5,0.60647,0.04863,-0.17658,0.46895
fx74cl5140,2.5e+05,-3.25,0.64564,0.045489,-0.18408,0.45706
fx74cl5140,2.5e+05,-3,0.68824,0.042273,-0.19205,0.44018
fx74cl5140,2.5e+05,-2.75,0.73399,0.039239,-0.20031,0.41478
fx74cl5140,2.5e+05,-2.5,0.78473,0.036681,-0.20896,0.38306
fx74cl5140,2.5e+05,-2.25,0.83925,0.034465,-0.21772,0.35699
fx74cl5140,2.5e+05,-2,0.88897,0.031858,-0.22537,0.34738
fx74cl5140,2.5e+05,-1.75,0.93176,0.028576,-0.23118,0.36236
fx74cl5140,2.5e+05,-1.5,0.97206,0.025221,-0.23531,0.42028
fx74cl5140,2.5e+05,-1.25,1.0126,0.022642,-0.23791,0.54522
fx74cl5140,2.5e+05,-1,1.0531,0.021128,-0.23914,0.71505
fx74cl5140,2.5e+05,-0.75,1.0918,0.020406,-0.23945,0.84932
fx74cl5140,2.5e+05,-0.5,1.1276,0.020135,-0.23937,0.91952
fx74cl5140,2.5e+05,-0.25,1.1606,0.020074,-0.23938,0.95068
fx74cl5140,2.5e+05,0,1.192,0.020056,-0.23984,0.96416
fx74cl5140,2.5e+05,0.25,1.2226,0.019985,-0.24099,0.96993
fx74cl5140,2.5e+05,0.5,1.253,0.019876,-0.24282,0.97318
fx74cl5140,2.5e+05,0.75,1.285,0.019706,-0.24506,0.97681
fx74cl5140,2.5e+05,1,1.3129,0.018595,-0.24565,0.97535
fx74cl5140,2.5e+05,1.25,1.3391,0.019149,-0.24528,0.97393
fx74cl5140,2.5e+05,1.5,1.3633,0.020229,-0.24469,0.97447
fx74cl5140,2.5e+05,1.75,1.3863,0.020586,-0.24441,0.97431
fx74cl5140,2.5e+05,2,1.4096,0.02049,-0.24459,0.97393
fx74cl5140,2.5e+05,2.25,1.4329,0.0203,-0.2448,0.97402
fx74cl5140,2.5e+05,2.5,1.4567,0.020232,-0.2449,0.97464
fx74cl5140,2.5e+05,2.75,1.4824,0.02035,-0.24506,0.97549
fx74cl5140,2.5e+05,3,1.51,0.020629,-0.24533,0.97631
fx74cl5140,2.5e+05,3.25,1.5387,0.021017,-0.24568,0.97702
fx74cl5140,2.5e+05,3.5,1.5676,0.021471,-0.24602,0.97756
fx74cl5140,2.5e+05,3.75,1.5963,0.021964,-0.24631,0.97792
fx74cl5140,2.5e+05,4,1.6245,0.022479,-0.24654,0.97812
fx74cl5140,2.5e+05,4.25,1.652,0.023008,-0.24669,0.97815
fx74cl5140,2.5e+05,4.5,1.6789,0.023547,-0.24677,0.978
fx74cl5140,2.5e+05,4.75,1.7052,0.024094,-0.24677,0.97768
fx74cl5140,2.5e+05,5,1.7308,0.024648,-0.24671,0.97718
fx74cl5140,2.5e+05,5.25,1.7558,0.02521,-0.24659,0.97649
fx74cl5140,2.5e+05,5.5,1.7804,0.025781,-0.2464,0.97558
fx74cl5140,2.5e+05,5.75,1.8044,0.02636,-0.24616,0.97444
fx74cl5140,2.5e+05,6,1.8279,0.026949,-0.24586,0.97305
fx74cl5140,2.5e+05,6.25,1.851,0.027549,-0.24552,0.97136
fx74cl5140,2.5e+05,6.5,1.8736,0.028158,-0.24512,0.96936
fx74cl5140,2.5e+05,6.75,1.8958,0.028777,-0.24469,0.967
fx74cl5140,2.5e+05,7,1.9176,0.029405,-0.24422,0.96424
fx74cl5140,2.5e+05,7.25,1.9389,0.030041,-0.2437,0.96104
fx74cl5140,2.5e+05,7.5,1.9598,0.030683,-0.24315,0.95736
fx74cl5140,2.5e+05,7.75,1.9804,0.03133,-0.24256,0.95314
fx74cl5140,2.5e+05,8,2.0004,0.031977,-0.24193,0.94832
fx74cl5140,2.5e+05,8.25,2.0201,0.032622,-0.24125,0.94287
fx74cl5140,2.5e+05,8.5,2.0393,0.03326,-0.24052,0.93673
fx74cl5140,2.5e+05,8.75,2.058,0.033887,-0.23972,0.92984
fx74cl5140,2.5e+05,9,2.0762,0.034498,-0.23886,0.92218
fx74cl5140,2.5e+05,9.25,2.0939,0.035085,-0.23792,0.91369
fx74cl5140,2.5e+05,9.5,2.111,0.035645,-0.23688,0.90435
fx74cl5140,2.5e+05,9.75,2.1274,0.03617,-0.23573,0.89409
fx74cl5140,2.5e+05,10,2.143,0.036658,-0.23443,0.88286
fx74cl5140,2.5e+05,10.25,2.1577,0.037106,-0.23296,0.87055
fx74cl5140,2.5e+05,10.5,2.1713,0.037516,-0.23128,0.85701
fx74cl5140,2.5e+05,10.75,2.1835,0.037896,-0.22934,0.84203
fx74cl5140,2.5e+05,11,2.1941,0.038259,-0.22712,0.82537
fx74cl5140,2.5e+05,11.25,2.2027,0.038631,-0.22455,0.80673
fx74cl5140,2.5e+05,11.5,2.2089,0.039045,-0.22164,0.78587
fx74cl5140,2.5e+05,11.75,2.2125,0.039549,-0.21838,0.76265
fx74cl5140,2.5e+05,12,2.2133,0.040204,-0.21483,0.73712
fx74cl5140,2.5e+05,12.25,2.2111,0.041081,-0.21111,0.70961
fx74cl5140,2.5e+05,12.5,2.2061,0.042258,-0.20736,0.68079
fx74cl5140,2.5e+05,12.75,2.1987,0.043813,-0.20377,0.65166
fx74cl5140,2.5e+05,13,2.189,0.045819,-0.20049,0.62339
fx74cl5140,2.5e+05,13.25,2.1774,0.048339,-0.19763,0.59723
fx74cl5140,2.5e+05,13.5,2.164,0.051419,-0.19522,0.57433
fx74cl5140,2.5e+05,13.75,2.1488,0.055091,-0.19325,0.55564
fx74cl5140,2.5e+05,14,2.1316,0.059369,-0.19166,0.54186
fx74cl5140,2.5e+05,14.25,2.1124,0.064245,-0.19038,0.53351
fx74cl5140,2.5e+05,14.5,2.0913,0.069689,-0.18937,0.53094
fx74cl5140,2.5e+05,14.75,2.0685,0.075639,-0.18858,0.53438
fx74cl5140,2.5e+05,15,2.0445,0.081999,-0.188,0.54396
fx74cl5140,2.5e+05,15.25,2.02,0.088635,-0.18761,0.55967
fx74cl5140,2.5e+05,15.5,1.9958,0.095385,-0.18739,0.58127
fx74cl5140,2.5e+05,15.75,1.9729,0.10207,-0.18733,0.60819
fx74cl5140,2.5e+05,16,1.952,0.10854,-0.18742,0.63944
fx74cl5140,2.5e+05,16.25,1.9335,0.11469,-0.18763,0.6736
fx74cl5140,2.5e+05,16.5,1.9175,0.12046,-0.18797,0.70893
fx74cl5140,2.5e+05,16.75,1.9039,0.12588,-0.18844,0.74362
fx74cl5140,2.5e+05,17,1.8923,0.13101,-0.18903,0.77606
fx74cl5140,2.5e+05,17.25,1.8821,0.13594,-0.18977,0.80508
fx74cl5140,2.5e+05,17.5,1.8729,0.14078,-0.19065,0.83007
fx74cl5140,2.5e+05,17.75,1.8642,0.1456,-0.1917,0.8509
fx74cl5140,2.5e+05,18,1.8556,0.15047,-0.19292,0.86786
fx74cl5140,2.5e+05,18.25,1.8469,0.15544,-0.19432,0.88151
fx74cl5140,2.5e+05,18.5,1.838,0.16053,-0.19591,0.89248
fx74cl5140,2.5e+05,18.75,1.8287,0.16576,-0.19768,0.90143
fx74cl5140,2.5e+05,19,1.8193,0.1711,-0.19964,0.90894
fx74cl5140,2.5e+05,19.25,1.8098,0.17651,-0.20178,0.91549
fx74cl5140,2.5e+05,19.5,1.8006,0.18196,-0.20407,0.92135
fx74cl5140,2.5e+05,19.75,1.7921,0.18739,-0.20648,0.92665
fx74cl5140,2.5e+05,20,1.7846,0.19274,-0.20895,0.93136
fx74cl5140,2.5e+05,20.25,1.7785,0.19794,-0.21146,0.93535
fx74cl5140,2.5e+05,20.5,1.7741,0.20294,-0.21394,0.93846
fx74cl5140,2.5e+05,20.75,1.7712,0.20771,-0.21637,0.94054
fx74cl5140,2.5e+05,21,1.7698,0.21223,-0.21872,0.94145
fx74cl5140,2.5e+05,21.25,1.7697,0.21652,-0.22098,0.94106
fx74cl5140,2.5e+05,21.5,1.7706,0.22062,-0.22316,0.93925
fx74cl5140,2.5e+05,21.75,1.7724,0.22457,-0.22527,0.93581
fx74cl5140,2.5e+05,22,1.7747,0.22843,-0.22731,0.93048
fx74cl5140,3.5e+05,-6,0.39212,0.069991,-0.13966,0.50273
fx74cl5140,3.5e+05,-5.75,0.4031,0.06794,-0.14116,0.49963
fx74cl5140,3.5e+05,-5.5,0.41577,0.065825,-0.14297,0.49596
fx74cl5140,3.5e+05,-5.25,0.43061,0.06363,-0.14519,0.49138
fx74cl5140,3.5e+05,-5,0.44802,0.061343,-0.14792,0.48566
fx74cl5140,3.5e+05,-4.75,0.46825,0.058963,-0.15123,0.47885
fx74cl5140,3.5e+05,-4.5,0.49141,0.056489,-0.15523,0.4712
fx74cl5140,3.5e+05,-4.25,0.51761,0.05391,-0.15999,0.46306
fx74cl5140,3.5e+05,-4,0.54717,0.051193,-0.1656,0.45465
fx74cl5140,3.5e+05,-3.75,0.58063,0.048291,-0.17209,0.44589
fx74cl5140,3.5e+05,-3.5,0.61839,0.04517,-0.17942,0.43608
fx74cl5140,3.5e+05,-3.25,0.66001,0.041875,-0.18733,0.42334
fx74cl5140,3.5e+05,-3,0.70436,0.038592,-0.19546,0.40365
fx74cl5140,3.5e+05,-2.75,0.75272,0.035657,-0.20388,0.37297
fx74cl5140,3.5e+05,-2.5,0.80989,0.03328,-0.21352,0.33837
fx74cl5140,3.5e+05,-2.25,0.86734,0.030639,-0.22348,0.31934
fx74cl5140,3.5e+05,-2,0.9122,0.02687,-0.23091,0.33134
fx74cl5140,3.5e+05,-1.75,0.95085,0.023031,-0.23545,0.39357
fx74cl5140,3.5e+05,-1.5,0.98955,0.02017,-0.23792,0.5287
fx74cl5140,3.5e+05,-1.25,1.0291,0.018432,-0.23898,0.70694
fx74cl5140,3.5e+05,-1,1.0678,0.017554,-0.23917,0.84416
fx74cl5140,3.5e+05,-0.75,1.1035,0.0172,-0.23899,0.91576
fx74cl5140,3.5e+05,-0.5,1.136,0.017097,-0.23888,0.94766
fx74cl5140,3.5e+05,-0.25,1.1666,0.017052,-0.23915,0.96116
fx74cl5140,3.5e+05,0,1.1967,0.016979,-0.24,0.96619
fx74cl5140,3.5e+05,0.25,1.2274,0.016885,-0.24142,0.9675
fx74cl5140,3.5e+05,0.5,1.2591,0.016801,-0.2434,0.9691
fx74cl5140,3.5e+05,0.75,1.2934,0.016552,-0.24587,0.97338
fx74cl5140,3.5e+05,1,1.3245,0.015497,-0.24688,0.97204
fx74cl5140,3.5e+05,1.25,1.355,0.016184,-0.24737,0.97282
fx74cl5140,3.5e+05,1.5,1.3816,0.016942,-0.24724,0.97463
fx74cl5140,3.5e+05,1.75,1.4058,0.017225,-0.24707,0.97543
fx74cl5140,3.5e+05,2,1.4302,0.017268,-0.24717,0.97577
fx74cl5140,3.5e+05,2.25,1.4555,0.017247,-0.24746,0.97615
fx74cl5140,3.5e+05,2.5,1.4815,0.017256,-0.24776,0.97673
fx74cl5140,3.5e+05,2.75,1.508,0.017328,-0.248,0.97744
fx74cl5140,3.5e+05,3,1.5351,0.017464,-0.24819,0.9782
fx74cl5140,3.5e+05,3.25,1.5625,0.017654,-0.24836,0.97896
fx74cl5140,3.5e+05,3.5,1.5901,0.017884,-0.24851,0.97969
fx74cl5140,3.5e+05,3.75,1.6177,0.018143,-0.24865,0.98038
fx74cl5140,3.5e+05,4,1.6454,0.018425,-0.24881,0.98103
fx74cl5140,3.5e+05,4.25,1.6729,0.018724,-0.24897,0.98164
fx74cl5140,3.5e+05,4.5,1.7003,0.019037,-0.24914,0.98221
fx74cl5140,3.5e+05,4.75,1.7276,0.019362,-0.24931,0.98272
fx74cl5140,3.5e+05,5,1.7548,0.019697,-0.24949,0.98317
fx74cl5140,3.5e+05,5.25,1.7817,0.020041,-0.24966,0.98356
fx74cl5140,3.5e+05,5.5,1.8083,0.020392,-0.24979,0.98388
fx74cl5140,3.5e+05,5.75,1.8346,0.020749,-0.24989,0.98411
fx74cl5140,3.5e+05,6,1.8605,0.02111,-0.24995,0.98426
fx74cl5140,3.5e+05,6.25,1.8861,0.021475,-0.24995,0.98431
fx74cl5140,3.5e+05,6.5,1.9113,0.021844,-0.2499,0.98426
fx74cl5140,3.5e+05,6.75,1.9361,0.022217,-0.24979,0.98411
fx74cl5140,3.5e+05,7,1.9605,0.022592,-0.24962,0.98385
fx74cl5140,3.5e+05,7.25,1.9845,0.02297,-0.2494,0.98348
fx74cl5140,3.5e+05,7.5,2.0081,0.02335,-0.24913,0.98298
fx74cl5140,3.5e+05,7.75,2.0313,0.023732,-0.24881,0.98237
fx74cl5140,3.5e+05,8,2.0542,0.024115,-0.24844,0.98163
fx74cl5140,3.5e+05,8.25,2.0766,0.024499,-0.24802,0.98076
fx74cl5140,3.5e+05,8.5,2.0986,0.024882,-0.24754,0.97976
fx74cl5140,3.5e+05,8.75,2.1202,0.025262,-0.247,0.97861
fx74cl5140,3.5e+05,9,2.1413,0.025638,-0.24639,0.97732
fx74cl5140,3.5e+05,9.25,2.1619,0.026007,-0.2457,0.97588
fx74cl5140,3.5e+05,9.5,2.182,0.026365,-0.2449,0.97429
fx74cl5140,3.5e+05,9.75,2.2014,0.026709,-0.24398,0.97255
fx74cl5140,3.5e+05,10,2.2201,0.027034,-0.24291,0.97064
fx74cl5140,3.5e+05,10.25,2.238,0.027338,-0.24165,0.96859
fx74cl5140,3.5e+05,10.5,2.2549,0.027619,-0.24016,0.96637
fx74cl5140,3.5e+05,10.75,2.2705,0.027878,-0.23841,0.96399
fx74cl5140,3.5e+05,11,2.2846,0.02812,-0.23635,0.96146
fx74cl5140,3.5e+05,11.25,2.2969,0.02836,-0.23394,0.95877
fx74cl5140,3.5e+05,11.5,2.307,0.028618,-0.23117,0.95593
fx74cl5140,3.5e+05,11.75,2.3146,0.028928,-0.22802,0.95293
fx74cl5140,3.5e+05,12,2.3195,0.029339,-0.22455,0.94978
fx74cl5140,3.5e+05,12.25,2.3212,0.029914,-0.22083,0.94648
fx74cl5140,3.5e+05,12.5,2.3198,0.03073,-0.217,0.94306
fx74cl5140,3.5e+05,12.75,2.3152,0.031877,-0.21319,0.93953
fx74cl5140,3.5e+05,13,2.3073,0.033453,-0.20957,0.93593
fx74cl5140,3.5e+05,13.25,2.2963,0.035562,-0.20624,0.9323
fx74cl5140,3.5e+05,13.5,2.2822,0.038299,-0.20325,0.92867
fx74cl5140,3.5e+05,13.75,2.2648,0.041752,-0.2006,0.92509
fx74cl5140,3.5e+05,14,2.2443,0.045989,-0.19825,0.92159
fx74cl5140,3.5e+05,14.25,2.2207,0.051044,-0.19615,0.91824
fx74cl5140,3.5e+05,14.5,2.1941,0.056913,-0.19425,0.91509
fx74cl5140,3.5e+05,14.75,2.1648,0.06354,-0.19257,0.91224
fx74cl5140,3.5e+05,15,2.1332,0.070817,-0.19113,0.90977
fx74cl5140,3.5e+05,15.25,2.0999,0.078587,-0.18998,0.90779
fx74cl5140,3.5e+05,15.5,2.0657,0.086659,-0.18916,0.90637
fx74cl5140,3.5e+05,15.75,2.0315,0.094825,-0.18869,0.90561
fx74cl5140,3.5e+05,16,1.9982,0.10289,-0.18858,0.90556
fx74cl5140,3.5e+05,16.25,1.9668,0.11069,-0.18882,0.90627
fx74cl5140,3.5e+05,16.5,1.9379,0.11814,-0.18939,0.90779
fx74cl5140,3.5e+05,16.75,1.9121,0.1252,-0.19025,0.91011
fx74cl5140,3.5e+05,17,1.8893,0.13191,-0.19138,0.91318
fx74cl5140,3.5e+05,17.25,1.8692,0.13833,-0.19273,0.91693
fx74cl5140,3.5e+05,17.5,1.8513,0.14456,-0.19429,0.92125
fx74cl5140,3.5e+05,17.75,1.8353,0.15068,-0.19603,0.92599
fx74cl5140,3.5e+05,18,1.8206,0.15674,-0.19795,0.93102
fx74cl5140,3.5e+05,18.25,1.8071,0.16274,-0.20001,0.9362
fx74cl5140,3.5e+05,18.5,1.7949,0.16864,-0.20218,0.94137
fx74cl5140,3.5e+05,18.75,1.7842,0.17439,-0.20442,0.94634
fx74cl5140,3.5e+05,19,1.7754,0.17992,-0.20665,0.95095
fx74cl5140,3.5e+05,19.25,1.7687,0.18515,-0.20886,0.95501
fx74cl5140,3.5e+05,19.5,1.7643,0.19004,-0.21098,0.95842
fx74cl5140,3.5e+05,19.75,1.7619,0.19455,-0.21302,0.9611
fx74cl5140,3.5e+05,20,1.7613,0.19871,-0.21494,0.96304
fx74cl5140,3.5e+05,20.25,1.7622,0.20255,-0.21677,0.96428
fx74cl5140,3.5e+05,20.5,1.7643,0.20615,-0.2185,0.96483
fx74cl5140,3.5e+05,20.75,1.7672,0.20958,-0.22017,0.96471
fx74cl5140,3.5e+05,21,1.7707,0.21292,-0.22178,0.9639
fx74cl5140,3.5e+05,21.25,1.7745,0.21622,-0.22337,0.96237
fx74cl5140,3.5e+05,21.5,1.7786,0.21954,-0.22496,0.96001
fx74cl5140,3.5e+05,21.75,1.7828,0.22292,-0.22656,0.95668
fx74cl5140,3.5e+05,22,1.787,0.22638,-0.2282,0.95213
fx74cl5140,4.5e+05,-6,0.39459,0.068788,-0.1403,0.48263
fx74cl5140,4.5e+05,-5.75,0.40549,0.066686,-0.14181,0.481
fx74cl5140,4.5e+05,-5.5,0.41827,0.064501,-0.14367,0.47871
fx74cl5140,4.5e+05,-5.25,0.43343,0.062217,-0.14596,0.47534
fx74cl5140,4.5e+05,-5,0.45134,0.05983,-0.14879,0.47068
fx74cl5140,4.5e+05,-4.75,0.4722,0.057348,-0.15226,0.46484
fx74cl5140,4.5e+05,-4.5,0.49611,0.054773,-0.15647,0.45812
fx74cl5140,4.5e+05,-4.25,0.52327,0.052092,-0.16151,0.4508
fx74cl5140,4.5e+05,-4,0.55423,0.049259,-0.16747,0.44292
fx74cl5140,4.5e+05,-3.75,0.58963,0.046218,-0.17436,0.43401
fx74cl5140,4.5e+05,-3.5,0.62944,0.04295,-0.18205,0.42279
fx74cl5140,4.5e+05,-3.25,0.67228,0.039553,-0.19011,0.40643
fx74cl5140,4.5e+05,-3,0.71736,0.036301,-0.19821,0.37991
fx74cl5140,4.5e+05,-2.75,0.77062,0.03358,-0.20739,0.34241
fx74cl5140,4.5e+05,-2.5,0.83522,0.03098,-0.21912,0.31291
fx74cl5140,4.5e+05,-2.25,0.88748,0.026686,-0.22946,0.31909
fx74cl5140,4.5e+05,-2,0.92646,0.022011,-0.23529,0.38045
fx74cl5140,4.5e+05,-1.75,0.9644,0.018818,-0.23798,0.51201
fx74cl5140,4.5e+05,-1.5,1.0031,0.016898,-0.23903,0.68808
fx74cl5140,4.5e+05,-1.25,1.0413,0.015878,-0.23922,0.83059
fx74cl5140,4.5e+05,-1,1.077,0.015439,-0.23904,0.90839
fx74cl5140,4.5e+05,-0.75,1.1092,0.015284,-0.23892,0.94375
fx74cl5140,4.5e+05,-0.5,1.1392,0.015209,-0.23911,0.95881
fx74cl5140,4.5e+05,-0.25,1.1683,0.015132,-0.23967,0.96447
fx74cl5140,4.5e+05,0,1.1981,0.015059,-0.24059,0.96547
fx74cl5140,4.5e+05,0.25,1.229,0.015015,-0.24189,0.96449
fx74cl5140,4.5e+05,0.5,1.2613,0.014993,-0.24369,0.96488
fx74cl5140,4.5e+05,0.75,1.2964,0.014789,-0.24617,0.9694
fx74cl5140,4.5e+05,1,1.3295,0.013824,-0.24764,0.96885
fx74cl5140,4.5e+05,1.25,1.3623,0.014303,-0.24866,0.96984
fx74cl5140,4.5e+05,1.5,1.3907,0.014956,-0.24892,0.97216
fx74cl5140,4.5e+05,1.75,1.4154,0.015241,-0.24876,0.97346
fx74cl5140,4.5e+05,2,1.4396,0.015353,-0.24862,0.97424
fx74cl5140,4.5e+05,2.25,1.4646,0.015416,-0.24861,0.97487
fx74cl5140,4.5e+05,2.5,1.4906,0.015487,-0.2487,0.97546
fx74cl5140,4.5e+05,2.75,1.5173,0.015586,-0.24885,0.976
fx74cl5140,4.5e+05,3,1.5443,0.015717,-0.249,0.97647
fx74cl5140,4.5e+05,3.25,1.5716,0.015874,-0.24913,0.97689
fx74cl5140,4.5e+05,3.5,1.5987,0.016051,-0.24923,0.97728
fx74cl5140,4.5e+05,3.75,1.6258,0.016243,-0.24931,0.97765
fx74cl5140,4.5e+05,4,1.6527,0.016448,-0.24936,0.97803
fx74cl5140,4.5e+05,4.25,1.6795,0.016662,-0.24941,0.97842
fx74cl5140,4.5e+05,4.5,1.7061,0.016886,-0.24945,0.97882
fx74cl5140,4.5e+05,4.75,1.7327,0.017119,-0.24951,0.97925
fx74cl5140,4.5e+05,5,1.7593,0.017361,-0.24958,0.9797
fx74cl5140,4.5e+05,5.25,1.7859,0.017612,-0.24968,0.98016
fx74cl5140,4.5e+05,5.5,1.8125,0.017871,-0.2498,0.98062
fx74cl5140,4.5e+05,5.75,1.839,0.018138,-0.24992,0.98107
fx74cl5140,4.5e+05,6,1.8653,0.01841,-0.25003,0.9815
fx74cl5140,4.5e+05,6.25,1.8915,0.018687,-0.25011,0.98189
fx74cl5140,4.5e+05,6.5,1.9173,0.018968,-0.25016,0.98223
fx74cl5140,4.5e+05,6.75,1.9428,0.019251,-0.25015,0.98251
fx74cl5140,4.5e+05,7,1.968,0.019537,-0.25009,0.98272
fx74cl5140,4.5e+05,7.25,1.9927,0.019824,-0.24996,0.98286
fx74cl5140,4.5e+05,7.5,2.0171,0.020113,-0.24978,0.98292
fx74cl5140,4.5e+05,7.75,2.0411,0.020404,-0.24952,0.9829
fx74cl5140,4.5e+05,8,2.0646,0.020697,-0.2492,0.98279
fx74cl5140,4.5e+05,8.25,2.0877,0.020991,-0.24881,0.9826
fx74cl5140,4.5e+05,8.5,2.1103,0.021288,-0.24835,0.98232
fx74cl5140,4.5e+05,8.75,2.1324,0.021586,-0.24781,0.98196
fx74cl5140,4.5e+05,9,2.154,0.021886,-0.24717,0.98151
fx74cl5140,4.5e+05,9.25,2.175,0.022186,-0.24642,0.98098
fx74cl5140,4.5e+05,9.5,2.1952,0.022487,-0.24553,0.98036
fx74cl5140,4.5e+05,9.75,2.2147,0.022786,-0.24449,0.97964
fx74cl5140,4.5e+05,10,2.2332,0.023083,-0.24324,0.97883
fx74cl5140,4.5e+05,10.25,2.2506,0.023379,-0.24176,0.97791
fx74cl5140,4.5e+05,10.5,2.2667,0.023674,-0.23999,0.97687
fx74cl5140,4.5e+05,10.75,2.2811,0.023976,-0.2379,0.9757
fx74cl5140,4.5e+05,11,2.2937,0.024294,-0.23545,0.97438
fx74cl5140,4.5e+05,11.25,2.3041,0.02465,-0.23263,0.97289
fx74cl5140,4.5e+05,11.5,2.3121,0.025074,-0.22945,0.97121
fx74cl5140,4.5e+05,11.75,2.3173,0.025611,-0.22597,0.96931
fx74cl5140,4.5e+05,12,2.3196,0.026321,-0.22228,0.96717
fx74cl5140,4.5e+05,12.25,2.3188,0.027281,-0.21851,0.96478
fx74cl5140,4.5e+05,12.5,2.3147,0.028583,-0.21481,0.96213
fx74cl5140,4.5e+05,12.75,2.3072,0.030325,-0.21131,0.95921
fx74cl5140,4.5e+05,13,2.2963,0.032613,-0.20808,0.95603
fx74cl5140,4.5e+05,13.25,2.2818,0.035548,-0.20516,0.9526
fx74cl5140,4.5e+05,13.5,2.2637,0.039219,-0.20252,0.94894
fx74cl5140,4.5e+05,13.75,2.2419,0.043697,-0.20012,0.94506
fx74cl5140,4.5e+05,14,2.2166,0.049018,-0.19793,0.94101
fx74cl5140,4.5e+05,14.25,2.1879,0.055178,-0.19594,0.93684
fx74cl5140,4.5e+05,14.5,2.1561,0.062129,-0.19416,0.93264
fx74cl5140,4.5e+05,14.75,2.1218,0.069768,-0.19266,0.92855
fx74cl5140,4.5e+05,15,2.0856,0.077944,-0.19148,0.92476
fx74cl5140,4.5e+05,15.25,2.0484,0.086457,-0.19065,0.92147
fx74cl5140,4.5e+05,15.5,2.0112,0.095076,-0.19018,0.91892
fx74cl5140,4.5e+05,15.75,1.9752,0.10358,-0.19007,0.91733
fx74cl5140,4.5e+05,16,1.9414,0.11178,-0.19029,0.91688
fx74cl5140,4.5e+05,16.25,1.9106,0.11959,-0.19083,0.91765
fx74cl5140,4.5e+05,16.5,1.8829,0.12701,-0.19168,0.91962
fx74cl5140,4.5e+05,16.75,1.8584,0.13408,-0.19282,0.92268
fx74cl5140,4.5e+05,17,1.8368,0.14086,-0.19424,0.92662
fx74cl5140,4.5e+05,17.25,1.8178,0.14739,-0.19591,0.93119
fx74cl5140,4.5e+05,17.5,1.8012,0.15367,-0.19778,0.93613
fx74cl5140,4.5e+05,17.75,1.7869,0.15969,-0.19981,0.94119
fx74cl5140,4.5e+05,18,1.775,0.1654,-0.2019,0.94614
fx74cl5140,4.5e+05,18.25,1.7657,0.17079,-0.20401,0.95077
fx74cl5140,4.5e+05,18.5,1.759,0.17582,-0.20608,0.95491
fx74cl5140,4.5e+05,18.75,1.7548,0.18045,-0.20807,0.95846
fx74cl5140,4.5e+05,19,1.7528,0.18469,-0.20996,0.96139
fx74cl5140,4.5e+05,19.25,1.7528,0.18857,-0.21174,0.9637
fx74cl5140,4.5e+05,19.5,1.7543,0.19214,-0.21341,0.96543
fx74cl5140,4.5e+05,19.75,1.757,0.19546,-0.21499,0.96664
fx74cl5140,4.5e+05,20,1.7605,0.19863,-0.21649,0.96735
fx74cl5140,4.5e+05,20.25,1.7647,0.2017,-0.21794,0.96759
fx74cl5140,4.5e+05,20.5,1.7693,0.20474,-0.21936,0.96737
fx74cl5140,4.5e+05,20.75,1.7741,0.20779,-0.22076,0.96667
fx74cl5140,4.5e+05,21,1.7791,0.21089,-0.22217,0.96545
fx74cl5140,4.5e+05,21.25,1.7841,0.21406,-0.2236,0.96363
fx74cl5140,4.5e+05,21.5,1.7891,0.21732,-0.22507,0.9611
fx74cl5140,4.5e+05,21.75,1.7941,0.22068,-0.22658,0.95769
fx74cl5140,4.5e+05,22,1.7989,0.22413,-0.22814,0.95318
ch10sm,2e+05,-6,0.40822,0.0692,-0.17376,0.59285
ch10sm,2e+05,-5.75,0.41645,0.06741,-0.17446,0.58612
ch10sm,2e+05,-5.5,0.42609,0.065583,-0.17541,0.57816
ch10sm,2e+05,-5.25,0.43761,0.063709,-0.17671,0.56868
ch10sm,2e+05,-5,0.45141,0.061782,-0.17846,0.5574
ch10sm,2e+05,-4.75,0.46779,0.059797,-0.18074,0.54407
ch10sm,2e+05,-4.5,0.48692,0.057744,-0.18367,0.52829
ch10sm,2e+05,-4.25,0.50898,0.055592,-0.18732,0.50945
ch10sm,2e+05,-4,0.53428,0.053291,-0.19184,0.48655
ch10sm,2e+05,-3.75,0.56377,0.050799,-0.19747,0.4584
ch10sm,2e+05,-3.5,0.60032,0.048178,-0.20482,0.4246
ch10sm,2e+05,-3.25,0.65111,0.045668,-0.21512,0.38852
ch10sm,2e+05,-3,0.72143,0.043068,-0.22949,0.36037
ch10sm,2e+05,-2.75,0.79321,0.038425,-0.24564,0.35456
ch10sm,2e+05,-2.5,0.84539,0.031513,-0.25861,0.38446
ch10sm,2e+05,-2.25,0.88949,0.026252,-0.26652,0.45768
ch10sm,2e+05,-2,0.93394,0.023587,-0.27075,0.57361
ch10sm,2e+05,-1.75,0.97628,0.022314,-0.27297,0.70974
ch10sm,2e+05,-1.5,1.0157,0.021701,-0.27407,0.82065
ch10sm,2e+05,-1.25,1.0521,0.021438,-0.2746,0.88536
ch10sm,2e+05,-1,1.0856,0.021343,-0.27495,0.91578
ch10sm,2e+05,-0.75,1.1164,0.021303,-0.2753,0.92717
ch10sm,2e+05,-0.5,1.1452,0.021261,-0.27568,0.92808
ch10sm,2e+05,-0.25,1.1728,0.021198,-0.2761,0.92267
ch10sm,2e+05,0,1.1998,0.021116,-0.27656,0.91357
ch10sm,2e+05,0.25,1.2266,0.021021,-0.27709,0.90323
ch10sm,2e+05,0.5,1.2532,0.020921,-0.2777,0.89414
ch10sm,2e+05,0.75,1.2793,0.020817,-0.27837,0.88883
ch10sm,2e+05,1,1.3051,0.020693,-0.27906,0.88797
ch10sm,2e+05,1.25,1.3319,0.020546,-0.2797,0.88614
ch10sm,2e+05,1.5,1.3603,0.020487,-0.2802,0.87901
ch10sm,2e+05,1.75,1.3898,0.020555,-0.28038,0.87115
ch10sm,2e+05,2,1.4169,0.020671,-0.27994,0.8673
ch10sm,2e+05,2.25,1.4396,0.020806,-0.27884,0.87096
ch10sm,2e+05,2.5,1.4624,0.020975,-0.27797,0.88107
ch10sm,2e+05,2.75,1.4874,0.021176,-0.27765,0.8922
ch10sm,2e+05,3,1.5133,0.021382,-0.2775,0.90102
ch10sm,2e+05,3.25,1.5389,0.021584,-0.27733,0.90738
ch10sm,2e+05,3.5,1.5643,0.021784,-0.27709,0.91207
ch10sm,2e+05,3.75,1.5894,0.021984,-0.27679,0.91577
ch10sm,2e+05,4,1.6142,0.022185,-0.27644,0.91886
ch10sm,2e+05,4.25,1.6387,0.022386,-0.27604,0.92154
ch10sm,2e+05,4.5,1.6629,0.022589,-0.27557,0.92387
ch10sm,2e+05,4.75,1.6868,0.022794,-0.27504,0.92587
ch10sm,2e+05,5,1.7102,0.023004,-0.27444,0.92751
ch10sm,2e+05,5.25,1.7333,0.02322,-0.27378,0.92879
ch10sm,2e+05,5.5,1.7559,0.023445,-0.27304,0.9297
ch10sm,2e+05,5.75,1.778,0.023681,-0.27224,0.93022
ch10sm,2e+05,6,1.7996,0.02393,-0.27135,0.93036
ch10sm,2e+05,6.25,1.8205,0.024193,-0.27038,0.93012
ch10sm,2e+05,6.5,1.8409,0.024473,-0.26932,0.92952
ch10sm,2e+05,6.75,1.8605,0.02477,-0.26815,0.92858
ch10sm,2e+05,7,1.8794,0.025086,-0.26688,0.92731
ch10sm,2e+05,7.25,1.8974,0.025422,-0.26549,0.92576
ch10sm,2e+05,7.5,1.9146,0.02578,-0.26397,0.92395
ch10sm,2e+05,7.75,1.9309,0.02616,-0.26232,0.92192
ch10sm,2e+05,8,1.9462,0.026565,-0.26054,0.91973
ch10sm,2e+05,8.25,1.9605,0.026996,-0.2586,0.91742
ch10sm,2e+05,8.5,1.9739,0.027456,-0.25653,0.91506
ch10sm,2e+05,8.75,1.9862,0.027948,-0.25431,0.91272
ch10sm,2e+05,9,1.9976,0.028474,-0.25196,0.91046
ch10sm,2e+05,9.25,2.008,0.029039,-0.24948,0.90836
ch10sm,2e+05,9.5,2.0174,0.029647,-0.24688,0.9065
ch10sm,2e+05,9.75,2.0259,0.030303,-0.24418,0.90496
ch10sm,2e+05,10,2.0336,0.031014,-0.2414,0.90382
ch10sm,2e+05,10.25,2.0404,0.031786,-0.23856,0.90313
ch10sm,2e+05,10.5,2.0463,0.032629,-0.23566,0.90295
ch10sm,2e+05,10.75,2.0515,0.033552,-0.23272,0.90332
ch10sm,2e+05,11,2.0558,0.034569,-0.22974,0.90423
ch10sm,2e+05,11.25,2.0592,0.035693,-0.22674,0.90568
ch10sm,2e+05,11.5,2.0616,0.036942,-0.22371,0.90762
ch10sm,2e+05,11.75,2.0628,0.038336,-0.22064,0.90996
ch10sm,2e+05,12,2.0628,0.039897,-0.21752,0.9126
ch10sm,2e+05,12.25,2.0613,0.041649,-0.21435,0.9154
ch10sm,2e+05,12.5,2.0582,0.043617,-0.21113,0.91819
ch10sm,2e+05,12.75,2.0535,0.045826,-0.20787,0.92084
ch10sm,2e+05,13,2.0472,0.048294,-0.20459,0.92322
ch10sm,2e+05,13.25,2.0393,0.051032,-0.20134,0.92524
ch10sm,2e+05,13.5,2.03,0.054036,-0.19816,0.92688
ch10sm,2e+05,13.75,2.0196,0.057288,-0.19511,0.92818
ch10sm,2e+05,14,2.0083,0.06075,-0.19222,0.9292
ch10sm,2e+05,14.25,1.9964,0.064375,-0.18954,0.93002
ch10sm,2e+05,14.5,1.9843,0.068113,-0.1871,0.93072
ch10sm,2e+05,14.75,1.9719,0.071929,-0.18489,0.93134
ch10sm,2e+05,15,1.9594,0.075818,-0.18291,0.93189
ch10sm,2e+05,15.25,1.9464,0.079812,-0.18114,0.93238
ch10sm,2e+05,15.5,1.9326,0.083989,-0.17954,0.93285
ch10sm,2e+05,15.75,1.9174,0.088473,-0.17805,0.93334
ch10sm,2e+05,16,1.8998,0.093422,-0.17665,0.93397
ch10sm,2e+05,16.25,1.8795,0.098982,-0.1753,0.93488
ch10sm,2e+05,16.5,1.8562,0.10522,-0.17405,0.93625
ch10sm,2e+05,16.75,1.8309,0.11201,-0.17302,0.93826
ch10sm,2e+05,17,1.8049,0.11908,-0.17237,0.94102
ch10sm,2e+05,17.25,1.7803,0.12605,-0.1722,0.94447
ch10sm,2e+05,17.5,1.7587,0.13261,-0.17251,0.94838
ch10sm,2e+05,17.75,1.741,0.13862,-0.17321,0.95235
ch10sm,2e+05,18,1.7273,0.1441,-0.17415,0.95601
ch10sm,2e+05,18.25,1.7172,0.14911,-0.1752,0.95909
ch10sm,2e+05,18.5,1.7101,0.15372,-0.17627,0.96148
ch10sm,2e+05,18.75,1.7055,0.15796,-0.17728,0.96315
ch10sm,2e+05,19,1.703,0.16182,-0.17819,0.96416
ch10sm,2e+05,19.25,1.7021,0.16528,-0.17898,0.96455
ch10sm,2e+05,19.5,1.7027,0.1683,-0.17963,0.96436
ch10sm,2e+05,19.75,1.7046,0.17083,-0.18011,0.96361
ch10sm,2e+05,20,1.7077,0.17288,-0.18045,0.96226
ch10sm,2e+05,20.25,1.7119,0.17446,-0.18063,0.96028
ch10sm,2e+05,20.5,1.717,0.17563,-0.18068,0.95755
ch10sm,2e+05,20.75,1.7229,0.17645,-0.18061,0.95395
ch10sm,2e+05,21,1.7295,0.17702,-0.18047,0.94929
ch10sm,2e+05,21.25,1.7365,0.17744,-0.18029,0.9433
ch10sm,2e+05,21.5,1.7439,0.17778,-0.18008,0.93564
ch10sm,2e+05,21.75,1.7515,0.17813,-0.17989,0.92582
ch10sm,2e+05,22,1.7592,0.17853,-0.17974,0.91318
ch10sm,2.5e+05,-6,0.42637,0.06538,-0.17835,0.6418
ch10sm,2.5e+05,-5.75,0.43877,0.063285,-0.17994,0.64272
ch10sm,2.5e+05,-5.5,0.45284,0.061149,-0.18184,0.64261
ch10sm,2.5e+05,-5.25,0.46891,0.058967,-0.18414,0.6411
ch10sm,2.5e+05,-5,0.48725,0.056734,-0.18693,0.6378
ch10sm,2.5e+05,-4.75,0.50811,0.054436,-0.1903,0.63221
ch10sm,2.5e+05,-4.5,0.5318,0.052043,-0.19438,0.62356
ch10sm,2.5e+05,-4.25,0.55898,0.049516,-0.19935,0.61073
ch10sm,2.5e+05,-4,0.59119,0.046861,-0.20554,0.59252
ch10sm,2.5e+05,-3.75,0.63288,0.044231,-0.21375,0.5691
ch10sm,2.5e+05,-3.5,0.69284,0.041773,-0.22568,0.54629
ch10sm,2.5e+05,-3.25,0.76911,0.038069,-0.24241,0.54038
ch10sm,2.5e+05,-3,0.83052,0.030512,-0.25978,0.57557
ch10sm,2.5e+05,-2.75,0.87389,0.023512,-0.27134,0.65854
ch10sm,2.5e+05,-2.5,0.91867,0.020284,-0.27684,0.76099
ch10sm,2.5e+05,-2.25,0.96106,0.018885,-0.27934,0.85287
ch10sm,2.5e+05,-2,0.99981,0.01817,-0.28051,0.91605
ch10sm,2.5e+05,-1.75,1.036,0.0178,-0.28103,0.95013
ch10sm,2.5e+05,-1.5,1.0698,0.017614,-0.28135,0.96588
ch10sm,2.5e+05,-1.25,1.1012,0.017502,-0.28171,0.97224
ch10sm,2.5e+05,-1,1.1308,0.017394,-0.28217,0.97378
ch10sm,2.5e+05,-0.75,1.1592,0.017264,-0.28272,0.97253
ch10sm,2.5e+05,-0.5,1.1869,0.017116,-0.28331,0.9696
ch10sm,2.5e+05,-0.25,1.2145,0.016974,-0.28387,0.96579
ch10sm,2.5e+05,0,1.2423,0.016856,-0.2844,0.96181
ch10sm,2.5e+05,0.25,1.2702,0.016766,-0.28496,0.95833
ch10sm,2.5e+05,0.5,1.2979,0.016693,-0.28558,0.95607
ch10sm,2.5e+05,0.75,1.3248,0.016609,-0.28625,0.95574
ch10sm,2.5e+05,1,1.3516,0.016478,-0.2869,0.95649
ch10sm,2.5e+05,1.25,1.3791,0.016357,-0.28747,0.95568
ch10sm,2.5e+05,1.5,1.4079,0.01633,-0.28787,0.95326
ch10sm,2.5e+05,1.75,1.4368,0.016346,-0.28789,0.95124
ch10sm,2.5e+05,2,1.4623,0.016379,-0.2873,0.95108
ch10sm,2.5e+05,2.25,1.4844,0.016454,-0.28625,0.95375
ch10sm,2.5e+05,2.5,1.5075,0.016591,-0.28555,0.95835
ch10sm,2.5e+05,2.75,1.5326,0.016772,-0.2853,0.96286
ch10sm,2.5e+05,3,1.5584,0.016967,-0.28519,0.96628
ch10sm,2.5e+05,3.25,1.5841,0.017162,-0.28506,0.9687
ch10sm,2.5e+05,3.5,1.6095,0.017359,-0.28489,0.97047
ch10sm,2.5e+05,3.75,1.6346,0.017557,-0.28467,0.97185
ch10sm,2.5e+05,4,1.6595,0.017759,-0.28439,0.97299
ch10sm,2.5e+05,4.25,1.6841,0.017965,-0.28406,0.97398
ch10sm,2.5e+05,4.5,1.7083,0.018175,-0.28368,0.97484
ch10sm,2.5e+05,4.75,1.7323,0.01839,-0.28323,0.97558
ch10sm,2.5e+05,5,1.7559,0.018611,-0.28273,0.97619
ch10sm,2.5e+05,5.25,1.7792,0.018839,-0.28216,0.97667
ch10sm,2.5e+05,5.5,1.8021,0.019074,-0.28152,0.97702
ch10sm,2.5e+05,5.75,1.8246,0.019319,-0.28081,0.97724
ch10sm,2.5e+05,6,1.8466,0.019574,-0.28002,0.97732
ch10sm,2.5e+05,6.25,1.8681,0.019841,-0.27914,0.97727
ch10sm,2.5e+05,6.5,1.8891,0.02012,-0.27817,0.97709
ch10sm,2.5e+05,6.75,1.9094,0.020413,-0.27707,0.97679
ch10sm,2.5e+05,7,1.9289,0.020721,-0.27585,0.97636
ch10sm,2.5e+05,7.25,1.9476,0.021046,-0.27449,0.97582
ch10sm,2.5e+05,7.5,1.9654,0.02139,-0.27295,0.97516
ch10sm,2.5e+05,7.75,1.9821,0.021756,-0.27124,0.97441
ch10sm,2.5e+05,8,1.9976,0.022145,-0.26933,0.97356
ch10sm,2.5e+05,8.25,2.0119,0.022561,-0.26721,0.97263
ch10sm,2.5e+05,8.5,2.0249,0.023009,-0.26488,0.97163
ch10sm,2.5e+05,8.75,2.0366,0.023493,-0.26233,0.97057
ch10sm,2.5e+05,9,2.0469,0.024017,-0.25957,0.96947
ch10sm,2.5e+05,9.25,2.0559,0.02459,-0.25662,0.96834
ch10sm,2.5e+05,9.5,2.0635,0.025217,-0.25349,0.9672
ch10sm,2.5e+05,9.75,2.0699,0.025906,-0.25021,0.96607
ch10sm,2.5e+05,10,2.0752,0.026669,-0.24682,0.96497
ch10sm,2.5e+05,10.25,2.0794,0.027515,-0.24334,0.96391
ch10sm,2.5e+05,10.5,2.0826,0.028458,-0.23981,0.96289
ch10sm,2.5e+05,10.75,2.0848,0.029513,-0.23625,0.96192
ch10sm,2.5e+05,11,2.0861,0.030697,-0.23268,0.96101
ch10sm,2.5e+05,11.25,2.0863,0.032031,-0.22909,0.96013
ch10sm,2.5e+05,11.5,2.0854,0.033535,-0.22551,0.95928
ch10sm,2.5e+05,11.75,2.0833,0.035231,-0.22193,0.95844
ch10sm,2.5e+05,12,2.0799,0.03714,-0.21835,0.95757
ch10sm,2.5e+05,12.25,2.0753,0.039284,-0.21478,0.95666
ch10sm,2.5e+05,12.5,2.0693,0.041678,-0.21124,0.95569
ch10sm,2.5e+05,12.75,2.0621,0.044329,-0.20776,0.95466
ch10sm,2.5e+05,13,2.0537,0.047237,-0.20438,0.95358
ch10sm,2.5e+05,13.25,2.0444,0.050386,-0.20113,0.95249
ch10sm,2.5e+05,13.5,2.0342,0.053748,-0.19807,0.95144
ch10sm,2.5e+05,13.75,2.0234,0.057279,-0.1952,0.95047
ch10sm,2.5e+05,14,2.012,0.060932,-0.19256,0.94963
ch10sm,2.5e+05,14.25,2.0001,0.064669,-0.19013,0.94892
ch10sm,2.5e+05,14.5,1.9877,0.068472,-0.18788,0.94832
ch10sm,2.5e+05,14.75,1.9746,0.072362,-0.1858,0.94781
ch10sm,2.5e+05,15,1.9605,0.076404,-0.18385,0.94734
ch10sm,2.5e+05,15.25,1.9449,0.080706,-0.18198,0.94693
ch10sm,2.5e+05,15.5,1.927,0.085416,-0.18015,0.94661
ch10sm,2.5e+05,15.75,1.9064,0.090681,-0.17836,0.94646
ch10sm,2.5e+05,16,1.8828,0.09659,-0.17663,0.94664
ch10sm,2.5e+05,16.25,1.8568,0.10308,-0.17506,0.94731
ch10sm,2.5e+05,16.5,1.8298,0.10991,-0.17382,0.94865
ch10sm,2.5e+05,16.75,1.8039,0.11673,-0.17305,0.95073
ch10sm,2.5e+05,17,1.7809,0.12321,-0.17281,0.95346
ch10sm,2.5e+05,17.25,1.7617,0.1292,-0.17304,0.95655
ch10sm,2.5e+05,17.5,1.7465,0.13469,-0.17361,0.95964
ch10sm,2.5e+05,17.75,1.7349,0.13977,-0.17439,0.96247
ch10sm,2.5e+05,18,1.7263,0.14455,-0.17527,0.96486
ch10sm,2.5e+05,18.25,1.72,0.14908,-0.17619,0.96676
ch10sm,2.5e+05,18.5,1.7155,0.15342,-0.1771,0.9682
ch10sm,2.5e+05,18.75,1.7125,0.15757,-0.17798,0.96924
ch10sm,2.5e+05,19,1.7105,0.16149,-0.17883,0.96992
ch10sm,2.5e+05,19.25,1.7096,0.16516,-0.17963,0.97029
ch10sm,2.5e+05,19.5,1.7097,0.16851,-0.18036,0.97036
ch10sm,2.5e+05,19.75,1.7107,0.17152,-0.18102,0.97013
ch10sm,2.5e+05,20,1.7126,0.17413,-0.18159,0.96957
ch10sm,2.5e+05,20.25,1.7154,0.17634,-0.18206,0.96863
ch10sm,2.5e+05,20.5,1.7191,0.17817,-0.18243,0.96725
ch10sm,2.5e+05,20.75,1.7235,0.17965,-0.18272,0.96534
ch10sm,2.5e+05,21,1.7285,0.18084,-0.18294,0.9628
ch10sm,2.5e+05,21.25,1.7341,0.1818,-0.18311,0.95946
ch10sm,2.5e+05,21.5,1.7402,0.1826,-0.18325,0.95512
ch10sm,2.5e+05,21.75,1.7465,0.18331,-0.18338,0.94946
ch10sm,2.5e+05,22,1.7531,0.18398,-0.18353,0.94208
ch10sm,3.5e+05,-6,0.43184,0.062204,-0.17982,0.66371
ch10sm,3.5e+05,-5.75,0.44635,0.059844,-0.18204,0.67052
ch10sm,3.5e+05,-5.5,0.46287,0.057414,-0.18467,0.67525
ch10sm,3.5e+05,-5.25,0.48188,0.054902,-0.18782,0.67721
ch10sm,3.5e+05,-5,0.50394,0.052286,-0.19164,0.67567
ch10sm,3.5e+05,-4.75,0.52984,0.049544,-0.19629,0.66978
ch10sm,3.5e+05,-4.5,0.56101,0.046718,-0.20205,0.65869
ch10sm,3.5e+05,-4.25,0.60111,0.044008,-0.20951,0.64267
ch10sm,3.5e+05,-4,0.65876,0.041561,-0.22041,0.62704
ch10sm,3.5e+05,-3.75,0.73654,0.037449,-0.23747,0.62984
ch10sm,3.5e+05,-3.5,0.79967,0.027625,-0.25861,0.68459
ch10sm,3.5e+05,-3.25,0.84063,0.01945,-0.2734,0.78722
ch10sm,3.5e+05,-3,0.8882,0.016693,-0.2792,0.87455
ch10sm,3.5e+05,-2.75,0.92976,0.015655,-0.28129,0.92814
ch10sm,3.5e+05,-2.5,0.96564,0.015084,-0.28213,0.95796
ch10sm,3.5e+05,-2.25,0.99894,0.014744,-0.28249,0.97321
ch10sm,3.5e+05,-2,1.0304,0.01453,-0.28275,0.98038
ch10sm,3.5e+05,-1.75,1.0602,0.014364,-0.28309,0.98331
ch10sm,3.5e+05,-1.5,1.0888,0.014203,-0.28356,0.98393
ch10sm,3.5e+05,-1.25,1.1167,0.014036,-0.28413,0.98321
ch10sm,3.5e+05,-1,1.1446,0.013872,-0.28477,0.98168
ch10sm,3.5e+05,-0.75,1.1728,0.013725,-0.28542,0.97975
ch10sm,3.5e+05,-0.5,1.2012,0.013602,-0.28601,0.97772
ch10sm,3.5e+05,-0.25,1.2299,0.01351,-0.28651,0.9758
ch10sm,3.5e+05,0,1.2586,0.013451,-0.28693,0.97412
ch10sm,3.5e+05,0.25,1.2872,0.013419,-0.28736,0.97276
ch10sm,3.5e+05,0.5,1.3153,0.013394,-0.28787,0.97196
ch10sm,3.5e+05,0.75,1.3424,0.013342,-0.28845,0.97209
ch10sm,3.5e+05,1,1.3693,0.013247,-0.28896,0.97257
ch10sm,3.5e+05,1.25,1.3967,0.013176,-0.28943,0.97209
ch10sm,3.5e+05,1.5,1.4249,0.013153,-0.28978,0.97068
ch10sm,3.5e+05,1.75,1.4532,0.013127,-0.28974,0.96954
ch10sm,3.5e+05,2,1.4787,0.013114,-0.2892,0.96943
ch10sm,3.5e+05,2.25,1.501,0.013158,-0.28823,0.97085
ch10sm,3.5e+05,2.5,1.5234,0.013273,-0.28744,0.97351
ch10sm,3.5e+05,2.75,1.5477,0.013442,-0.28704,0.97635
ch10sm,3.5e+05,3,1.5731,0.013635,-0.28684,0.97862
ch10sm,3.5e+05,3.25,1.5986,0.013836,-0.28666,0.98023
ch10sm,3.5e+05,3.5,1.6239,0.01404,-0.28647,0.98133
ch10sm,3.5e+05,3.75,1.6491,0.014247,-0.28625,0.98213
ch10sm,3.5e+05,4,1.6739,0.014459,-0.28597,0.98274
ch10sm,3.5e+05,4.25,1.6984,0.014675,-0.28564,0.98324
ch10sm,3.5e+05,4.5,1.7226,0.014897,-0.28525,0.98367
ch10sm,3.5e+05,4.75,1.7463,0.015125,-0.28478,0.98404
ch10sm,3.5e+05,5,1.7696,0.015359,-0.28422,0.98435
ch10sm,3.5e+05,5.25,1.7925,0.015602,-0.28358,0.98461
ch10sm,3.5e+05,5.5,1.8148,0.015852,-0.28285,0.9848
ch10sm,3.5e+05,5.75,1.8366,0.016112,-0.28201,0.98494
ch10sm,3.5e+05,6,1.8578,0.016383,-0.28105,0.98501
ch10sm,3.5e+05,6.25,1.8784,0.016666,-0.27997,0.98502
ch10sm,3.5e+05,6.5,1.8982,0.016961,-0.27876,0.98497
ch10sm,3.5e+05,6.75,1.9172,0.017272,-0.2774,0.98485
ch10sm,3.5e+05,7,1.9354,0.017599,-0.27588,0.98466
ch10sm,3.5e+05,7.25,1.9526,0.017945,-0.27419,0.98441
ch10sm,3.5e+05,7.5,1.9687,0.018313,-0.27231,0.98411
ch10sm,3.5e+05,7.75,1.9838,0.018706,-0.27025,0.98374
ch10sm,3.5e+05,8,1.9977,0.019127,-0.268,0.98332
ch10sm,3.5e+05,8.25,2.0105,0.01958,-0.26557,0.98285
ch10sm,3.5e+05,8.5,2.0221,0.020071,-0.26296,0.98232
ch10sm,3.5e+05,8.75,2.0326,0.020606,-0.26019,0.98175
ch10sm,3.5e+05,9,2.042,0.021192,-0.25728,0.98113
ch10sm,3.5e+05,9.25,2.0503,0.021836,-0.25425,0.98046
ch10sm,3.5e+05,9.5,2.0577,0.022548,-0.25112,0.97976
ch10sm,3.5e+05,9.75,2.064,0.023338,-0.24792,0.97901
ch10sm,3.5e+05,10,2.0694,0.024221,-0.24466,0.97821
ch10sm,3.5e+05,10.25,2.0738,0.025211,-0.24135,0.97737
ch10sm,3.5e+05,10.5,2.0772,0.026324,-0.238,0.97647
ch10sm,3.5e+05,10.75,2.0796,0.027581,-0.23463,0.9755
ch10sm,3.5e+05,11,2.0809,0.029003,-0.23123,0.97446
ch10sm,3.5e+05,11.25,2.0811,0.030611,-0.22782,0.97333
ch10sm,3.5e+05,11.5,2.0801,0.032428,-0.22439,0.97209
ch10sm,3.5e+05,11.75,2.0779,0.034472,-0.22097,0.97075
ch10sm,3.5e+05,12,2.0745,0.036757,-0.21756,0.96929
ch10sm,3.5e+05,12.25,2.0699,0.039291,-0.21419,0.96773
ch10sm,3.5e+05,12.5,2.0642,0.042073,-0.21087,0.96608
ch10sm,3.5e+05,12.75,2.0573,0.045091,-0.20765,0.96437
ch10sm,3.5e+05,13,2.0492,0.048325,-0.20453,0.96265
ch10sm,3.5e+05,13.25,2.0398,0.051748,-0.20155,0.96096
ch10sm,3.5e+05,13.5,2.0291,0.055327,-0.19869,0.95935
ch10sm,3.5e+05,13.75,2.017,0.059035,-0.19595,0.95785
ch10sm,3.5e+05,14,2.0035,0.062865,-0.19332,0.95647
ch10sm,3.5e+05,14.25,1.9886,0.066836,-0.19078,0.9552
ch10sm,3.5e+05,14.5,1.9722,0.071007,-0.1883,0.95402
ch10sm,3.5e+05,14.75,1.9539,0.075479,-0.18587,0.95294
ch10sm,3.5e+05,15,1.9334,0.080375,-0.18348,0.95197
ch10sm,3.5e+05,15.25,1.9103,0.085795,-0.18114,0.95119
ch10sm,3.5e+05,15.5,1.885,0.091743,-0.17893,0.95074
ch10sm,3.5e+05,15.75,1.8585,0.098063,-0.17696,0.95081
ch10sm,3.5e+05,16,1.8326,0.10446,-0.1754,0.95158
ch10sm,3.5e+05,16.25,1.8091,0.11062,-0.17436,0.95314
ch10sm,3.5e+05,16.5,1.7892,0.11633,-0.17383,0.95534
ch10sm,3.5e+05,16.75,1.7733,0.12155,-0.17375,0.95792
ch10sm,3.5e+05,17,1.761,0.12636,-0.17398,0.96057
ch10sm,3.5e+05,17.25,1.7518,0.13087,-0.1744,0.96306
ch10sm,3.5e+05,17.5,1.7449,0.13517,-0.17492,0.96527
ch10sm,3.5e+05,17.75,1.7397,0.13934,-0.1755,0.96715
ch10sm,3.5e+05,18,1.7358,0.14343,-0.17612,0.96875
ch10sm,3.5e+05,18.25,1.7328,0.14746,-0.17677,0.9701
ch10sm,3.5e+05,18.5,1.7305,0.15145,-0.17747,0.97124
ch10sm,3.5e+05,18.75,1.7288,0.15537,-0.17821,0.97223
ch10sm,3.5e+05,19,1.7276,0.15922,-0.179,0.97307
ch10sm,3.5e+05,19.25,1.7269,0.16297,-0.17983,0.97376
ch10sm,3.5e+05,19.5,1.7267,0.16659,-0.18069,0.97432
ch10sm,3.5e+05,19.75,1.727,0.17003,-0.18157,0.97471
ch10sm,3.5e+05,20,1.7279,0.17326,-0.18245,0.97492
ch10sm,3.5e+05,20.25,1.7294,0.17626,-0.18332,0.97492
ch10sm,3.5e+05,20.5,1.7315,0.17901,-0.18417,0.97467
ch10sm,3.5e+05,20.75,1.7341,0.18151,-0.18499,0.97412
ch10sm,3.5e+05,21,1.7373,0.18375,-0.18577,0.97322
ch10sm,3.5e+05,21.25,1.7409,0.18575,-0.18651,0.97188
ch10sm,3.5e+05,21.5,1.7449,0.18755,-0.18723,0.97
ch10sm,3.5e+05,21.75,1.7493,0.18917,-0.18793,0.96743
ch10sm,3.5e+05,22,1.754,0.19065,-0.18862,0.96397
ch10sm,4.5e+05,-6,0.42986,0.060289,-0.17975,0.64801
ch10sm,4.5e+05,-5.75,0.44512,0.057732,-0.18233,0.65291
ch10sm,4.5e+05,-5.5,0.46331,0.055061,-0.18548,0.65353
ch10sm,4.5e+05,-5.25,0.48551,0.052277,-0.1894,0.64916
ch10sm,4.5e+05,-5,0.51318,0.049445,-0.19428,0.63922
ch10sm,4.5e+05,-4.75,0.54915,0.046777,-0.20054,0.62389
ch10sm,4.5e+05,-4.5,0.59977,0.044457,-0.20936,0.60696
ch10sm,4.5e+05,-4.25,0.67168,0.041057,-0.22363,0.60283
ch10sm,4.5e+05,-4,0.7441,0.031395,-0.24541,0.64585
ch10sm,4.5e+05,-3.75,0.78318,0.019881,-0.26681,0.75547
ch10sm,4.5e+05,-3.5,0.83081,0.015578,-0.27702,0.86011
ch10sm,4.5e+05,-3.25,0.87789,0.014344,-0.28031,0.9195
ch10sm,4.5e+05,-3,0.91502,0.013738,-0.2815,0.95054
ch10sm,4.5e+05,-2.75,0.94755,0.013359,-0.282,0.9674
ch10sm,4.5e+05,-2.5,0.97819,0.013105,-0.28231,0.97633
ch10sm,4.5e+05,-2.25,1.0075,0.012907,-0.28264,0.98066
ch10sm,4.5e+05,-2,1.0358,0.012727,-0.28306,0.98234
ch10sm,4.5e+05,-1.75,1.0636,0.012551,-0.28356,0.98247
ch10sm,4.5e+05,-1.5,1.0914,0.012385,-0.28411,0.98169
ch10sm,4.5e+05,-1.25,1.1195,0.012239,-0.2847,0.98038
ch10sm,4.5e+05,-1,1.148,0.012118,-0.28529,0.9788
ch10sm,4.5e+05,-0.75,1.1769,0.012021,-0.28587,0.97712
ch10sm,4.5e+05,-0.5,1.206,0.011945,-0.28638,0.9755
ch10sm,4.5e+05,-0.25,1.235,0.01189,-0.2868,0.97402
ch10sm,4.5e+05,0,1.264,0.011858,-0.28714,0.97272
ch10sm,4.5e+05,0.25,1.2926,0.011845,-0.28748,0.97157
ch10sm,4.5e+05,0.5,1.3207,0.011839,-0.28791,0.97074
ch10sm,4.5e+05,0.75,1.348,0.011809,-0.28841,0.9706
ch10sm,4.5e+05,1,1.3749,0.011747,-0.28885,0.97098
ch10sm,4.5e+05,1.25,1.4021,0.011702,-0.28924,0.97081
ch10sm,4.5e+05,1.5,1.4297,0.011689,-0.28961,0.96948
ch10sm,4.5e+05,1.75,1.4579,0.011665,-0.28968,0.9679
ch10sm,4.5e+05,2,1.4846,0.011635,-0.28931,0.96714
ch10sm,4.5e+05,2.25,1.5081,0.01165,-0.2885,0.96773
ch10sm,4.5e+05,2.5,1.53,0.011733,-0.28758,0.96985
ch10sm,4.5e+05,2.75,1.5533,0.011877,-0.28696,0.97278
ch10sm,4.5e+05,3,1.5778,0.012057,-0.2866,0.97549
ch10sm,4.5e+05,3.25,1.6028,0.012252,-0.28633,0.97755
ch10sm,4.5e+05,3.5,1.6279,0.012453,-0.28607,0.97899
ch10sm,4.5e+05,3.75,1.6527,0.012658,-0.28579,0.97998
ch10sm,4.5e+05,4,1.6772,0.012868,-0.28546,0.98071
ch10sm,4.5e+05,4.25,1.7013,0.013083,-0.28507,0.98127
ch10sm,4.5e+05,4.5,1.725,0.013304,-0.2846,0.98173
ch10sm,4.5e+05,4.75,1.7482,0.013532,-0.28404,0.98213
ch10sm,4.5e+05,5,1.7708,0.013767,-0.28338,0.98248
ch10sm,4.5e+05,5.25,1.7929,0.014011,-0.2826,0.98279
ch10sm,4.5e+05,5.5,1.8143,0.014265,-0.28172,0.98305
ch10sm,4.5e+05,5.75,1.8351,0.014529,-0.2807,0.98327
ch10sm,4.5e+05,6,1.8552,0.014806,-0.27955,0.98344
ch10sm,4.5e+05,6.25,1.8746,0.015096,-0.27827,0.98355
ch10sm,4.5e+05,6.5,1.8931,0.015402,-0.27684,0.98362
ch10sm,4.5e+05,6.75,1.9109,0.015726,-0.27527,0.98362
ch10sm,4.5e+05,7,1.9278,0.01607,-0.27355,0.98358
ch10sm,4.5e+05,7.25,1.9439,0.016436,-0.27168,0.98347
ch10sm,4.5e+05,7.5,1.959,0.016828,-0.26967,0.98332
ch10sm,4.5e+05,7.75,1.9733,0.01725,-0.26752,0.98311
ch10sm,4.5e+05,8,1.9866,0.017705,-0.26524,0.98284
ch10sm,4.5e+05,8.25,1.9991,0.0182,-0.26283,0.98253
ch10sm,4.5e+05,8.5,2.0106,0.018738,-0.26031,0.98216
ch10sm,4.5e+05,8.75,2.0213,0.019328,-0.25769,0.98174
ch10sm,4.5e+05,9,2.0311,0.019976,-0.25499,0.98126
ch10sm,4.5e+05,9.25,2.04,0.020693,-0.2522,0.98073
ch10sm,4.5e+05,9.5,2.048,0.021488,-0.24935,0.98014
ch10sm,4.5e+05,9.75,2.0552,0.022375,-0.24642,0.97948
ch10sm,4.5e+05,10,2.0613,0.023368,-0.24344,0.97874
ch10sm,4.5e+05,10.25,2.0665,0.024484,-0.2404,0.97792
ch10sm,4.5e+05,10.5,2.0707,0.025743,-0.23731,0.97699
ch10sm,4.5e+05,10.75,2.0738,0.027165,-0.23417,0.97595
ch10sm,4.5e+05,11,2.0757,0.028771,-0.23099,0.97478
ch10sm,4.5e+05,11.25,2.0766,0.030581,-0.22777,0.97347
ch10sm,4.5e+05,11.5,2.0761,0.032614,-0.22453,0.972
ch10sm,4.5e+05,11.75,2.0744,0.034882,-0.22127,0.97037
ch10sm,4.5e+05,12,2.0714,0.037391,-0.218,0.96858
ch10sm,4.5e+05,12.25,2.0668,0.040141,-0.21473,0.96666
ch10sm,4.5e+05,12.5,2.0606,0.043127,-0.21148,0.96463
ch10sm,4.5e+05,12.75,2.0525,0.046335,-0.20825,0.96254
ch10sm,4.5e+05,13,2.0426,0.049748,-0.20509,0.96044
ch10sm,4.5e+05,13.25,2.0307,0.053344,-0.20198,0.95839
ch10sm,4.5e+05,13.5,2.0169,0.057108,-0.19895,0.95644
ch10sm,4.5e+05,13.75,2.0015,0.061038,-0.19599,0.95461
ch10sm,4.5e+05,14,1.9845,0.065163,-0.19308,0.95291
ch10sm,4.5e+05,14.25,1.9659,0.069548,-0.19024,0.95133
ch10sm,4.5e+05,14.5,1.9452,0.074292,-0.18745,0.94987
ch10sm,4.5e+05,14.75,1.9225,0.079482,-0.18472,0.94859
ch10sm,4.5e+05,15,1.8978,0.08513,-0.18212,0.9476
ch10sm,4.5e+05,15.25,1.8721,0.091106,-0.17977,0.94711
ch10sm,4.5e+05,15.5,1.8472,0.09715,-0.1778,0.94734
ch10sm,4.5e+05,15.75,1.8246,0.10297,-0.17633,0.94844
ch10sm,4.5e+05,16,1.8056,0.10837,-0.17537,0.95034
ch10sm,4.5e+05,16.25,1.7905,0.1133,-0.17488,0.9528
ch10sm,4.5e+05,16.5,1.7789,0.11781,-0.17473,0.95551
ch10sm,4.5e+05,16.75,1.7703,0.12202,-0.1748,0.95821
ch10sm,4.5e+05,17,1.764,0.12602,-0.17501,0.96073
ch10sm,4.5e+05,17.25,1.7593,0.1299,-0.17529,0.963
ch10sm,4.5e+05,17.5,1.7559,0.1337,-0.17563,0.96501
ch10sm,4.5e+05,17.75,1.7533,0.13746,-0.17602,0.9668
ch10sm,4.5e+05,18,1.7513,0.1412,-0.17646,0.9684
ch10sm,4.5e+05,18.25,1.7497,0.14494,-0.17697,0.96984
ch10sm,4.5e+05,18.5,1.7485,0.14867,-0.17755,0.97115
ch10sm,4.5e+05,18.75,1.7476,0.1524,-0.17821,0.97233
ch10sm,4.5e+05,19,1.747,0.1561,-0.17895,0.9734
ch10sm,4.5e+05,19.25,1.7467,0.15977,-0.17976,0.97434
ch10sm,4.5e+05,19.5,1.7467,0.16337,-0.18064,0.97515
ch10sm,4.5e+05,19.75,1.7471,0.16688,-0.18157,0.97581
ch10sm,4.5e+05,20,1.7478,0.17028,-0.18255,0.97631
ch10sm,4.5e+05,20.25,1.7489,0.17354,-0.18356,0.97662
ch10sm,4.5e+05,20.5,1.7504,0.17664,-0.18459,0.97672
ch10sm,4.5e+05,20.75,1.7522,0.17958,-0.18564,0.97658
ch10sm,4.5e+05,21,1.7544,0.18235,-0.18669,0.97615
ch10sm,4.5e+05,21.25,1.7569,0.18495,-0.18775,0.97537
ch10sm,4.5e+05,21.5,1.7597,0.18738,-0.18881,0.97418
ch10sm,4.5e+05,21.75,1.7628,0.18967,-0.18986,0.97247
ch10sm,4.5e+05,22,1.7661,0.19182,-0.19092,0.9701
s1210,2e+05,-6,-0.044529,0.078694,-0.07694,0.43598
s1210,2e+05,-5.75,-0.025374,0.074457,-0.0808,0.37168
s1210,2e+05,-5.5,0.018075,0.069755,-0.091604,0.28409
s1210,2e+05,-5.25,0.10688,0.058469,-0.12303,0.20711
s1210,2e+05,-5,0.18737,0.037276,-0.16603,0.20059
s1210,2e+05,-4.75,0.26175,0.026742,-0.19252,0.29252
s1210,2e+05,-4.5,0.33372,0.022351,-0.20611,0.47975
s1210,2e+05,-4.25,0.40258,0.019495,-0.21521,0.69822
s1210,2e+05,-4,0.47,0.017584,-0.22224,0.84104
s1210,2e+05,-3.75,0.53275,0.016319,-0.22802,0.90386
s1210,2e+05,-3.5,0.58816,0.015448,-0.23268,0.92671
s1210,2e+05,-3.25,0.63659,0.014818,-0.2363,0.93262
s1210,2e+05,-3,0.6816,0.014236,-0.23981,0.93156
s1210,2e+05,-2.75,0.72604,0.013466,-0.24402,0.92972
s1210,2e+05,-2.5,0.77086,0.012799,-0.24836,0.9322
s1210,2e+05,-2.25,0.81545,0.012992,-0.25113,0.93889
s1210,2e+05,-2,0.85223,0.013496,-0.25217,0.94582
s1210,2e+05,-1.75,0.88195,0.013831,-0.25226,0.95171
s1210,2e+05,-1.5,0.90936,0.014074,-0.25197,0.95659
s1210,2e+05,-1.25,0.9364,0.01429,-0.25157,0.96063
s1210,2e+05,-1,0.96353,0.014496,-0.25116,0.96398
s1210,2e+05,-0.75,0.99077,0.014695,-0.25075,0.96682
s1210,2e+05,-0.5,1.0181,0.014891,-0.25036,0.96924
s1210,2e+05,-0.25,1.0455,0.015087,-0.24998,0.97134
s1210,2e+05,0,1.073,0.015288,-0.24963,0.97313
s1210,2e+05,0.25,1.1006,0.015494,-0.24932,0.97465
s1210,2e+05,0.5,1.1282,0.015707,-0.24906,0.97592
s1210,2e+05,0.75,1.156,0.015925,-0.24884,0.97694
s1210,2e+05,1,1.184,0.016148,-0.24866,0.97774
s1210,2e+05,1.25,1.212,0.016375,-0.24851,0.97835
s1210,2e+05,1.5,1.2401,0.016605,-0.24836,0.97883
s1210,2e+05,1.75,1.2682,0.016836,-0.24821,0.97924
s1210,2e+05,2,1.2962,0.017068,-0.248,0.97969
s1210,2e+05,2.25,1.324,0.017299,-0.24771,0.98024
s1210,2e+05,2.5,1.3516,0.017529,-0.24734,0.9809
s1210,2e+05,2.75,1.379,0.01776,-0.24692,0.98158
s1210,2e+05,3,1.4063,0.017998,-0.24649,0.98222
s1210,2e+05,3.25,1.4335,0.018245,-0.24609,0.98275
s1210,2e+05,3.5,1.4605,0.0185,-0.24571,0.98315
s1210,2e+05,3.75,1.4869,0.018755,-0.24532,0.98338
s1210,2e+05,4,1.5123,0.018992,-0.24481,0.98343
s1210,2e+05,4.25,1.5365,0.019187,-0.24405,0.98336
s1210,2e+05,4.5,1.5593,0.019341,-0.24302,0.98325
s1210,2e+05,4.75,1.5808,0.019476,-0.24175,0.98324
s1210,2e+05,5,1.6014,0.019613,-0.24029,0.98353
s1210,2e+05,5.25,1.6225,0.019774,-0.23895,0.98413
s1210,2e+05,5.5,1.6453,0.019976,-0.23794,0.98487
s1210,2e+05,5.75,1.6694,0.02021,-0.23715,0.98559
s1210,2e+05,6,1.6937,0.020455,-0.23633,0.98617
s1210,2e+05,6.25,1.7173,0.020693,-0.23535,0.98659
s1210,2e+05,6.5,1.74,0.02092,-0.23415,0.98684
s1210,2e+05,6.75,1.7617,0.021136,-0.23273,0.98692
s1210,2e+05,7,1.7821,0.021349,-0.23109,0.98686
s1210,2e+05,7.25,1.8012,0.021568,-0.22922,0.98665
s1210,2e+05,7.5,1.819,0.021807,-0.22712,0.98631
s1210,2e+05,7.75,1.8352,0.022083,-0.22476,0.98586
s1210,2e+05,8,1.8497,0.022419,-0.22214,0.9853
s1210,2e+05,8.25,1.8622,0.022843,-0.21923,0.98464
s1210,2e+05,8.5,1.8726,0.023388,-0.21605,0.98389
s1210,2e+05,8.75,1.8806,0.024089,-0.2126,0.98306
s1210,2e+05,9,1.8863,0.024977,-0.20892,0.98212
s1210,2e+05,9.25,1.8899,0.026073,-0.20506,0.98108
s1210,2e+05,9.5,1.8917,0.027378,-0.20107,0.97993
s1210,2e+05,9.75,1.8923,0.028868,-0.19701,0.9787
s1210,2e+05,10,1.8923,0.030501,-0.19297,0.9774
s1210,2e+05,10.25,1.8923,0.032225,-0.18901,0.97609
s1210,2e+05,10.5,1.8928,0.033997,-0.18522,0.9748
s1210,2e+05,10.75,1.8939,0.035789,-0.18162,0.97357
s1210,2e+05,11,1.8956,0.03759,-0.17825,0.9724
s1210,2e+05,11.25,1.8979,0.039411,-0.17513,0.97127
s1210,2e+05,11.5,1.9006,0.041271,-0.17226,0.97017
s1210,2e+05,11.75,1.9033,0.043198,-0.16965,0.96907
s1210,2e+05,12,1.9058,0.045219,-0.16729,0.96794
s1210,2e+05,12.25,1.9081,0.047354,-0.16517,0.96678
s1210,2e+05,12.5,1.9098,0.049617,-0.16328,0.96558
s1210,2e+05,12.75,1.911,0.052008,-0.16158,0.96432
s1210,2e+05,13,1.9117,0.054521,-0.16005,0.96302
s1210,2e+05,13.25,1.9119,0.057142,-0.15866,0.96167
s1210,2e+05,13.5,1.9117,0.059857,-0.15739,0.96029
s1210,2e+05,13.75,1.9112,0.062649,-0.15623,0.95889
s1210,2e+05,14,1.9103,0.065505,-0.15517,0.95747
s1210,2e+05,14.25,1.9093,0.068414,-0.15421,0.95606
s1210,2e+05,14.5,1.908,0.071371,-0.15334,0.95465
s1210,2e+05,14.75,1.9065,0.074376,-0.15257,0.95327
s1210,2e+05,15,1.9048,0.077435,-0.15192,0.95194
s1210,2e+05,15.25,1.9029,0.080556,-0.15138,0.95065
s1210,2e+05,15.5,1.9007,0.083752,-0.15097,0.94942
s1210,2e+05,15.75,1.8981,0.087037,-0.15069,0.94827
s1210,2e+05,16,1.8951,0.090428,-0.15056,0.94718
s1210,2e+05,16.25,1.8916,0.09394,-0.15058,0.94617
s1210,2e+05,16.5,1.8875,0.097593,-0.15077,0.94522
s1210,2e+05,16.75,1.8829,0.10141,-0.15112,0.9443
s1210,2e+05,17,1.8776,0.1054,-0.15165,0.94339
s1210,2e+05,17.25,1.8717,0.10961,-0.15237,0.94245
s1210,2e+05,17.5,1.865,0.11404,-0.1533,0.9414
s1210,2e+05,17.75,1.8577,0.11873,-0.15443,0.9402
s1210,2e+05,18,1.8496,0.12368,-0.1558,0.93878
s1210,2e+05,18.25,1.8408,0.12891,-0.15739,0.93706
s1210,2e+05,18.5,1.8315,0.1344,-0.15923,0.93496
s1210,2e+05,18.75,1.8216,0.14012,-0.16132,0.93243
s1210,2e+05,19,1.8113,0.14604,-0.16366,0.92937
s1210,2e+05,19.25,1.8006,0.15211,-0.16625,0.92573
s1210,2e+05,19.5,1.7898,0.15825,-0.16908,0.92141
s1210,2e+05,19.75,1.7789,0.16439,-0.17214,0.91633
s1210,2e+05,20,1.7681,0.17045,-0.17542,0.91039
s1210,2e+05,20.25,1.7576,0.17637,-0.1789,0.90347
s1210,2e+05,20.5,1.7476,0.18208,-0.18255,0.89542
s1210,2e+05,20.75,1.7382,0.18755,-0.18633,0.88606
s1210,2e+05,21,1.7295,0.19278,-0.19023,0.87515
s1210,2e+05,21.25,1.7218,0.19776,-0.19422,0.86238
s1210,2e+05,21.5,1.715,0.20256,-0.19825,0.84734
s1210,2e+05,21.75,1.7093,0.20722,-0.20232,0.82949
s1210,2e+05,22,1.7045,0.21179,-0.20641,0.80812
s1210,2.5e+05,-6,-0.021462,0.071783,-0.084435,0.3506
s1210,2.5e+05,-5.75,0.022194,0.065896,-0.096747,0.26287
s1210,2.5e+05,-5.5,0.10608,0.055057,-0.12758,0.18747
s1210,2.5e+05,-5.25,0.18706,0.037137,-0.16826,0.16988
s1210,2.5e+05,-5,0.25443,0.026206,-0.19458,0.23182
s1210,2.5e+05,-4.75,0.32359,0.021441,-0.20836,0.38219
s1210,2.5e+05,-4.5,0.39289,0.018504,-0.21772,0.60208
s1210,2.5e+05,-4.25,0.46071,0.016579,-0.22503,0.78509
s1210,2.5e+05,-4,0.52237,0.015335,-0.23083,0.87908
s1210,2.5e+05,-3.75,0.57529,0.014514,-0.23517,0.91774
s1210,2.5e+05,-3.5,0.6204,0.013963,-0.23818,0.93198
s1210,2.5e+05,-3.25,0.66129,0.013544,-0.24066,0.93557
s1210,2.5e+05,-3,0.70189,0.013116,-0.24352,0.93471
s1210,2.5e+05,-2.75,0.74328,0.012527,-0.24701,0.93381
s1210,2.5e+05,-2.5,0.78497,0.01199,-0.25053,0.93621
s1210,2.5e+05,-2.25,0.8262,0.012121,-0.25268,0.94143
s1210,2.5e+05,-2,0.86009,0.012505,-0.25323,0.94645
s1210,2.5e+05,-1.75,0.88768,0.01276,-0.25293,0.95059
s1210,2.5e+05,-1.5,0.91365,0.01296,-0.25235,0.95414
s1210,2.5e+05,-1.25,0.93973,0.013153,-0.25174,0.95728
s1210,2.5e+05,-1,0.9662,0.013349,-0.25118,0.96007
s1210,2.5e+05,-0.75,0.99302,0.013547,-0.2507,0.96254
s1210,2.5e+05,-0.5,1.0201,0.013747,-0.25029,0.96473
s1210,2.5e+05,-0.25,1.0474,0.013946,-0.24992,0.96671
s1210,2.5e+05,0,1.0749,0.014146,-0.2496,0.96849
s1210,2.5e+05,0.25,1.1025,0.014346,-0.2493,0.97008
s1210,2.5e+05,0.5,1.1303,0.014548,-0.24904,0.97148
s1210,2.5e+05,0.75,1.1582,0.014752,-0.2488,0.97268
s1210,2.5e+05,1,1.1862,0.014958,-0.2486,0.97369
s1210,2.5e+05,1.25,1.2143,0.015163,-0.24842,0.97451
s1210,2.5e+05,1.5,1.2425,0.015368,-0.24827,0.97518
s1210,2.5e+05,1.75,1.2707,0.01557,-0.24813,0.97576
s1210,2.5e+05,2,1.2988,0.01577,-0.24796,0.97633
s1210,2.5e+05,2.25,1.3267,0.015965,-0.24774,0.97698
s1210,2.5e+05,2.5,1.3544,0.016157,-0.24745,0.97772
s1210,2.5e+05,2.75,1.3818,0.016349,-0.2471,0.97852
s1210,2.5e+05,3,1.4092,0.016545,-0.24672,0.97928
s1210,2.5e+05,3.25,1.4365,0.016748,-0.24635,0.97994
s1210,2.5e+05,3.5,1.4637,0.016958,-0.24601,0.98046
s1210,2.5e+05,3.75,1.4905,0.017173,-0.24569,0.9808
s1210,2.5e+05,4,1.5167,0.017386,-0.24532,0.98092
s1210,2.5e+05,4.25,1.5418,0.017574,-0.24476,0.98085
s1210,2.5e+05,4.5,1.5655,0.017719,-0.24391,0.98067
s1210,2.5e+05,4.75,1.588,0.017834,-0.24279,0.98048
s1210,2.5e+05,5,1.609,0.017943,-0.24142,0.98053
s1210,2.5e+05,5.25,1.6293,0.018064,-0.2399,0.98105
s1210,2.5e+05,5.5,1.6504,0.018213,-0.23854,0.98197
s1210,2.5e+05,5.75,1.6731,0.018399,-0.23746,0.98304
s1210,2.5e+05,6,1.6966,0.018611,-0.23651,0.984
s1210,2.5e+05,6.25,1.7199,0.018832,-0.23549,0.98476
s1210,2.5e+05,6.5,1.7425,0.019054,-0.23431,0.98528
s1210,2.5e+05,6.75,1.7641,0.019277,-0.23292,0.98559
s1210,2.5e+05,7,1.7847,0.019508,-0.23133,0.98571
s1210,2.5e+05,7.25,1.804,0.019757,-0.22953,0.98569
s1210,2.5e+05,7.5,1.8221,0.020041,-0.2275,0.98554
s1210,2.5e+05,7.75,1.8386,0.020378,-0.22522,0.98529
s1210,2.5e+05,8,1.8533,0.020791,-0.22269,0.98494
s1210,2.5e+05,8.25,1.866,0.021311,-0.21989,0.98449
s1210,2.5e+05,8.5,1.8764,0.021968,-0.21682,0.98393
s1210,2.5e+05,8.75,1.8846,0.022793,-0.21351,0.98325
s1210,2.5e+05,9,1.8905,0.023803,-0.20996,0.98242
s1210,2.5e+05,9.25,1.8946,0.025001,-0.20623,0.98145
s1210,2.5e+05,9.5,1.8972,0.026364,-0.20238,0.98035
s1210,2.5e+05,9.75,1.899,0.027854,-0.19849,0.97917
s1210,2.5e+05,10,1.9004,0.029425,-0.19464,0.97796
s1210,2.5e+05,10.25,1.902,0.03104,-0.19089,0.97677
s1210,2.5e+05,10.5,1.904,0.032677,-0.18729,0.97564
s1210,2.5e+05,10.75,1.9065,0.034329,-0.18387,0.97458
s1210,2.5e+05,11,1.9093,0.036001,-0.18064,0.9736
s1210,2.5e+05,11.25,1.9125,0.037712,-0.17762,0.97268
s1210,2.5e+05,11.5,1.9157,0.039486,-0.17482,0.97181
s1210,2.5e+05,11.75,1.9187,0.041352,-0.17224,0.97094
s1210,2.5e+05,12,1.9214,0.043339,-0.1699,0.97008
s1210,2.5e+05,12.25,1.9237,0.04547,-0.1678,0.96919
s1210,2.5e+05,12.5,1.9253,0.047759,-0.16592,0.96828
s1210,2.5e+05,12.75,1.9264,0.050208,-0.16425,0.96734
s1210,2.5e+05,13,1.9268,0.052812,-0.16275,0.96637
s1210,2.5e+05,13.25,1.9267,0.055556,-0.16141,0.96538
s1210,2.5e+05,13.5,1.9262,0.05842,-0.16019,0.96437
s1210,2.5e+05,13.75,1.9252,0.061384,-0.15908,0.96335
s1210,2.5e+05,14,1.924,0.064426,-0.15808,0.96232
s1210,2.5e+05,14.25,1.9225,0.067532,-0.15717,0.9613
s1210,2.5e+05,14.5,1.9208,0.07069,-0.15635,0.96029
s1210,2.5e+05,14.75,1.919,0.073894,-0.15563,0.95929
s1210,2.5e+05,15,1.9169,0.077147,-0.15501,0.95833
s1210,2.5e+05,15.25,1.9146,0.080452,-0.1545,0.95739
s1210,2.5e+05,15.5,1.912,0.08382,-0.15412,0.95649
s1210,2.5e+05,15.75,1.9091,0.087261,-0.15387,0.95564
s1210,2.5e+05,16,1.9057,0.090788,-0.15376,0.95482
s1210,2.5e+05,16.25,1.9018,0.094418,-0.1538,0.95405
s1210,2.5e+05,16.5,1.8974,0.098166,-0.154,0.95331
s1210,2.5e+05,16.75,1.8923,0.10205,-0.15438,0.95258
s1210,2.5e+05,17,1.8866,0.1061,-0.15494,0.95184
s1210,2.5e+05,17.25,1.8801,0.11035,-0.1557,0.95106
s1210,2.5e+05,17.5,1.8729,0.11481,-0.15667,0.95019
s1210,2.5e+05,17.75,1.8649,0.11952,-0.15787,0.94919
s1210,2.5e+05,18,1.8562,0.12447,-0.1593,0.94802
s1210,2.5e+05,18.25,1.8469,0.12967,-0.16098,0.94662
s1210,2.5e+05,18.5,1.8371,0.13509,-0.16289,0.94494
s1210,2.5e+05,18.75,1.8268,0.1407,-0.16505,0.94294
s1210,2.5e+05,19,1.8162,0.14643,-0.16744,0.94057
s1210,2.5e+05,19.25,1.8054,0.15224,-0.17007,0.9378
s1210,2.5e+05,19.5,1.7946,0.15806,-0.17292,0.93457
s1210,2.5e+05,19.75,1.784,0.16383,-0.176,0.93085
s1210,2.5e+05,20,1.7736,0.16953,-0.17928,0.92658
s1210,2.5e+05,20.25,1.7638,0.17511,-0.18275,0.92172
s1210,2.5e+05,20.5,1.7545,0.18059,-0.18639,0.91615
s1210,2.5e+05,20.75,1.7459,0.18597,-0.19018,0.90974
s1210,2.5e+05,21,1.7381,0.1913,-0.19408,0.90228
s1210,2.5e+05,21.25,1.7311,0.1966,-0.19807,0.89349
s1210,2.5e+05,21.5,1.725,0.2019,-0.20214,0.88296
s1210,2.5e+05,21.75,1.7198,0.20722,-0.20624,0.87019
s1210,2.5e+05,22,1.7154,0.21256,-0.21035,0.8545
s1210,3.5e+05,-6,0.062269,0.056515,-0.11808,0.1937
s1210,3.5e+05,-5.75,0.14621,0.043083,-0.15502,0.15535
s1210,3.5e+05,-5.5,0.21383,0.029363,-0.18801,0.17456
s1210,3.5e+05,-5.25,0.27714,0.022167,-0.20649,0.25659
s1210,3.5e+05,-5,0.34409,0.018398,-0.21763,0.4099
s1210,3.5e+05,-4.75,0.41189,0.016021,-0.22601,0.61287
s1210,3.5e+05,-4.5,0.47498,0.014544,-0.23241,0.77995
s1210,3.5e+05,-4.25,0.52909,0.01364,-0.23698,0.87268
s1210,3.5e+05,-4,0.57438,0.01308,-0.23995,0.9156
s1210,3.5e+05,-3.75,0.61358,0.012709,-0.24188,0.93407
s1210,3.5e+05,-3.5,0.64958,0.012419,-0.24343,0.94097
s1210,3.5e+05,-3.25,0.68481,0.012166,-0.24504,0.94218
s1210,3.5e+05,-3,0.72124,0.011916,-0.24697,0.94072
s1210,3.5e+05,-2.75,0.75882,0.011548,-0.24932,0.93904
s1210,3.5e+05,-2.5,0.79638,0.011097,-0.25186,0.9394
s1210,3.5e+05,-2.25,0.83381,0.011046,-0.25356,0.94221
s1210,3.5e+05,-2,0.86593,0.011283,-0.25388,0.94541
s1210,3.5e+05,-1.75,0.89259,0.011486,-0.25341,0.94812
s1210,3.5e+05,-1.5,0.91798,0.011666,-0.25271,0.95064
s1210,3.5e+05,-1.25,0.94371,0.011844,-0.25201,0.95312
s1210,3.5e+05,-1,0.96999,0.012023,-0.25139,0.95552
s1210,3.5e+05,-0.75,0.99676,0.012201,-0.25086,0.95776
s1210,3.5e+05,-0.5,1.0239,0.012376,-0.25043,0.95978
s1210,3.5e+05,-0.25,1.0514,0.012545,-0.25009,0.9616
s1210,3.5e+05,0,1.079,0.012708,-0.24982,0.96323
s1210,3.5e+05,0.25,1.1069,0.012867,-0.2496,0.96469
s1210,3.5e+05,0.5,1.1349,0.013022,-0.2494,0.966
s1210,3.5e+05,0.75,1.1629,0.013177,-0.24921,0.96718
s1210,3.5e+05,1,1.191,0.013333,-0.24903,0.96823
s1210,3.5e+05,1.25,1.2191,0.013491,-0.24886,0.96916
s1210,3.5e+05,1.5,1.2472,0.013651,-0.24869,0.96998
s1210,3.5e+05,1.75,1.2752,0.013811,-0.24853,0.97072
s1210,3.5e+05,2,1.3031,0.01397,-0.24838,0.97145
s1210,3.5e+05,2.25,1.331,0.014125,-0.24821,0.97221
s1210,3.5e+05,2.5,1.3586,0.014273,-0.248,0.97305
s1210,3.5e+05,2.75,1.386,0.01442,-0.24774,0.97392
s1210,3.5e+05,3,1.4134,0.01457,-0.24743,0.97476
s1210,3.5e+05,3.25,1.4407,0.014728,-0.2471,0.9755
s1210,3.5e+05,3.5,1.4679,0.014894,-0.24677,0.97609
s1210,3.5e+05,3.75,1.495,0.015065,-0.24645,0.97649
s1210,3.5e+05,4,1.5217,0.015239,-0.24614,0.97663
s1210,3.5e+05,4.25,1.5478,0.015414,-0.24578,0.97647
s1210,3.5e+05,4.5,1.5728,0.015571,-0.24524,0.97602
s1210,3.5e+05,4.75,1.5966,0.015693,-0.24439,0.97536
s1210,3.5e+05,5,1.6192,0.015789,-0.24329,0.97467
s1210,3.5e+05,5.25,1.6404,0.015886,-0.24196,0.97433
s1210,3.5e+05,5.5,1.6607,0.015999,-0.24042,0.97476
s1210,3.5e+05,5.75,1.6814,0.016139,-0.23894,0.976
s1210,3.5e+05,6,1.7033,0.016312,-0.23769,0.97766
s1210,3.5e+05,6.25,1.726,0.016517,-0.23657,0.97929
s1210,3.5e+05,6.5,1.7488,0.016745,-0.23541,0.98066
s1210,3.5e+05,6.75,1.7709,0.016996,-0.23411,0.98172
s1210,3.5e+05,7,1.792,0.017276,-0.23264,0.98249
s1210,3.5e+05,7.25,1.8119,0.017595,-0.23098,0.98303
s1210,3.5e+05,7.5,1.8303,0.017971,-0.22909,0.98338
s1210,3.5e+05,7.75,1.847,0.018425,-0.22697,0.98356
s1210,3.5e+05,8,1.8618,0.018984,-0.22459,0.98355
s1210,3.5e+05,8.25,1.8746,0.019671,-0.22194,0.98337
s1210,3.5e+05,8.5,1.8852,0.020504,-0.21903,0.98299
s1210,3.5e+05,8.75,1.8938,0.021484,-0.21586,0.98241
s1210,3.5e+05,9,1.9008,0.022595,-0.21251,0.98166
s1210,3.5e+05,9.25,1.9066,0.023805,-0.20902,0.98079
s1210,3.5e+05,9.5,1.9117,0.025079,-0.20549,0.97983
s1210,3.5e+05,9.75,1.9164,0.026388,-0.20196,0.97886
s1210,3.5e+05,10,1.9212,0.027714,-0.19848,0.9779
s1210,3.5e+05,10.25,1.926,0.029049,-0.1951,0.977
s1210,3.5e+05,10.5,1.9311,0.030396,-0.19181,0.97616
s1210,3.5e+05,10.75,1.9363,0.031763,-0.18864,0.9754
s1210,3.5e+05,11,1.9415,0.033164,-0.18558,0.97469
s1210,3.5e+05,11.25,1.9467,0.034616,-0.18266,0.97404
s1210,3.5e+05,11.5,1.9517,0.03614,-0.17988,0.97342
s1210,3.5e+05,11.75,1.9563,0.037762,-0.17727,0.97282
s1210,3.5e+05,12,1.9604,0.039505,-0.17483,0.97222
s1210,3.5e+05,12.25,1.9638,0.041393,-0.17258,0.97162
s1210,3.5e+05,12.5,1.9666,0.043445,-0.17053,0.97099
s1210,3.5e+05,12.75,1.9687,0.045671,-0.16867,0.97035
s1210,3.5e+05,13,1.97,0.048074,-0.16698,0.9697
s1210,3.5e+05,13.25,1.9707,0.050649,-0.16545,0.96903
s1210,3.5e+05,13.5,1.9706,0.053383,-0.16406,0.96837
s1210,3.5e+05,13.75,1.97,0.05626,-0.1628,0.96771
s1210,3.5e+05,14,1.9687,0.059263,-0.16164,0.96706
s1210,3.5e+05,14.25,1.967,0.062374,-0.16059,0.96642
s1210,3.5e+05,14.5,1.9648,0.065583,-0.15964,0.9658
s1210,3.5e+05,14.75,1.9622,0.06888,-0.15879,0.9652
s1210,3.5e+05,15,1.959,0.072265,-0.15806,0.96461
s1210,3.5e+05,15.25,1.9553,0.075741,-0.15745,0.96404
s1210,3.5e+05,15.5,1.9511,0.079313,-0.15697,0.96348
s1210,3.5e+05,15.75,1.9462,0.08299,-0.15664,0.96294
s1210,3.5e+05,16,1.9407,0.086781,-0.15647,0.9624
s1210,3.5e+05,16.25,1.9345,0.090696,-0.15646,0.96185
s1210,3.5e+05,16.5,1.9276,0.094752,-0.15663,0.96128
s1210,3.5e+05,16.75,1.92,0.098968,-0.157,0.96068
s1210,3.5e+05,17,1.9116,0.10337,-0.15759,0.96002
s1210,3.5e+05,17.25,1.9025,0.10799,-0.15841,0.9593
s1210,3.5e+05,17.5,1.8928,0.11283,-0.15948,0.95848
s1210,3.5e+05,17.75,1.8826,0.11791,-0.1608,0.95759
s1210,3.5e+05,18,1.8719,0.12321,-0.16237,0.95661
s1210,3.5e+05,18.25,1.861,0.12869,-0.16419,0.95558
s1210,3.5e+05,18.5,1.8501,0.13428,-0.16623,0.95449
s1210,3.5e+05,18.75,1.8394,0.13993,-0.1685,0.95337
s1210,3.5e+05,19,1.8288,0.14558,-0.17097,0.95222
s1210,3.5e+05,19.25,1.8187,0.15117,-0.17365,0.95104
s1210,3.5e+05,19.5,1.809,0.15666,-0.17651,0.94983
s1210,3.5e+05,19.75,1.7998,0.16205,-0.17955,0.94854
s1210,3.5e+05,20,1.7911,0.16737,-0.18277,0.94714
s1210,3.5e+05,20.25,1.7828,0.17265,-0.18614,0.94556
s1210,3.5e+05,20.5,1.775,0.17795,-0.18966,0.9437
s1210,3.5e+05,20.75,1.7676,0.18334,-0.1933,0.94141
s1210,3.5e+05,21,1.7605,0.18886,-0.19707,0.93853
s1210,3.5e+05,21.25,1.7538,0.19453,-0.20092,0.93483
s1210,3.5e+05,21.5,1.7475,0.20036,-0.20486,0.93004
s1210,3.5e+05,21.75,1.7417,0.20631,-0.20885,0.9238
s1210,3.5e+05,22,1.7364,0.21237,-0.21287,0.91567
s1210,4.5e+05,-6,0.15554,0.037964,-0.16796,0.164
s1210,4.5e+05,-5.75,0.21666,0.026087,-0.19641,0.20617
s1210,4.5e+05,-5.5,0.27803,0.02009,-0.21225,0.29919
s1210,4.5e+05,-5.25,0.34302,0.01682,-0.22248,0.44336
s1210,4.5e+05,-5,0.4077,0.014762,-0.23032,0.61889
s1210,4.5e+05,-4.75,0.46659,0.013504,-0.2361,0.76781
s1210,4.5e+05,-4.5,0.51664,0.012758,-0.23994,0.86008
s1210,4.5e+05,-4.25,0.55888,0.012309,-0.2423,0.90821
s1210,4.5e+05,-4,0.59605,0.012011,-0.24382,0.9314
s1210,4.5e+05,-3.75,0.63033,0.011774,-0.24498,0.94167
s1210,4.5e+05,-3.5,0.66312,0.011568,-0.24602,0.94523
s1210,4.5e+05,-3.25,0.69585,0.01139,-0.24711,0.9452
s1210,4.5e+05,-3,0.73006,0.011223,-0.24847,0.94323
s1210,4.5e+05,-2.75,0.76566,0.010968,-0.25021,0.94094
s1210,4.5e+05,-2.5,0.80134,0.010577,-0.25227,0.94024
s1210,4.5e+05,-2.25,0.8371,0.01041,-0.25388,0.94202
s1210,4.5e+05,-2,0.86929,0.010553,-0.25431,0.94469
s1210,4.5e+05,-1.75,0.8965,0.010729,-0.25394,0.94703
s1210,4.5e+05,-1.5,0.9223,0.010892,-0.25333,0.94918
s1210,4.5e+05,-1.25,0.94837,0.011051,-0.25271,0.9513
s1210,4.5e+05,-1,0.97497,0.011204,-0.25215,0.95339
s1210,4.5e+05,-0.75,1.002,0.011351,-0.25166,0.95536
s1210,4.5e+05,-0.5,1.0295,0.011492,-0.25125,0.95716
s1210,4.5e+05,-0.25,1.0572,0.011628,-0.25092,0.95879
s1210,4.5e+05,0,1.085,0.011759,-0.25065,0.96026
s1210,4.5e+05,0.25,1.1129,0.011887,-0.25044,0.96157
s1210,4.5e+05,0.5,1.1409,0.012012,-0.25026,0.96275
s1210,4.5e+05,0.75,1.1689,0.012137,-0.2501,0.96381
s1210,4.5e+05,1,1.1969,0.012263,-0.24995,0.96477
s1210,4.5e+05,1.25,1.2248,0.012391,-0.24979,0.96562
s1210,4.5e+05,1.5,1.2526,0.012521,-0.24963,0.9664
s1210,4.5e+05,1.75,1.2804,0.012654,-0.24946,0.96711
s1210,4.5e+05,2,1.3081,0.012787,-0.24929,0.96781
s1210,4.5e+05,2.25,1.3357,0.012918,-0.2491,0.96854
s1210,4.5e+05,2.5,1.3631,0.013045,-0.2489,0.96935
s1210,4.5e+05,2.75,1.3904,0.013168,-0.24866,0.97022
s1210,4.5e+05,3,1.4176,0.013291,-0.24837,0.97108
s1210,4.5e+05,3.25,1.4448,0.013421,-0.24806,0.97183
s1210,4.5e+05,3.5,1.472,0.013563,-0.24772,0.97243
s1210,4.5e+05,3.75,1.4992,0.013712,-0.24739,0.97284
s1210,4.5e+05,4,1.5261,0.013867,-0.24706,0.97299
s1210,4.5e+05,4.25,1.5526,0.014025,-0.24674,0.9728
s1210,4.5e+05,4.5,1.5785,0.014184,-0.24637,0.97219
s1210,4.5e+05,4.75,1.6035,0.014329,-0.2458,0.97116
s1210,4.5e+05,5,1.6274,0.014444,-0.24495,0.96983
s1210,4.5e+05,5.25,1.6502,0.014544,-0.24389,0.96847
s1210,4.5e+05,5.5,1.6718,0.014654,-0.24262,0.96769
s1210,4.5e+05,5.75,1.6926,0.01479,-0.24117,0.96815
s1210,4.5e+05,6,1.7136,0.014957,-0.23974,0.96992
s1210,4.5e+05,6.25,1.7356,0.015163,-0.23847,0.97237
s1210,4.5e+05,6.5,1.758,0.015408,-0.23727,0.97485
s1210,4.5e+05,6.75,1.7801,0.015692,-0.23601,0.97699
s1210,4.5e+05,7,1.8013,0.016022,-0.2346,0.97867
s1210,4.5e+05,7.25,1.8211,0.01641,-0.233,0.97992
s1210,4.5e+05,7.5,1.8394,0.016875,-0.23116,0.98079
s1210,4.5e+05,7.75,1.8558,0.017438,-0.22907,0.98132
s1210,4.5e+05,8,1.8704,0.018119,-0.22671,0.98154
s1210,4.5e+05,8.25,1.883,0.018922,-0.22409,0.98148
s1210,4.5e+05,8.5,1.8939,0.019838,-0.22123,0.98118
s1210,4.5e+05,8.75,1.9033,0.020841,-0.21819,0.98069
s1210,4.5e+05,9,1.9117,0.021903,-0.21503,0.98007
s1210,4.5e+05,9.25,1.9195,0.022994,-0.2118,0.97937
s1210,4.5e+05,9.5,1.9269,0.024098,-0.20855,0.97864
s1210,4.5e+05,9.75,1.9342,0.025206,-0.20532,0.9779
s1210,4.5e+05,10,1.9415,0.026316,-0.20212,0.97719
s1210,4.5e+05,10.25,1.9488,0.027434,-0.19896,0.97652
s1210,4.5e+05,10.5,1.9561,0.028568,-0.19587,0.9759
s1210,4.5e+05,10.75,1.9634,0.029728,-0.19285,0.97532
s1210,4.5e+05,11,1.9706,0.030926,-0.18991,0.97478
s1210,4.5e+05,11.25,1.9775,0.032175,-0.18704,0.97427
s1210,4.5e+05,11.5,1.9841,0.033492,-0.18427,0.97378
s1210,4.5e+05,11.75,1.9902,0.034895,-0.18161,0.97329
s1210,4.5e+05,12,1.9957,0.036405,-0.17906,0.97281
s1210,4.5e+05,12.25,2.0005,0.038044,-0.17666,0.9723
s1210,4.5e+05,12.5,2.0046,0.039835,-0.1744,0.97178
s1210,4.5e+05,12.75,2.0078,0.041795,-0.17231,0.97123
s1210,4.5e+05,13,2.01,0.043939,-0.17037,0.97066
s1210,4.5e+05,13.25,2.0114,0.046272,-0.1686,0.97007
s1210,4.5e+05,13.5,2.0118,0.048796,-0.16696,0.96948
s1210,4.5e+05,13.75,2.0113,0.051504,-0.16546,0.96888
s1210,4.5e+05,14,2.0099,0.05439,-0.16409,0.9683
s1210,4.5e+05,14.25,2.0077,0.057442,-0.16283,0.96772
s1210,4.5e+05,14.5,2.0046,0.060653,-0.16169,0.96716
s1210,4.5e+05,14.75,2.0007,0.064015,-0.16066,0.96661
s1210,4.5e+05,15,1.996,0.067526,-0.15977,0.96606
s1210,4.5e+05,15.25,1.9904,0.071188,-0.15901,0.96551
s1210,4.5e+05,15.5,1.9839,0.075001,-0.1584,0.96496
s1210,4.5e+05,15.75,1.9767,0.078968,-0.15795,0.9644
s1210,4.5e+05,16,1.9685,0.083091,-0.15768,0.96382
s1210,4.5e+05,16.25,1.9596,0.087372,-0.15759,0.96321
s1210,4.5e+05,16.5,1.95,0.091816,-0.15771,0.96258
s1210,4.5e+05,16.75,1.9396,0.096437,-0.15804,0.96191
s1210,4.5e+05,17,1.9286,0.10125,-0.15862,0.96121
s1210,4.5e+05,17.25,1.9171,0.10628,-0.15945,0.9605
s1210,4.5e+05,17.5,1.9053,0.11151,-0.16055,0.95977
s1210,4.5e+05,17.75,1.8932,0.11693,-0.16192,0.95908
s1210,4.5e+05,18,1.8812,0.1225,-0.16355,0.95844
s1210,4.5e+05,18.25,1.8695,0.12816,-0.16543,0.9579
s1210,4.5e+05,18.5,1.8581,0.13383,-0.16752,0.95747
s1210,4.5e+05,18.75,1.8473,0.13945,-0.16983,0.95715
s1210,4.5e+05,19,1.8371,0.14497,-0.17233,0.95693
s1210,4.5e+05,19.25,1.8276,0.15035,-0.17502,0.95678
s1210,4.5e+05,19.5,1.8187,0.15559,-0.17789,0.95666
s1210,4.5e+05,19.75,1.8103,0.16073,-0.18093,0.95651
s1210,4.5e+05,20,1.8024,0.16581,-0.18414,0.95627
s1210,4.5e+05,20.25,1.7949,0.17092,-0.1875,0.95586
s1210,4.5e+05,20.5,1.7875,0.17613,-0.19102,0.95519
s1210,4.5e+05,20.75,1.7803,0.1815,-0.19467,0.95414
s1210,4.5e+05,21,1.7733,0.18707,-0.19843,0.95259
s1210,4.5e+05,21.25,1.7666,0.19284,-0.20228,0.95039
s1210,4.5e+05,21.5,1.7601,0.1988,-0.2062,0.94736
s1210,4.5e+05,21.75,1.754,0.20491,-0.21017,0.94326
s1210,4.5e+05,22,1.7483,0.21115,-0.21416,0.93777
sd7062,2e+05,-6,-0.17436,0.019549,-0.098143,0.98577
sd7062,2e+05,-5.75,-0.14938,0.018815,-0.097096,0.98659
sd7062,2e+05,-5.5,-0.12444,0.018175,-0.096142,0.98671
sd7062,2e+05,-5.25,-0.099434,0.017601,-0.095311,0.98628
sd7062,2e+05,-5,-0.074241,0.017078,-0.094602,0.9854
sd7062,2e+05,-4.75,-0.048788,0.016597,-0.094001,0.98415
sd7062,2e+05,-4.5,-0.023065,0.016148,-0.093499,0.98258
sd7062,2e+05,-4.25,0.002869,0.015714,-0.093089,0.98073
sd7062,2e+05,-4,0.02891,0.015277,-0.092757,0.97871
sd7062,2e+05,-3.75,0.054932,0.014826,-0.092466,0.97671
sd7062,2e+05,-3.5,0.080841,0.014367,-0.09217,0.97503
sd7062,2e+05,-3.25,0.10663,0.01392,-0.091821,0.97397
sd7062,2e+05,-3,0.13222,0.01347,-0.091368,0.9737
sd7062,2e+05,-2.75,0.15731,0.012977,-0.090788,0.97433
sd7062,2e+05,-2.5,0.18226,0.012465,-0.089936,0.97565
sd7062,2e+05,-2.25,0.20782,0.012088,-0.0889,0.97728
sd7062,2e+05,-2,0.23401,0.011904,-0.087956,0.97891
sd7062,2e+05,-1.75,0.26009,0.011819,-0.087124,0.98034
sd7062,2e+05,-1.5,0.28556,0.011766,-0.086333,0.98157
sd7062,2e+05,-1.25,0.31088,0.011739,-0.085522,0.98271
sd7062,2e+05,-1,0.33642,0.011723,-0.08464,0.98371
sd7062,2e+05,-0.75,0.36198,0.011691,-0.083641,0.98439
sd7062,2e+05,-0.5,0.38704,0.011633,-0.082484,0.98466
sd7062,2e+05,-0.25,0.41084,0.011562,-0.081085,0.98455
sd7062,2e+05,0,0.43304,0.01149,-0.079393,0.98422
sd7062,2e+05,0.25,0.45505,0.011423,-0.077689,0.9839
sd7062,2e+05,0.5,0.4805,0.011369,-0.076757,0.98375
sd7062,2e+05,0.75,0.51241,0.011343,-0.07728,0.98385
sd7062,2e+05,1,0.54894,0.011355,-0.078895,0.98422
sd7062,2e+05,1.25,0.58504,0.0114,-0.080524,0.98479
sd7062,2e+05,1.5,0.6177,0.011472,-0.081507,0.98549
sd7062,2e+05,1.75,0.64702,0.011571,-0.081833,0.98622
sd7062,2e+05,2,0.67423,0.011694,-0.081731,0.98694
sd7062,2e+05,2.25,0.70039,0.011838,-0.08141,0.98761
sd7062,2e+05,2.5,0.72619,0.011999,-0.081002,0.98823
sd7062,2e+05,2.75,0.75199,0.012174,-0.08058,0.98878
sd7062,2e+05,3,0.77796,0.012362,-0.080186,0.98928
sd7062,2e+05,3.25,0.80418,0.012562,-0.079837,0.98972
sd7062,2e+05,3.5,0.83062,0.012776,-0.079536,0.9901
sd7062,2e+05,3.75,0.85723,0.013004,-0.079278,0.99043
sd7062,2e+05,4,0.88392,0.013248,-0.079049,0.9907
sd7062,2e+05,4.25,0.9106,0.013508,-0.078834,0.99092
sd7062,2e+05,4.5,0.93715,0.013784,-0.078616,0.99109
sd7062,2e+05,4.75,0.96349,0.014075,-0.07838,0.9912
sd7062,2e+05,5,0.98954,0.014379,-0.078115,0.99125
sd7062,2e+05,5.25,1.0153,0.014694,-0.077812,0.99126
sd7062,2e+05,5.5,1.0407,0.015019,-0.077463,0.99122
sd7062,2e+05,5.75,1.0658,0.015351,-0.077063,0.99113
sd7062,2e+05,6,1.0906,0.015691,-0.07661,0.99103
sd7062,2e+05,6.25,1.1151,0.016037,-0.076108,0.9909
sd7062,2e+05,6.5,1.1393,0.01639,-0.075563,0.99077
sd7062,2e+05,6.75,1.1632,0.016747,-0.074982,0.99064
sd7062,2e+05,7,1.1869,0.017108,-0.074373,0.99053
sd7062,2e+05,7.25,1.2102,0.017472,-0.073742,0.99044
sd7062,2e+05,7.5,1.2333,0.01784,-0.073088,0.99037
sd7062,2e+05,7.75,1.2561,0.018211,-0.072411,0.99032
sd7062,2e+05,8,1.2786,0.018589,-0.071704,0.99028
sd7062,2e+05,8.25,1.3007,0.018975,-0.070962,0.99027
sd7062,2e+05,8.5,1.3224,0.019372,-0.070174,0.99026
sd7062,2e+05,8.75,1.3436,0.019785,-0.069329,0.99026
sd7062,2e+05,9,1.3642,0.020216,-0.068417,0.99026
sd7062,2e+05,9.25,1.3841,0.020671,-0.067423,0.99026
sd7062,2e+05,9.5,1.4032,0.021153,-0.066333,0.99025
sd7062,2e+05,9.75,1.4213,0.021665,-0.065136,0.99023
sd7062,2e+05,10,1.4385,0.02221,-0.063821,0.9902
sd7062,2e+05,10.25,1.4546,0.022792,-0.062383,0.99016
sd7062,2e+05,10.5,1.4696,0.023414,-0.060822,0.9901
sd7062,2e+05,10.75,1.4836,0.02408,-0.059145,0.99003
sd7062,2e+05,11,1.4964,0.024797,-0.05737,0.98995
sd7062,2e+05,11.25,1.5081,0.025572,-0.055525,0.98985
sd7062,2e+05,11.5,1.5189,0.026416,-0.05365,0.98972
sd7062,2e+05,11.75,1.5287,0.027341,-0.051789,0.98958
sd7062,2e+05,12,1.5376,0.028363,-0.04999,0.9894
sd7062,2e+05,12.25,1.5457,0.029495,-0.0483,0.98921
sd7062,2e+05,12.5,1.553,0.030749,-0.046754,0.98898
sd7062,2e+05,12.75,1.5595,0.032135,-0.045373,0.98872
sd7062,2e+05,13,1.5652,0.033658,-0.044168,0.98845
sd7062,2e+05,13.25,1.5701,0.035319,-0.043132,0.98815
sd7062,2e+05,13.5,1.5742,0.037118,-0.042256,0.98783
sd7062,2e+05,13.75,1.5774,0.039052,-0.041521,0.98751
sd7062,2e+05,14,1.5798,0.041118,-0.040914,0.98718
sd7062,2e+05,14.25,1.5814,0.043314,-0.04042,0.98687
sd7062,2e+05,14.5,1.5821,0.04564,-0.040034,0.98656
sd7062,2e+05,14.75,1.582,0.048096,-0.039752,0.98628
sd7062,2e+05,15,1.5812,0.050685,-0.039576,0.98602
sd7062,2e+05,15.25,1.5798,0.053405,-0.03951,0.9858
sd7062,2e+05,15.5,1.5777,0.056255,-0.039558,0.98562
sd7062,2e+05,15.75,1.5753,0.059227,-0.039724,0.98547
sd7062,2e+05,16,1.5726,0.062309,-0.040007,0.98535
sd7062,2e+05,16.25,1.5698,0.065488,-0.040402,0.98527
sd7062,2e+05,16.5,1.567,0.068746,-0.040902,0.98523
sd7062,2e+05,16.75,1.5643,0.072069,-0.041495,0.9852
sd7062,2e+05,17,1.5619,0.075442,-0.042172,0.9852
sd7062,2e+05,17.25,1.5598,0.078856,-0.042919,0.98522
sd7062,2e+05,17.5,1.5581,0.082306,-0.043725,0.98525
sd7062,2e+05,17.75,1.5567,0.085789,-0.04458,0.9853
sd7062,2e+05,18,1.5557,0.089309,-0.04548,0.98537
sd7062,2e+05,18.25,1.5551,0.09287,-0.04642,0.98545
sd7062,2e+05,18.5,1.5548,0.096479,-0.047401,0.98554
sd7062,2e+05,18.75,1.5547,0.10015,-0.048426,0.98565
sd7062,2e+05,19,1.5548,0.10388,-0.049501,0.98576
sd7062,2e+05,19.25,1.5551,0.10768,-0.050635,0.98586
sd7062,2e+05,19.5,1.5555,0.11156,-0.051838,0.98594
sd7062,2e+05,19.75,1.5559,0.11551,-0.053122,0.98597
sd7062,2e+05,20,1.5565,0.11953,-0.0545,0.98592
sd7062,2e+05,20.25,1.5571,0.12361,-0.05599,0.98572
sd7062,2e+05,20.5,1.5577,0.12773,-0.057611,0.98531
sd7062,2e+05,20.75,1.5584,0.13186,-0.059386,0.98459
sd7062,2e+05,21,1.559,0.13599,-0.061345,0.98339
sd7062,2e+05,21.25,1.5595,0.14004,-0.063528,0.98148
sd7062,2e+05,21.5,1.5595,0.14396,-0.065986,0.97845
sd7062,2e+05,21.75,1.5585,0.1476,-0.068793,0.97362
sd7062,2e+05,22,1.5557,0.15082,-0.07206,0.9658
sd7062,2.5e+05,-6,-0.18377,0.017239,-0.094327,0.98731
sd7062,2.5e+05,-5.75,-0.15879,0.016696,-0.093545,0.98746
sd7062,2.5e+05,-5.5,-0.1334,0.016207,-0.092895,0.9872
sd7062,2.5e+05,-5.25,-0.10765,0.015762,-0.092355,0.98656
sd7062,2.5e+05,-5,-0.081592,0.015353,-0.091902,0.98557
sd7062,2.5e+05,-4.75,-0.055291,0.014973,-0.091514,0.98427
sd7062,2.5e+05,-4.5,-0.028824,0.014612,-0.091176,0.98269
sd7062,2.5e+05,-4.25,-0.0022657,0.014258,-0.090878,0.98085
sd7062,2.5e+05,-4,0.024309,0.013897,-0.090615,0.97881
sd7062,2.5e+05,-3.75,0.050818,0.013516,-0.090371,0.97671
sd7062,2.5e+05,-3.5,0.07719,0.013116,-0.090124,0.97481
sd7062,2.5e+05,-3.25,0.10343,0.012716,-0.089852,0.9734
sd7062,2.5e+05,-3,0.12956,0.012322,-0.089518,0.97265
sd7062,2.5e+05,-2.75,0.15537,0.011906,-0.089114,0.97265
sd7062,2.5e+05,-2.5,0.18079,0.011448,-0.088584,0.97337
sd7062,2.5e+05,-2.25,0.20652,0.011038,-0.087828,0.97458
sd7062,2.5e+05,-2,0.23304,0.010788,-0.087061,0.97605
sd7062,2.5e+05,-1.75,0.26002,0.01067,-0.08641,0.97748
sd7062,2.5e+05,-1.5,0.28665,0.010602,-0.085829,0.97872
sd7062,2.5e+05,-1.25,0.31267,0.010552,-0.085267,0.97983
sd7062,2.5e+05,-1,0.33859,0.010525,-0.084686,0.98093
sd7062,2.5e+05,-0.75,0.36473,0.010517,-0.084051,0.98199
sd7062,2.5e+05,-0.5,0.39097,0.010504,-0.083323,0.98283
sd7062,2.5e+05,-0.25,0.41696,0.010476,-0.082468,0.98332
sd7062,2.5e+05,0,0.44211,0.010438,-0.081436,0.98347
sd7062,2.5e+05,0.25,0.46594,0.010401,-0.080171,0.98339
sd7062,2.5e+05,0.5,0.48899,0.010365,-0.078786,0.98324
sd7062,2.5e+05,0.75,0.51357,0.010337,-0.077763,0.98318
sd7062,2.5e+05,1,0.54259,0.010327,-0.077735,0.98331
sd7062,2.5e+05,1.25,0.57616,0.010342,-0.078743,0.98366
sd7062,2.5e+05,1.5,0.61084,0.010383,-0.080051,0.9842
sd7062,2.5e+05,1.75,0.64338,0.010449,-0.080959,0.98489
sd7062,2.5e+05,2,0.67311,0.010539,-0.081309,0.98563
sd7062,2.5e+05,2.25,0.70084,0.010655,-0.081258,0.98636
sd7062,2.5e+05,2.5,0.72747,0.010796,-0.080992,0.98706
sd7062,2.5e+05,2.75,0.75363,0.010958,-0.080631,0.9877
sd7062,2.5e+05,3,0.77964,0.01114,-0.080244,0.98827
sd7062,2.5e+05,3.25,0.80566,0.01134,-0.079864,0.98878
sd7062,2.5e+05,3.5,0.83176,0.011557,-0.079508,0.98922
sd7062,2.5e+05,3.75,0.85794,0.01179,-0.079182,0.9896
sd7062,2.5e+05,4,0.88417,0.012037,-0.078886,0.98991
sd7062,2.5e+05,4.25,0.91041,0.012298,-0.078615,0.99016
sd7062,2.5e+05,4.5,0.93659,0.012571,-0.078362,0.99035
sd7062,2.5e+05,4.75,0.96268,0.012854,-0.078114,0.99049
sd7062,2.5e+05,5,0.98863,0.013144,-0.077859,0.99058
sd7062,2.5e+05,5.25,1.0144,0.01344,-0.077581,0.99063
sd7062,2.5e+05,5.5,1.04,0.013743,-0.077267,0.99064
sd7062,2.5e+05,5.75,1.0653,0.01405,-0.076908,0.99063
sd7062,2.5e+05,6,1.0903,0.014363,-0.076502,0.99061
sd7062,2.5e+05,6.25,1.1149,0.014679,-0.07605,0.99058
sd7062,2.5e+05,6.5,1.1393,0.014997,-0.075555,0.99056
sd7062,2.5e+05,6.75,1.1633,0.015317,-0.075021,0.99053
sd7062,2.5e+05,7,1.1869,0.015638,-0.074447,0.99051
sd7062,2.5e+05,7.25,1.2102,0.015962,-0.073835,0.9905
sd7062,2.5e+05,7.5,1.2332,0.016289,-0.073182,0.9905
sd7062,2.5e+05,7.75,1.2559,0.016623,-0.072485,0.99049
sd7062,2.5e+05,8,1.2781,0.016966,-0.07174,0.99049
sd7062,2.5e+05,8.25,1.2999,0.017323,-0.070942,0.99049
sd7062,2.5e+05,8.5,1.3212,0.017696,-0.070085,0.99049
sd7062,2.5e+05,8.75,1.3419,0.01809,-0.069161,0.99049
sd7062,2.5e+05,9,1.3619,0.018508,-0.068163,0.99048
sd7062,2.5e+05,9.25,1.3812,0.018954,-0.067083,0.99047
sd7062,2.5e+05,9.5,1.3998,0.019429,-0.065914,0.99046
sd7062,2.5e+05,9.75,1.4174,0.019938,-0.064652,0.99044
sd7062,2.5e+05,10,1.4342,0.020482,-0.063293,0.99042
sd7062,2.5e+05,10.25,1.4501,0.021065,-0.061838,0.99041
sd7062,2.5e+05,10.5,1.465,0.021689,-0.060294,0.99039
sd7062,2.5e+05,10.75,1.479,0.022361,-0.058673,0.99037
sd7062,2.5e+05,11,1.4922,0.023086,-0.056995,0.99036
sd7062,2.5e+05,11.25,1.5045,0.023873,-0.055288,0.99033
sd7062,2.5e+05,11.5,1.5159,0.024734,-0.053587,0.9903
sd7062,2.5e+05,11.75,1.5265,0.025682,-0.051932,0.99025
sd7062,2.5e+05,12,1.5364,0.026731,-0.050362,0.99019
sd7062,2.5e+05,12.25,1.5454,0.027896,-0.048913,0.99011
sd7062,2.5e+05,12.5,1.5536,0.02919,-0.047608,0.99
sd7062,2.5e+05,12.75,1.561,0.030623,-0.046459,0.98988
sd7062,2.5e+05,13,1.5674,0.032201,-0.045467,0.98973
sd7062,2.5e+05,13.25,1.573,0.033926,-0.044622,0.98956
sd7062,2.5e+05,13.5,1.5776,0.035798,-0.043908,0.98938
sd7062,2.5e+05,13.75,1.5812,0.037816,-0.043308,0.98919
sd7062,2.5e+05,14,1.5837,0.039976,-0.042808,0.989
sd7062,2.5e+05,14.25,1.5853,0.042278,-0.0424,0.9888
sd7062,2.5e+05,14.5,1.5859,0.044723,-0.042082,0.98862
sd7062,2.5e+05,14.75,1.5856,0.047314,-0.041857,0.98845
sd7062,2.5e+05,15,1.5843,0.050054,-0.041735,0.9883
sd7062,2.5e+05,15.25,1.5822,0.052943,-0.041728,0.98817
sd7062,2.5e+05,15.5,1.5795,0.05598,-0.041847,0.98807
sd7062,2.5e+05,15.75,1.5762,0.059159,-0.042101,0.98799
sd7062,2.5e+05,16,1.5724,0.062468,-0.042492,0.98793
sd7062,2.5e+05,16.25,1.5683,0.065895,-0.043018,0.98789
sd7062,2.5e+05,16.5,1.5641,0.069425,-0.043673,0.98786
sd7062,2.5e+05,16.75,1.5599,0.073043,-0.044445,0.98784
sd7062,2.5e+05,17,1.5558,0.076734,-0.04532,0.98782
sd7062,2.5e+05,17.25,1.5519,0.080483,-0.046284,0.98779
sd7062,2.5e+05,17.5,1.5483,0.084274,-0.047319,0.98776
sd7062,2.5e+05,17.75,1.5451,0.08809,-0.048407,0.98771
sd7062,2.5e+05,18,1.5425,0.091916,-0.049534,0.98765
sd7062,2.5e+05,18.25,1.5404,0.095738,-0.050687,0.98758
sd7062,2.5e+05,18.5,1.5388,0.09955,-0.051858,0.9875
sd7062,2.5e+05,18.75,1.5377,0.10335,-0.053044,0.98742
sd7062,2.5e+05,19,1.5372,0.10714,-0.054243,0.98731
sd7062,2.5e+05,19.25,1.5371,0.11093,-0.055462,0.9872
sd7062,2.5e+05,19.5,1.5373,0.11473,-0.056706,0.98707
sd7062,2.5e+05,19.75,1.5379,0.11855,-0.057987,0.98691
sd7062,2.5e+05,20,1.5387,0.12241,-0.059313,0.98672
sd7062,2.5e+05,20.25,1.5397,0.12629,-0.060698,0.98647
sd7062,2.5e+05,20.5,1.5408,0.13021,-0.062154,0.98614
sd7062,2.5e+05,20.75,1.5421,0.13416,-0.063692,0.9857
sd7062,2.5e+05,21,1.5436,0.1381,-0.065327,0.98511
sd7062,2.5e+05,21.25,1.5451,0.14202,-0.067069,0.98429
sd7062,2.5e+05,21.5,1.5467,0.14587,-0.068935,0.98318
sd7062,2.5e+05,21.75,1.5483,0.14961,-0.070937,0.98165
sd7062,2.5e+05,22,1.5496,0.15321,-0.073095,0.97953
sd7062,3.5e+05,-6,-0.19641,0.014672,-0.090917,0.98719
sd7062,3.5e+05,-5.75,-0.17021,0.014284,-0.090514,0.98689
sd7062,3.5e+05,-5.5,-0.14379,0.013927,-0.090144,0.9863
sd7062,3.5e+05,-5.25,-0.11721,0.013597,-0.089796,0.9854
sd7062,3.5e+05,-5,-0.090528,0.01329,-0.089464,0.98424
sd7062,3.5e+05,-4.75,-0.06374,0.013002,-0.089146,0.98281
sd7062,3.5e+05,-4.5,-0.036853,0.012726,-0.088848,0.98114
sd7062,3.5e+05,-4.25,-0.0098685,0.012457,-0.088576,0.97925
sd7062,3.5e+05,-4,0.017207,0.012186,-0.088336,0.97713
sd7062,3.5e+05,-3.75,0.04434,0.011901,-0.088133,0.97483
sd7062,3.5e+05,-3.5,0.071468,0.011594,-0.087961,0.97251
sd7062,3.5e+05,-3.25,0.098536,0.011267,-0.087805,0.97045
sd7062,3.5e+05,-3,0.12555,0.010942,-0.087646,0.96895
sd7062,3.5e+05,-2.75,0.1525,0.010622,-0.087441,0.96815
sd7062,3.5e+05,-2.5,0.17916,0.010286,-0.087191,0.96809
sd7062,3.5e+05,-2.25,0.20546,0.0099252,-0.086868,0.96862
sd7062,3.5e+05,-2,0.23199,0.0096145,-0.086399,0.96966
sd7062,3.5e+05,-1.75,0.25918,0.0094248,-0.085927,0.97112
sd7062,3.5e+05,-1.5,0.28683,0.0093315,-0.085534,0.97267
sd7062,3.5e+05,-1.25,0.31432,0.0092791,-0.085177,0.97409
sd7062,3.5e+05,-1,0.34122,0.009235,-0.08482,0.97537
sd7062,3.5e+05,-0.75,0.36777,0.0092033,-0.084449,0.97663
sd7062,3.5e+05,-0.5,0.39443,0.0091938,-0.084048,0.97795
sd7062,3.5e+05,-0.25,0.42125,0.0091969,-0.0836,0.97925
sd7062,3.5e+05,0,0.44812,0.0091955,-0.08307,0.98034
sd7062,3.5e+05,0.25,0.47477,0.0091823,-0.082436,0.98111
sd7062,3.5e+05,0.5,0.5008,0.009161,-0.081663,0.98155
sd7062,3.5e+05,0.75,0.52589,0.0091381,-0.08072,0.98174
sd7062,3.5e+05,1,0.55046,0.0091188,-0.079704,0.98181
sd7062,3.5e+05,1.25,0.57623,0.0091096,-0.078968,0.9819
sd7062,3.5e+05,1.5,0.60517,0.0091196,-0.07895,0.9821
sd7062,3.5e+05,1.75,0.63715,0.0091554,-0.079634,0.98248
sd7062,3.5e+05,2,0.66958,0.0092176,-0.080469,0.98305
sd7062,3.5e+05,2.25,0.70024,0.0093054,-0.080972,0.98376
sd7062,3.5e+05,2.5,0.72879,0.0094197,-0.081067,0.98453
sd7062,3.5e+05,2.75,0.7559,0.0095609,-0.080889,0.98529
sd7062,3.5e+05,3,0.78225,0.0097278,-0.080577,0.98601
sd7062,3.5e+05,3.25,0.80827,0.0099174,-0.080215,0.98665
sd7062,3.5e+05,3.5,0.83417,0.010126,-0.07985,0.9872
sd7062,3.5e+05,3.75,0.86004,0.010351,-0.079503,0.98768
sd7062,3.5e+05,4,0.88594,0.010588,-0.079183,0.98808
sd7062,3.5e+05,4.25,0.91189,0.010835,-0.078892,0.98842
sd7062,3.5e+05,4.5,0.9379,0.011089,-0.078624,0.9887
sd7062,3.5e+05,4.75,0.96395,0.011351,-0.078371,0.98893
sd7062,3.5e+05,5,0.99,0.011618,-0.078124,0.98912
sd7062,3.5e+05,5.25,1.016,0.011889,-0.077873,0.98928
sd7062,3.5e+05,5.5,1.0418,0.012165,-0.077613,0.98943
sd7062,3.5e+05,5.75,1.0675,0.012441,-0.077336,0.98955
sd7062,3.5e+05,6,1.0929,0.012718,-0.077036,0.98966
sd7062,3.5e+05,6.25,1.118,0.012994,-0.076704,0.98976
sd7062,3.5e+05,6.5,1.1429,0.013269,-0.076334,0.98984
sd7062,3.5e+05,6.75,1.1674,0.013545,-0.075917,0.9899
sd7062,3.5e+05,7,1.1917,0.013824,-0.07545,0.98996
sd7062,3.5e+05,7.25,1.2155,0.014108,-0.074926,0.98999
sd7062,3.5e+05,7.5,1.239,0.014399,-0.074343,0.99001
sd7062,3.5e+05,7.75,1.262,0.014702,-0.073696,0.99002
sd7062,3.5e+05,8,1.2845,0.01502,-0.072982,0.99002
sd7062,3.5e+05,8.25,1.3065,0.015354,-0.072197,0.99
sd7062,3.5e+05,8.5,1.3279,0.015708,-0.071338,0.98998
sd7062,3.5e+05,8.75,1.3486,0.016083,-0.070401,0.98994
sd7062,3.5e+05,9,1.3687,0.016482,-0.069386,0.9899
sd7062,3.5e+05,9.25,1.3881,0.016905,-0.068289,0.98986
sd7062,3.5e+05,9.5,1.4068,0.017355,-0.067113,0.98982
sd7062,3.5e+05,9.75,1.4248,0.017832,-0.065858,0.98978
sd7062,3.5e+05,10,1.442,0.01834,-0.064528,0.98975
sd7062,3.5e+05,10.25,1.4586,0.018882,-0.06313,0.98973
sd7062,3.5e+05,10.5,1.4744,0.019462,-0.061673,0.98972
sd7062,3.5e+05,10.75,1.4895,0.020084,-0.060171,0.98973
sd7062,3.5e+05,11,1.5039,0.020757,-0.05864,0.98974
sd7062,3.5e+05,11.25,1.5176,0.021488,-0.057103,0.98976
sd7062,3.5e+05,11.5,1.5305,0.022289,-0.055582,0.98979
sd7062,3.5e+05,11.75,1.5427,0.023171,-0.054106,0.98981
sd7062,3.5e+05,12,1.554,0.02415,-0.052701,0.98981
sd7062,3.5e+05,12.25,1.5645,0.02524,-0.05139,0.98981
sd7062,3.5e+05,12.5,1.574,0.026457,-0.05019,0.98979
sd7062,3.5e+05,12.75,1.5826,0.027812,-0.049109,0.98975
sd7062,3.5e+05,13,1.5901,0.029315,-0.048144,0.9897
sd7062,3.5e+05,13.25,1.5965,0.030975,-0.04729,0.98963
sd7062,3.5e+05,13.5,1.6017,0.032794,-0.046534,0.98955
sd7062,3.5e+05,13.75,1.6058,0.034775,-0.045866,0.98946
sd7062,3.5e+05,14,1.6088,0.036919,-0.04528,0.98938
sd7062,3.5e+05,14.25,1.6106,0.039223,-0.044775,0.98931
sd7062,3.5e+05,14.5,1.6114,0.041686,-0.044356,0.98924
sd7062,3.5e+05,14.75,1.6112,0.044305,-0.044035,0.98919
sd7062,3.5e+05,15,1.6102,0.047079,-0.043827,0.98916
sd7062,3.5e+05,15.25,1.6083,0.050005,-0.043748,0.98915
sd7062,3.5e+05,15.5,1.6058,0.053081,-0.043812,0.98916
sd7062,3.5e+05,15.75,1.6027,0.056305,-0.044029,0.9892
sd7062,3.5e+05,16,1.5991,0.059675,-0.044402,0.98924
sd7062,3.5e+05,16.25,1.595,0.063191,-0.044935,0.9893
sd7062,3.5e+05,16.5,1.5905,0.066854,-0.045624,0.98938
sd7062,3.5e+05,16.75,1.5855,0.070667,-0.046467,0.98945
sd7062,3.5e+05,17,1.5802,0.074632,-0.04746,0.98953
sd7062,3.5e+05,17.25,1.5746,0.078748,-0.048593,0.9896
sd7062,3.5e+05,17.5,1.5689,0.083006,-0.049856,0.98966
sd7062,3.5e+05,17.75,1.5631,0.087386,-0.051229,0.98971
sd7062,3.5e+05,18,1.5574,0.09186,-0.052693,0.98975
sd7062,3.5e+05,18.25,1.5521,0.09639,-0.054225,0.98978
sd7062,3.5e+05,18.5,1.5472,0.10094,-0.055805,0.98979
sd7062,3.5e+05,18.75,1.5429,0.10547,-0.057417,0.98979
sd7062,3.5e+05,19,1.5391,0.10997,-0.059048,0.98976
sd7062,3.5e+05,19.25,1.5361,0.1144,-0.060692,0.98971
sd7062,3.5e+05,19.5,1.5336,0.11876,-0.062345,0.98963
sd7062,3.5e+05,19.75,1.5318,0.12305,-0.064006,0.98951
sd7062,3.5e+05,20,1.5305,0.12727,-0.06568,0.98934
sd7062,3.5e+05,20.25,1.5296,0.13143,-0.067372,0.98912
sd7062,3.5e+05,20.5,1.5292,0.13554,-0.069091,0.98884
sd7062,3.5e+05,20.75,1.529,0.13962,-0.070847,0.98846
sd7062,3.5e+05,21,1.529,0.14368,-0.07265,0.98798
sd7062,3.5e+05,21.25,1.5292,0.14771,-0.074514,0.98737
sd7062,3.5e+05,21.5,1.5294,0.15171,-0.076452,0.98658
sd7062,3.5e+05,21.75,1.5296,0.15568,-0.078477,0.98555
sd7062,3.5e+05,22,1.5298,0.15959,-0.080605,0.98421
sd7062,4.5e+05,-6,-0.20358,0.013212,-0.08953,0.98498
sd7062,4.5e+05,-5.75,-0.17693,0.012894,-0.089206,0.98445
sd7062,4.5e+05,-5.5,-0.15017,0.012598,-0.088882,0.98369
sd7062,4.5e+05,-5.25,-0.12331,0.012322,-0.08856,0.98272
sd7062,4.5e+05,-5,-0.096334,0.012064,-0.08825,0.98153
sd7062,4.5e+05,-4.75,-0.06923,0.011818,-0.08796,0.98013
sd7062,4.5e+05,-4.5,-0.041984,0.011583,-0.087698,0.97853
sd7062,4.5e+05,-4.25,-0.014591,0.011356,-0.08747,0.97671
sd7062,4.5e+05,-4,0.012936,0.011132,-0.087276,0.97467
sd7062,4.5e+05,-3.75,0.040564,0.010905,-0.087118,0.9724
sd7062,4.5e+05,-3.5,0.068233,0.010665,-0.086992,0.96998
sd7062,4.5e+05,-3.25,0.095868,0.010404,-0.086893,0.96762
sd7062,4.5e+05,-3,0.12343,0.01013,-0.086813,0.96566
sd7062,4.5e+05,-2.75,0.15092,0.0098601,-0.086728,0.96439
sd7062,4.5e+05,-2.5,0.17831,0.0095918,-0.086592,0.96392
sd7062,4.5e+05,-2.25,0.2054,0.0093054,-0.086422,0.96411
sd7062,4.5e+05,-2,0.23222,0.009012,-0.086191,0.96475
sd7062,4.5e+05,-1.75,0.25934,0.0087811,-0.085866,0.96587
sd7062,4.5e+05,-1.5,0.28698,0.0086466,-0.085553,0.96745
sd7062,4.5e+05,-1.25,0.31498,0.0085788,-0.085289,0.96915
sd7062,4.5e+05,-1,0.34286,0.0085366,-0.085036,0.97073
sd7062,4.5e+05,-0.75,0.37024,0.0084949,-0.084774,0.97216
sd7062,4.5e+05,-0.5,0.39726,0.0084577,-0.084498,0.97352
sd7062,4.5e+05,-0.25,0.42436,0.0084388,-0.084205,0.97496
sd7062,4.5e+05,0,0.45163,0.008437,-0.083881,0.97641
sd7062,4.5e+05,0.25,0.47898,0.0084386,-0.08349,0.97773
sd7062,4.5e+05,0.5,0.50623,0.008434,-0.083005,0.97877
sd7062,4.5e+05,0.75,0.53309,0.0084231,-0.082408,0.97948
sd7062,4.5e+05,1,0.55919,0.008411,-0.081674,0.97988
sd7062,4.5e+05,1.25,0.58455,0.0084032,-0.080827,0.98008
sd7062,4.5e+05,1.5,0.61008,0.0084058,-0.080062,0.98021
sd7062,4.5e+05,1.75,0.63747,0.0084263,-0.079741,0.98038
sd7062,4.5e+05,2,0.66751,0.0084721,-0.080039,0.9807
sd7062,4.5e+05,2.25,0.69873,0.0085449,-0.080644,0.9812
sd7062,4.5e+05,2.5,0.72896,0.0086435,-0.081088,0.98188
sd7062,4.5e+05,2.75,0.75741,0.0087671,-0.08119,0.98266
sd7062,4.5e+05,3,0.78445,0.0089154,-0.081031,0.98346
sd7062,4.5e+05,3.25,0.81075,0.0090868,-0.080744,0.98422
sd7062,4.5e+05,3.5,0.83674,0.0092779,-0.080418,0.98491
sd7062,4.5e+05,3.75,0.86267,0.009485,-0.080097,0.98553
sd7062,4.5e+05,4,0.88865,0.009705,-0.079797,0.98606
sd7062,4.5e+05,4.25,0.91472,0.0099352,-0.079521,0.98653
sd7062,4.5e+05,4.5,0.94087,0.010174,-0.079265,0.98693
sd7062,4.5e+05,4.75,0.96706,0.010419,-0.079029,0.98729
sd7062,4.5e+05,5,0.99326,0.010669,-0.078808,0.9876
sd7062,4.5e+05,5.25,1.0194,0.010921,-0.078598,0.98788
sd7062,4.5e+05,5.5,1.0455,0.011174,-0.078394,0.98813
sd7062,4.5e+05,5.75,1.0715,0.011426,-0.078185,0.98834
sd7062,4.5e+05,6,1.0974,0.011677,-0.077963,0.98852
sd7062,4.5e+05,6.25,1.1231,0.011927,-0.077716,0.98868
sd7062,4.5e+05,6.5,1.1485,0.012178,-0.077436,0.9888
sd7062,4.5e+05,6.75,1.1738,0.012432,-0.077114,0.98889
sd7062,4.5e+05,7,1.1987,0.012691,-0.076742,0.98896
sd7062,4.5e+05,7.25,1.2232,0.012959,-0.076313,0.98901
sd7062,4.5e+05,7.5,1.2473,0.013237,-0.07582,0.98903
sd7062,4.5e+05,7.75,1.2709,0.013527,-0.075259,0.98903
sd7062,4.5e+05,8,1.294,0.013833,-0.074624,0.98901
sd7062,4.5e+05,8.25,1.3165,0.014155,-0.073913,0.98898
sd7062,4.5e+05,8.5,1.3384,0.014494,-0.073121,0.98893
sd7062,4.5e+05,8.75,1.3597,0.014851,-0.072247,0.98888
sd7062,4.5e+05,9,1.3803,0.015227,-0.071289,0.98882
sd7062,4.5e+05,9.25,1.4003,0.015623,-0.070247,0.98875
sd7062,4.5e+05,9.5,1.4196,0.016041,-0.069121,0.98869
sd7062,4.5e+05,9.75,1.4382,0.016481,-0.067914,0.98863
sd7062,4.5e+05,10,1.4562,0.016948,-0.06663,0.98857
sd7062,4.5e+05,10.25,1.4735,0.017444,-0.065277,0.98853
sd7062,4.5e+05,10.5,1.4901,0.017974,-0.063863,0.98851
sd7062,4.5e+05,10.75,1.506,0.018544,-0.062403,0.9885
sd7062,4.5e+05,11,1.5212,0.019159,-0.06091,0.98851
sd7062,4.5e+05,11.25,1.5357,0.019829,-0.059402,0.98853
sd7062,4.5e+05,11.5,1.5494,0.020562,-0.057899,0.98855
sd7062,4.5e+05,11.75,1.5624,0.021372,-0.056423,0.98857
sd7062,4.5e+05,12,1.5745,0.022271,-0.054996,0.98859
sd7062,4.5e+05,12.25,1.5856,0.023274,-0.053637,0.98859
sd7062,4.5e+05,12.5,1.5958,0.024397,-0.052363,0.98857
sd7062,4.5e+05,12.75,1.6049,0.025655,-0.05118,0.98854
sd7062,4.5e+05,13,1.6129,0.027061,-0.050093,0.98849
sd7062,4.5e+05,13.25,1.6197,0.028624,-0.049096,0.98843
sd7062,4.5e+05,13.5,1.6254,0.030351,-0.048186,0.98837
sd7062,4.5e+05,13.75,1.6298,0.032243,-0.04736,0.9883
sd7062,4.5e+05,14,1.6332,0.034299,-0.046617,0.98824
sd7062,4.5e+05,14.25,1.6356,0.036511,-0.045961,0.98819
sd7062,4.5e+05,14.5,1.6371,0.038873,-0.045402,0.98816
sd7062,4.5e+05,14.75,1.6378,0.041377,-0.04495,0.98815
sd7062,4.5e+05,15,1.6377,0.044017,-0.044618,0.98817
sd7062,4.5e+05,15.25,1.6371,0.046792,-0.04442,0.9882
sd7062,4.5e+05,15.5,1.6358,0.049704,-0.044365,0.98826
sd7062,4.5e+05,15.75,1.634,0.052756,-0.044463,0.98833
sd7062,4.5e+05,16,1.6315,0.055953,-0.044715,0.98843
sd7062,4.5e+05,16.25,1.6285,0.059302,-0.045124,0.98855
sd7062,4.5e+05,16.5,1.6249,0.062809,-0.045688,0.98867
sd7062,4.5e+05,16.75,1.6207,0.066482,-0.046407,0.98881
sd7062,4.5e+05,17,1.6158,0.070332,-0.04728,0.98896
sd7062,4.5e+05,17.25,1.6104,0.074364,-0.048306,0.9891
sd7062,4.5e+05,17.5,1.6044,0.078579,-0.049478,0.98924
sd7062,4.5e+05,17.75,1.5981,0.082965,-0.050786,0.98937
sd7062,4.5e+05,18,1.5917,0.087496,-0.052214,0.98949
sd7062,4.5e+05,18.25,1.5852,0.092138,-0.053743,0.9896
sd7062,4.5e+05,18.5,1.579,0.096849,-0.055354,0.98969
sd7062,4.5e+05,18.75,1.5732,0.10159,-0.057031,0.98977
sd7062,4.5e+05,19,1.5678,0.10632,-0.058762,0.98982
sd7062,4.5e+05,19.25,1.5631,0.11101,-0.060538,0.98985
sd7062,4.5e+05,19.5,1.5589,0.11563,-0.062354,0.98984
sd7062,4.5e+05,19.75,1.5554,0.12017,-0.064204,0.98979
sd7062,4.5e+05,20,1.5525,0.12461,-0.066089,0.9897
sd7062,4.5e+05,20.25,1.5502,0.12897,-0.068006,0.98955
sd7062,4.5e+05,20.5,1.5484,0.13323,-0.069959,0.98934
sd7062,4.5e+05,20.75,1.547,0.13741,-0.071949,0.98905
sd7062,4.5e+05,21,1.546,0.14153,-0.073982,0.98868
sd7062,4.5e+05,21.25,1.5452,0.1456,-0.076064,0.9882
sd7062,4.5e+05,21.5,1.5445,0.14964,-0.078204,0.98758
sd7062,4.5e+05,21.75,1.5439,0.15367,-0.080412,0.98679
sd7062,4.5e+05,22,1.5432,0.15769,-0.082699,0.98578
