span_in,chord_in,S_ft2,AR,n_motors,prop,n_slots,airfoil,CLmax_trim,eta_max,W_TO_lb,limit,W_empty_lb,payload_cap_lb,E,F,FS_max,payload_used_lb,margin_lb,mean3,ladder,FFS_ideal,E_FFS,V_stall,V_R,length_in,bay_l_in,climb_grad,charge_Ah,t_flight_s,V_cruise,land_roll_free_ft,land_roll_brake_ft,length_ok
73,12,6.0833,6.0833,2,12x6e,3,s1223,1.7213,1.1399,21.141,takeoff,10.188,10.953,1,2,25,9.15,1.8032,20.333,1E1F -> 0E2F -> 1E2F,30.333,31.841,42.449,46.694,49.752,15.2,0.25068,0.74814,91.095,59.428,608.44,177.92,True
73,12,6.0833,6.0833,2,12x6e,4,s1223,1.7213,1.1399,21.174,takeoff,10.526,10.647,2,2,28,10.2,0.44741,25,0E2F -> 1E2F -> 2E2F,35,33.591,42.481,46.73,49.752,20.1,0.25312,0.73551,90.981,59.474,619.49,179.6,True
73,12,6.0833,6.0833,2,12x6e,5,s1223,1.7213,1.1399,21.191,takeoff,10.864,10.328,2,2,28,10.2,0.12799,25,0E2F -> 1E2F -> 2E2F,35,33.994,42.5,46.749,49.752,25,0.25446,0.72863,90.92,59.499,625.75,180.53,True
73,12,6.0833,6.0833,2,12x6e,6,s1223,1.7213,1.1399,21.201,takeoff,11.2,10.001,5,1,26,9.3,0.70071,23,3E1F -> 4E1F -> 5E1F,33,33.565,42.509,46.76,49.752,29.9,0.25516,0.72501,90.887,59.513,629.13,181.04,True
73,12,6.0833,6.0833,2,12x6e,7,s1223,1.7213,1.1399,20.919,takeoff,11.349,9.5705,5,1,26,9.3,0.27053,23,3E1F -> 4E1F -> 5E1F,33,32.215,42.226,46.448,49.752,20.1,0.23438,0.83605,91.901,59.116,544.24,167.47,True
73,12,6.0833,6.0833,2,12x6e,8,s1223,1.7213,1.1399,20.919,takeoff,11.441,9.4784,5,1,26,9.3,0.17839,23,3E1F -> 4E1F -> 5E1F,33,32.33,42.226,46.448,49.752,20.1,0.23438,0.83605,91.901,59.116,544.24,167.47,True
73,14,7.0972,5.2143,2,12x6e,3,s1223,1.6986,1.1499,22.715,takeoff,10.727,11.988,1,2,25,9.15,2.8379,20.333,1E1F -> 0E2F -> 1E2F,30.333,32.378,41.009,45.11,56.633,15.2,0.22971,0.81189,93.943,57.413,567.3,167.17,True
73,14,7.0972,5.2143,2,12x6e,4,s1223,1.6986,1.1499,22.749,takeoff,11.066,11.683,2,2,28,10.2,1.483,25,0E2F -> 1E2F -> 2E2F,35,35.13,41.039,45.143,56.633,20.1,0.23183,0.79939,93.825,57.455,576.34,168.58,True
73,14,7.0972,5.2143,2,12x6e,5,s1223,1.6986,1.1499,22.767,takeoff,11.403,11.364,3,2,31,11.25,0.11388,28,1E2F -> 2E2F -> 3E2F,38,35.697,41.056,45.161,56.633,25,0.23299,0.79258,93.761,57.478,581.44,169.36,True
73,14,7.0972,5.2143,2,12x6e,6,s1223,1.6986,1.1499,22.777,takeoff,11.74,11.037,2,2,28,10.2,0.83678,25,0E2F -> 1E2F -> 2E2F,35,36.045,41.065,45.171,56.633,29.9,0.23361,0.78898,93.727,57.491,584.19,169.79,True
73,14,7.0972,5.2143,2,12x6e,7,s1223,1.6986,1.1499,22.491,takeoff,11.889,10.603,6,1,29,10.35,0.25271,26,4E1F -> 5E1F -> 6E1F,36,34.861,40.807,44.887,56.633,20.1,0.21548,0.89865,94.781,57.129,513.94,158.33,True
73,14,7.0972,5.2143,2,12x6e,8,s1223,1.6986,1.1499,22.491,takeoff,11.981,10.511,6,1,29,10.35,0.16057,26,4E1F -> 5E1F -> 6E1F,36,35.254,40.807,44.887,56.633,20.1,0.21548,0.89865,94.781,57.129,513.94,158.33,True
73,16,8.1111,4.5625,2,12x6e,3,s1223,1.678,1.1586,24.139,takeoff,11.283,12.856,0,3,33,12.15,0.70603,26.667,0E2F -> 1E2F -> 0E3F,36.667,34.148,39.785,43.764,63.487,15.2,0.2108,0.88189,96.681,55.7,529.49,157.74,True
73,16,8.1111,4.5625,2,12x6e,4,s1223,1.678,1.1586,24.173,takeoff,11.621,12.551,0,3,33,12.15,0.40142,26.667,0E2F -> 1E2F -> 0E3F,36.667,37.162,39.813,43.795,63.487,20.1,0.21269,0.86941,96.557,55.739,536.96,158.95,True
73,16,8.1111,4.5625,2,12x6e,5,s1223,1.678,1.1586,24.191,takeoff,11.959,12.233,0,3,33,12.15,0.082546,28,1E2F -> 2E2F -> 3E2F,38,38.064,39.828,43.811,63.487,25,0.21372,0.86259,96.489,55.76,541.16,159.62,True
73,16,8.1111,4.5625,2,12x6e,6,s1223,1.678,1.1586,24.201,takeoff,12.296,11.906,3,2,31,11.25,0.65555,28,1E2F -> 2E2F -> 3E2F,38,38.116,39.837,43.82,63.487,29.9,0.21427,0.85898,96.453,55.771,543.42,159.98,True
73,16,8.1111,4.5625,2,12x6e,7,s1223,1.678,1.1586,23.914,takeoff,12.444,11.469,3,2,31,11.25,0.21938,28,1E2F -> 2E2F -> 3E2F,38,37.373,39.6,43.559,63.487,20.1,0.19815,0.96815,97.562,55.439,484.8,150.16,True
73,16,8.1111,4.5625,2,12x6e,8,s1223,1.678,1.1586,23.914,takeoff,12.537,11.377,3,2,31,11.25,0.12724,28,1E2F -> 2E2F -> 3E2F,38,37.448,39.6,43.559,63.487,20.1,0.19815,0.96815,97.562,55.439,484.8,150.16,True
73,18,9.125,4.0556,2,12x6e,3,s1223,1.6593,1.1661,25.429,takeoff,11.854,13.575,0,3,33,12.15,1.4252,26.667,0E2F -> 1E2F -> 0E3F,36.667,35.674,38.717,42.588,70.32,15.2,0.19385,0.95875,99.358,54.203,494.89,149.33,True
73,18,9.125,4.0556,2,12x6e,4,s1223,1.6593,1.1661,25.463,takeoff,12.192,13.271,1,3,36,13.2,0.070829,31.333,1E2F -> 0E3F -> 1E3F,41.333,39.065,38.742,42.617,70.32,20.1,0.19555,0.94622,99.226,54.239,501.12,150.38,True
73,18,9.125,4.0556,2,12x6e,5,s1223,1.6593,1.1661,25.482,takeoff,12.53,12.952,0,3,33,12.15,0.8021,28,1E2F -> 2E2F -> 3E2F,38,40.342,38.757,42.632,70.32,25,0.19648,0.93939,99.154,54.259,504.61,150.95,True
73,18,9.125,4.0556,2,12x6e,6,s1223,1.6593,1.1661,25.492,takeoff,12.867,12.625,4,2,34,12.3,0.32519,31,2E2F -> 3E2F -> 4E2F,41,40.292,38.764,42.641,70.32,29.9,0.19697,0.93579,99.117,54.27,506.48,151.26,True
73,18,9.125,4.0556,2,12x6e,7,s1223,1.6593,1.1661,25.202,takeoff,13.016,12.187,0,3,33,12.15,0.036697,28,1E2F -> 2E2F -> 3E2F,38,39.231,38.544,42.398,70.32,20.1,0.18246,1.0444,100.29,53.961,457.17,142.74,True
73,18,9.125,4.0556,2,12x6e,8,s1223,1.6593,1.1661,25.202,takeoff,13.108,12.095,7,1,32,11.4,0.69455,29,5E1F -> 6E1F -> 7E1F,39,39.625,38.544,42.398,70.32,20.1,0.18246,1.0444,100.29,53.961,457.17,142.74,True
73,20,10.139,3.65,2,12x6e,3,s1223,1.6419,1.1726,26.601,takeoff,12.441,14.16,0,3,33,12.15,2.01,26.667,0E2F -> 1E2F -> 0E3F,36.667,35.685,37.764,41.541,77.135,15.2,0.17818,1.0436,102.04,52.87,462.73,141.66,True
73,20,10.139,3.65,2,12x6e,4,s1223,1.6419,1.1726,26.635,takeoff,12.779,13.856,1,3,36,13.2,0.65604,31.333,1E2F -> 0E3F -> 1E3F,41.333,40.11,37.789,41.568,77.135,20.1,0.17972,1.0311,101.9,52.904,467.95,142.57,True
73,20,10.139,3.65,2,12x6e,5,s1223,1.6419,1.1726,26.654,takeoff,13.116,13.538,1,3,36,13.2,0.33752,31.333,1E2F -> 0E3F -> 1E3F,41.333,41.599,37.802,41.582,77.135,25,0.18057,1.0243,101.82,52.923,470.87,143.07,True
73,20,10.139,3.65,2,12x6e,6,s1223,1.6419,1.1726,26.664,takeoff,13.453,13.211,1,3,36,13.2,0.010705,31.333,1E2F -> 0E3F -> 1E3F,41.333,41.761,37.809,41.59,77.135,29.9,0.18102,1.0207,101.78,52.933,472.44,143.34,True
73,20,10.139,3.65,2,12x6e,7,s1223,1.6419,1.1726,26.372,takeoff,13.603,12.769,4,2,34,12.3,0.46918,31,2E2F -> 3E2F -> 4E2F,41,40.983,37.601,41.362,77.135,20.1,0.16785,1.1304,103.04,52.642,430.77,135.89,True
73,20,10.139,3.65,2,12x6e,8,s1223,1.6419,1.1726,26.372,takeoff,13.695,12.677,4,2,34,12.3,0.37704,31,2E2F -> 3E2F -> 4E2F,41,41.021,37.601,41.362,77.135,20.1,0.16785,1.1304,103.04,52.642,430.77,135.89,True
73,22,11.153,3.3182,2,12x6e,3,s1223,1.6257,1.1785,27.675,takeoff,13.044,14.631,0,3,33,12.15,2.4811,26.667,0E2F -> 1E2F -> 0E3F,36.667,35.685,36.91,40.601,83.935,15.2,0.16358,1.1359,104.76,51.674,433.15,134.65,True
73,22,11.153,3.3182,2,12x6e,4,s1223,1.6257,1.1785,27.709,takeoff,13.382,14.327,1,3,36,13.2,1.1274,31.333,1E2F -> 0E3F -> 1E3F,41.333,40.271,36.933,40.626,83.935,20.1,0.16499,1.123,104.6,51.706,437.56,135.45,True
73,22,11.153,3.3182,2,12x6e,5,s1223,1.6257,1.1785,27.728,takeoff,13.719,14.009,1,3,36,13.2,0.80896,31.333,1E2F -> 0E3F -> 1E3F,41.333,41.943,36.945,40.64,83.935,25,0.16577,1.116,104.52,51.724,440.02,135.89,True
73,22,11.153,3.3182,2,12x6e,6,s1223,1.6257,1.1785,27.738,takeoff,14.056,13.682,1,3,36,13.2,0.48222,31.333,1E2F -> 0E3F -> 1E3F,41.333,42.511,36.952,40.647,83.935,29.9,0.16618,1.1123,104.48,51.733,441.34,136.13,True
73,22,11.153,3.3182,2,12x6e,7,s1223,1.6257,1.1785,27.444,takeoff,14.206,13.239,1,3,36,13.2,0.03888,31.333,1E2F -> 0E3F -> 1E3F,41.333,41.879,36.756,40.431,83.935,20.1,0.15409,1.2251,105.84,51.458,405.91,129.56,True
73,22,11.153,3.3182,2,12x6e,8,s1223,1.6257,1.1785,27.444,takeoff,14.298,13.147,4,2,34,12.3,0.84674,31,2E2F -> 3E2F -> 4E2F,41,42.241,36.756,40.431,83.935,20.1,0.15409,1.2251,105.84,51.458,405.91,129.56,True
73,24,12.167,3.0417,2,12x6e,3,s1223,1.6103,1.1836,28.658,takeoff,13.663,14.996,0,3,33,12.15,2.8457,26.667,0E2F -> 1E2F -> 0E3F,36.667,36.401,36.132,39.745,90.721,15.2,0.15003,1.2362,107.54,50.585,406.17,128.24,True
73,24,12.167,3.0417,2,12x6e,4,s1223,1.6103,1.1836,28.693,takeoff,14.001,14.692,1,3,36,13.2,1.4922,31.333,1E2F -> 0E3F -> 1E3F,41.333,41.297,36.154,39.769,90.721,20.1,0.15134,1.2229,107.38,50.615,409.93,128.95,True
73,24,12.167,3.0417,2,12x6e,5,s1223,1.6103,1.1836,28.712,takeoff,14.338,14.374,2,3,39,14.25,0.12395,36,0E3F -> 1E3F -> 2E3F,46,43.365,36.166,39.782,90.721,25,0.15205,1.2157,107.29,50.632,412.02,129.34,True
73,24,12.167,3.0417,2,12x6e,6,s1223,1.6103,1.1836,28.722,takeoff,14.675,14.047,1,3,36,13.2,0.84727,31.333,1E2F -> 0E3F -> 1E3F,41.333,43.501,36.172,39.789,90.721,29.9,0.15243,1.2118,107.24,50.641,413.14,129.55,True
73,24,12.167,3.0417,2,12x6e,7,s1223,1.6103,1.1836,28.427,takeoff,14.825,13.602,5,2,37,13.35,0.25204,34,3E2F -> 4E2F -> 5E2F,44,42.701,35.985,39.584,90.721,20.1,0.14125,1.3276,108.72,50.38,382.79,123.71,True
73,24,12.167,3.0417,2,12x6e,8,s1223,1.6103,1.1836,28.427,takeoff,14.917,13.51,5,2,37,13.35,0.1599,34,3E2F -> 4E2F -> 5E2F,44,43.225,35.985,39.584,90.721,20.1,0.14125,1.3276,108.72,50.38,382.79,123.71,True
73,26,13.181,2.8077,2,12x6e,3,s1223,1.5896,1.1883,29.495,takeoff,14.311,15.184,0,3,33,12.15,3.0337,26.667,0E2F -> 1E2F -> 0E3F,36.667,36.403,35.446,38.991,91.781,15.2,0.138,1.3402,110.3,49.625,381.28,122.65,True
73,26,13.181,2.8077,2,12x6e,4,s1223,1.5896,1.1883,29.53,takeoff,14.649,14.88,1,3,36,13.2,1.6804,31.333,1E2F -> 0E3F -> 1E3F,41.333,42.842,35.467,39.014,91.781,20.1,0.13922,1.3267,110.12,49.654,384.5,123.28,True
73,26,13.181,2.8077,2,12x6e,5,s1223,1.5896,1.1883,29.549,takeoff,14.987,14.562,2,3,39,14.25,0.31228,36,0E3F -> 1E3F -> 2E3F,46,44.589,35.479,39.027,91.781,25,0.13989,1.3193,110.02,49.67,386.3,123.63,True
73,26,13.181,2.8077,2,12x6e,6,s1223,1.5896,1.1883,29.559,takeoff,15.324,14.236,1,3,36,13.2,1.0357,31.333,1E2F -> 0E3F -> 1E3F,41.333,43.661,35.485,39.033,91.781,29.9,0.14024,1.3154,109.97,49.679,387.26,123.82,True
73,26,13.181,2.8077,2,12x6e,7,s1223,1.5896,1.1883,29.262,takeoff,15.473,13.789,5,2,37,13.35,0.43855,34,3E2F -> 4E2F -> 5E2F,44,43.685,35.306,38.836,91.781,20.1,0.12981,1.4338,111.6,49.428,361.09,118.57,True
73,26,13.181,2.8077,2,12x6e,8,s1223,1.5896,1.1883,29.262,takeoff,15.565,13.696,5,2,37,13.35,0.3464,34,3E2F -> 4E2F -> 5E2F,44,43.981,35.306,38.836,91.781,20.1,0.12981,1.4338,111.6,49.428,361.09,118.57,True
73,28,14.194,2.6071,2,12x6e,3,s1223,1.5681,1.1925,30.233,takeoff,14.98,15.252,0,3,33,12.15,3.1021,26.667,0E2F -> 1E2F -> 0E3F,36.667,36.403,34.817,38.299,92.841,15.2,0.12704,1.4497,113.13,48.744,357.9,117.43,True
73,28,14.194,2.6071,2,12x6e,4,s1223,1.5681,1.1925,30.268,takeoff,15.319,14.949,1,3,36,13.2,1.749,31.333,1E2F -> 0E3F -> 1E3F,41.333,42.842,34.837,38.321,92.841,20.1,0.12819,1.4356,112.93,48.772,360.67,118,True
73,28,14.194,2.6071,2,12x6e,5,s1223,1.5681,1.1925,30.287,takeoff,15.656,14.631,2,3,39,14.25,0.38093,36,0E3F -> 1E3F -> 2E3F,46,44.589,34.848,38.333,92.841,25,0.12882,1.428,112.82,48.788,362.21,118.32,True
73,28,14.194,2.6071,2,12x6e,6,s1223,1.5681,1.1925,30.297,takeoff,15.993,14.304,2,3,39,14.25,0.054379,36,0E3F -> 1E3F -> 2E3F,46,44.99,34.854,38.34,92.841,29.9,0.12915,1.4239,112.76,48.796,363.03,118.48,True
73,28,14.194,2.6071,2,12x6e,7,s1223,1.5681,1.1925,29.998,takeoff,16.142,13.856,5,2,37,13.35,0.5059,34,3E2F -> 4E2F -> 5E2F,44,43.705,34.682,38.15,92.841,20.1,0.11934,1.5469,114.56,48.555,340.46,113.75,True
73,28,14.194,2.6071,2,12x6e,8,s1223,1.5681,1.1925,29.998,takeoff,16.235,13.764,5,2,37,13.35,0.41376,34,3E2F -> 4E2F -> 5E2F,44,43.993,34.682,38.15,92.841,20.1,0.11934,1.5469,114.56,48.555,340.46,113.75,True
73,30,15.208,2.4333,2,12x6e,3,s1223,1.5458,1.1963,30.877,takeoff,15.671,15.206,0,3,33,12.15,3.0564,26.667,0E2F -> 1E2F -> 0E3F,36.667,36.403,34.237,37.661,93.901,15.2,0.11701,1.5683,116.04,47.932,336.4,112.62,True
73,30,15.208,2.4333,2,12x6e,4,s1223,1.5458,1.1963,30.913,takeoff,16.009,14.903,1,3,36,13.2,1.7035,31.333,1E2F -> 0E3F -> 1E3F,41.333,42.842,34.257,37.683,93.901,20.1,0.1181,1.5538,115.82,47.96,338.8,113.14,True
73,30,15.208,2.4333,2,12x6e,5,s1223,1.5458,1.1963,30.932,takeoff,16.346,14.586,2,3,39,14.25,0.33557,36,0E3F -> 1E3F -> 2E3F,46,44.589,34.268,37.695,93.901,25,0.11869,1.5458,115.7,47.975,340.13,113.43,True
73,30,15.208,2.4333,2,12x6e,6,s1223,1.5458,1.1963,30.942,takeoff,16.683,14.259,2,3,39,14.25,0.0090823,36,0E3F -> 1E3F -> 2E3F,46,44.922,34.274,37.701,93.901,29.9,0.11901,1.5416,115.64,47.983,340.84,113.58,True
73,30,15.208,2.4333,2,12x6e,7,s1223,1.5458,1.1963,30.642,takeoff,16.833,13.809,5,2,37,13.35,0.45886,34,3E2F -> 4E2F -> 5E2F,44,43.685,34.107,37.517,93.901,20.1,0.10974,1.6695,117.63,47.749,321.21,109.27,True
73,30,15.208,2.4333,2,12x6e,8,s1223,1.5458,1.1963,30.642,takeoff,16.925,13.717,5,2,37,13.35,0.36672,34,3E2F -> 4E2F -> 5E2F,44,43.981,34.107,37.517,93.901,20.1,0.10974,1.6695,117.63,47.749,321.21,109.27,True
73,32,16.222,2.2812,2,12x6e,3,s1223,1.5226,1.1997,31.433,takeoff,16.382,15.05,0,3,33,12.15,2.9004,26.667,0E2F -> 1E2F -> 0E3F,36.667,36.402,33.701,37.072,94.961,15.2,0.10784,1.6924,119.06,47.182,316.65,108.2,True
73,32,16.222,2.2812,2,12x6e,4,s1223,1.5226,1.1997,31.468,takeoff,16.721,14.748,1,3,36,13.2,1.5478,31.333,1E2F -> 0E3F -> 1E3F,41.333,41.297,33.721,37.093,94.961,20.1,0.10887,1.6771,118.81,47.209,318.75,108.68,True
73,32,16.222,2.2812,2,12x6e,5,s1223,1.5226,1.1997,31.488,takeoff,17.058,14.43,2,3,39,14.25,0.18006,36,0E3F -> 1E3F -> 2E3F,46,43.365,33.731,37.104,94.961,25,0.10943,1.6688,118.68,47.223,319.91,108.94,True
73,32,16.222,2.2812,2,12x6e,6,s1223,1.5226,1.1997,31.498,takeoff,17.395,14.104,1,3,36,13.2,0.90366,31.333,1E2F -> 0E3F -> 1E3F,41.333,43.501,33.737,37.11,94.961,29.9,0.10973,1.6644,118.61,47.231,320.53,109.08,True
73,32,16.222,2.2812,2,12x6e,7,s1223,1.5226,1.1997,30.575,circuit,17.509,13.066,4,2,34,12.3,0.76572,31,2E2F -> 3E2F -> 4E2F,41,41.775,33.238,36.562,94.961,20.1,0.10795,1.7412,120.05,46.533,297.25,103.02,True
73,32,16.222,2.2812,2,12x6e,8,s1223,1.5226,1.1997,30.575,circuit,17.601,12.974,4,2,34,12.3,0.67358,31,2E2F -> 3E2F -> 4E2F,41,41.916,33.238,36.562,94.961,20.1,0.10795,1.7412,120.05,46.533,297.25,103.02,True
73,34,17.236,2.1471,2,12x6e,3,s1223,1.4984,1.2029,30.642,circuit,17.043,13.598,0,3,33,12.15,1.4482,26.667,0E2F -> 1E2F -> 0E3F,36.667,35.685,32.541,35.796,96.021,15.2,0.11351,1.7083,120.71,45.558,286.6,99.988,True
73,34,17.236,2.1471,2,12x6e,4,s1223,1.4984,1.2029,31.302,circuit,17.417,13.885,1,3,36,13.2,0.68509,31.333,1E2F -> 0E3F -> 1E3F,41.333,40.11,32.89,36.179,96.021,20.1,0.10742,1.7477,121.12,46.046,294.29,102.47,True
73,34,17.236,2.1471,2,12x6e,5,s1223,1.4984,1.2029,31.322,circuit,17.755,13.567,1,3,36,13.2,0.36712,31.333,1E2F -> 0E3F -> 1E3F,41.333,41.599,32.9,36.191,96.021,25,0.10795,1.7395,120.99,46.061,295.29,102.7,True
73,34,17.236,2.1471,2,12x6e,6,s1223,1.4984,1.2029,31.332,circuit,18.091,13.241,1,3,36,13.2,0.040613,31.333,1E2F -> 0E3F -> 1E3F,41.333,41.762,32.906,36.196,96.021,29.9,0.10824,1.7351,120.92,46.068,295.83,102.83,True
73,34,17.236,2.1471,2,12x6e,7,s1223,1.4984,1.2029,29.803,circuit,18.171,11.632,3,2,31,11.25,0.38157,28,1E2F -> 2E2F -> 3E2F,38,38.021,32.093,35.302,96.021,20.1,0.11429,1.7503,121.62,44.93,269.74,95.301,True
73,34,17.236,2.1471,2,12x6e,8,s1223,1.4984,1.2029,29.803,circuit,18.264,11.539,7,1,32,11.4,0.13942,29,5E1F -> 6E1F -> 7E1F,39,37.969,32.093,35.302,96.021,20.1,0.11429,1.7503,121.62,44.93,269.74,95.301,True
73,36,18.25,2.0278,2,12x6e,3,s1223,1.473,1.2058,29.782,circuit,17.727,12.054,1,2,25,9.15,2.9043,20.333,1E1F -> 0E2F -> 1E2F,30.333,32.38,31.445,34.589,97.081,15.2,0.12022,1.7195,122.27,44.022,259.67,92.517,True
73,36,18.25,2.0278,2,12x6e,4,s1223,1.473,1.2058,30.423,circuit,18.1,12.324,0,3,33,12.15,0.17352,26.667,0E2F -> 1E2F -> 0E3F,36.667,37.162,31.782,34.96,97.081,20.1,0.11386,1.7589,122.6,44.494,266.54,94.794,True
73,36,18.25,2.0278,2,12x6e,5,s1223,1.473,1.2058,30.442,circuit,18.437,12.005,3,2,31,11.25,0.755,28,1E2F -> 2E2F -> 3E2F,38,38.005,31.791,34.971,97.081,25,0.11436,1.7513,122.48,44.508,267.39,95.006,True
73,36,18.25,2.0278,2,12x6e,6,s1223,1.473,1.2058,30.452,circuit,18.774,11.678,3,2,31,11.25,0.42819,28,1E2F -> 2E2F -> 3E2F,38,37.981,31.797,34.976,97.081,29.9,0.11463,1.7473,122.42,44.515,267.84,95.119,True
73,36,18.25,2.0278,2,12x6e,7,s1223,1.473,1.2058,28.971,circuit,18.857,10.114,5,1,26,9.3,0.81402,23,3E1F -> 4E1F -> 5E1F,33,33.77,31.014,34.115,97.081,20.1,0.12156,1.7559,123.12,43.419,245.02,88.279,True
73,36,18.25,2.0278,2,12x6e,8,s1223,1.473,1.2058,28.971,circuit,18.949,10.022,5,1,26,9.3,0.72187,23,3E1F -> 4E1F -> 5E1F,33,33.873,31.014,34.115,97.081,20.1,0.12156,1.7559,123.12,43.419,245.02,88.279,True
78,12,6.5,6.5,2,12x6e,3,s1223,1.7376,1.1356,22.041,takeoff,10.463,11.577,1,2,25,9.15,2.4273,20.333,1E1F -> 0E2F -> 1E2F,30.333,31.842,41.733,45.907,49.912,15.2,0.24535,0.7539,92.319,58.427,606.06,173.56,True
78,12,6.5,6.5,2,12x6e,4,s1223,1.7376,1.1356,22.074,takeoff,10.802,11.272,2,2,28,10.2,1.0719,25,0E2F -> 1E2F -> 2E2F,35,33.993,41.765,45.941,49.912,20.1,0.24761,0.74155,92.207,58.471,616.77,175.12,True
78,12,6.5,6.5,2,12x6e,5,s1223,1.7376,1.1356,22.092,takeoff,11.139,10.953,2,2,28,10.2,0.75262,25,0E2F -> 1E2F -> 2E2F,35,34.457,41.782,45.96,49.912,25,0.24885,0.73483,92.146,58.495,622.83,175.99,True
78,12,6.5,6.5,2,12x6e,6,s1223,1.7376,1.1356,22.102,takeoff,11.476,10.625,2,2,28,10.2,0.42539,25,0E2F -> 1E2F -> 2E2F,35,34.482,41.791,45.97,49.912,29.9,0.24951,0.73128,92.114,58.507,626.1,176.45,True
78,12,6.5,6.5,2,12x6e,7,s1223,1.7376,1.1356,21.821,takeoff,11.624,10.197,5,1,26,9.3,0.89665,23,3E1F -> 4E1F -> 5E1F,33,34.379,41.525,45.677,49.912,20.1,0.23012,0.83966,93.112,58.134,543.8,163.88,True
78,12,6.5,6.5,2,12x6e,8,s1223,1.7376,1.1356,21.821,takeoff,11.716,10.105,5,1,26,9.3,0.80451,23,3E1F -> 4E1F -> 5E1F,33,34.201,41.525,45.677,49.912,20.1,0.23012,0.83966,93.112,58.134,543.8,163.88,True
78,14,7.5833,5.5714,2,12x6e,3,s1223,1.7151,1.1456,23.683,takeoff,11.033,12.65,0,3,33,12.15,0.50018,26.667,0E2F -> 1E2F -> 0E3F,36.667,34.148,40.313,44.344,56.806,15.2,0.22478,0.81878,95.248,56.438,565.79,163.13,True
78,14,7.5833,5.5714,2,12x6e,4,s1223,1.7151,1.1456,23.717,takeoff,11.372,12.345,0,3,33,12.15,0.19528,26.667,0E2F -> 1E2F -> 0E3F,36.667,37.162,40.342,44.376,56.806,20.1,0.22676,0.80656,95.131,56.478,574.57,164.44,True
78,14,7.5833,5.5714,2,12x6e,5,s1223,1.7151,1.1456,23.735,takeoff,11.709,12.026,3,2,31,11.25,0.77624,28,1E2F -> 2E2F -> 3E2F,38,38.005,40.357,44.393,56.806,25,0.22784,0.7999,95.067,56.5,579.52,165.17,True
78,14,7.5833,5.5714,2,12x6e,6,s1223,1.7151,1.1456,23.745,takeoff,12.046,11.699,3,2,31,11.25,0.44916,28,1E2F -> 2E2F -> 3E2F,38,37.981,40.366,44.402,56.806,29.9,0.22841,0.79638,95.034,56.512,582.18,165.56,True
78,14,7.5833,5.5714,2,12x6e,7,s1223,1.7151,1.1456,23.459,takeoff,12.194,11.265,3,2,31,11.25,0.015381,28,1E2F -> 2E2F -> 3E2F,38,37.268,40.122,44.134,56.806,20.1,0.21152,0.90343,96.072,56.171,513.87,154.93,True
78,14,7.5833,5.5714,2,12x6e,8,s1223,1.7151,1.1456,23.459,takeoff,12.286,11.173,6,1,29,10.35,0.82324,26,4E1F -> 5E1F -> 6E1F,36,36.77,40.122,44.134,56.806,20.1,0.21152,0.90343,96.072,56.171,513.87,154.93,True
78,16,8.6667,4.875,2,12x6e,3,s1223,1.6949,1.1543,25.171,takeoff,11.621,13.551,0,3,33,12.15,1.4007,26.667,0E2F -> 1E2F -> 0E3F,36.667,35.674,39.108,43.018,63.672,15.2,0.20632,0.88996,98.059,54.751,528.69,154.01,True
78,16,8.6667,4.875,2,12x6e,4,s1223,1.6949,1.1543,25.205,takeoff,11.959,13.246,1,3,36,13.2,0.046191,31.333,1E2F -> 0E3F -> 1E3F,41.333,39.065,39.134,43.047,63.672,20.1,0.20807,0.87775,97.936,54.787,535.96,155.13,True
78,16,8.6667,4.875,2,12x6e,5,s1223,1.6949,1.1543,25.224,takeoff,12.297,12.927,0,3,33,12.15,0.77735,28,1E2F -> 2E2F -> 3E2F,38,40.342,39.148,43.063,63.672,25,0.20903,0.8711,97.869,54.808,540.04,155.75,True
78,16,8.6667,4.875,2,12x6e,6,s1223,1.6949,1.1543,25.234,takeoff,12.633,12.6,4,2,34,12.3,0.30037,31,2E2F -> 3E2F -> 4E2F,41,39.645,39.156,43.072,63.672,29.9,0.20954,0.86759,97.834,54.818,542.24,156.08,True
78,16,8.6667,4.875,2,12x6e,7,s1223,1.6949,1.1543,24.946,takeoff,12.782,12.164,0,3,33,12.15,0.013646,28,1E2F -> 2E2F -> 3E2F,38,39.229,38.932,42.825,63.672,20.1,0.19455,0.974,98.925,54.504,485.1,146.96,True
78,16,8.6667,4.875,2,12x6e,8,s1223,1.6949,1.1543,24.946,takeoff,12.874,12.072,7,1,32,11.4,0.6715,29,5E1F -> 6E1F -> 7E1F,39,39.625,38.932,42.825,63.672,20.1,0.19455,0.974,98.925,54.504,485.1,146.96,True
78,18,9.75,4.3333,2,12x6e,3,s1223,1.6764,1.1619,26.524,takeoff,12.226,14.298,0,3,33,12.15,2.1477,26.667,0E2F -> 1E2F -> 0E3F,36.667,35.685,38.056,41.862,70.516,15.2,0.18979,0.96728,100.8,53.279,494.78,145.91,True
78,18,9.75,4.3333,2,12x6e,4,s1223,1.6764,1.1619,26.558,takeoff,12.564,13.993,1,3,36,13.2,0.79346,31.333,1E2F -> 0E3F -> 1E3F,41.333,40.11,38.081,41.889,70.516,20.1,0.19138,0.95502,100.67,53.313,500.86,146.88,True
78,18,9.75,4.3333,2,12x6e,5,s1223,1.6764,1.1619,26.576,takeoff,12.902,13.675,1,3,36,13.2,0.47477,31.333,1E2F -> 0E3F -> 1E3F,41.333,41.599,38.094,41.903,70.516,25,0.19224,0.94834,100.6,53.332,504.27,147.41,True
78,18,9.75,4.3333,2,12x6e,6,s1223,1.6764,1.1619,26.586,takeoff,13.238,13.348,1,3,36,13.2,0.14788,31.333,1E2F -> 0E3F -> 1E3F,41.333,41.774,38.101,41.911,70.516,29.9,0.1927,0.94482,100.57,53.342,506.1,147.7,True
78,18,9.75,4.3333,2,12x6e,7,s1223,1.6764,1.1619,26.296,takeoff,13.387,12.909,4,2,34,12.3,0.60893,31,2E2F -> 3E2F -> 4E2F,41,41.45,37.893,41.682,70.516,20.1,0.17919,1.0507,101.72,53.05,457.91,139.77,True
78,18,9.75,4.3333,2,12x6e,8,s1223,1.6764,1.1619,26.296,takeoff,13.479,12.817,4,2,34,12.3,0.51679,31,2E2F -> 3E2F -> 4E2F,41,41.262,37.893,41.682,70.516,20.1,0.17919,1.0507,101.72,53.05,457.91,139.77,True
78,20,10.833,3.9,2,12x6e,3,s1223,1.6594,1.1685,27.754,takeoff,12.848,14.906,0,3,33,12.15,2.7558,26.667,0E2F -> 1E2F -> 0E3F,36.667,36.401,37.121,40.833,77.342,15.2,0.1746,1.0525,103.55,51.969,463.46,138.56,True
78,20,10.833,3.9,2,12x6e,4,s1223,1.6594,1.1685,27.788,takeoff,13.186,14.602,1,3,36,13.2,1.4018,31.333,1E2F -> 0E3F -> 1E3F,41.333,41.276,37.144,40.858,77.342,20.1,0.17604,1.0403,103.41,52.001,468.57,139.4,True
78,20,10.833,3.9,2,12x6e,5,s1223,1.6594,1.1685,27.807,takeoff,13.524,14.283,2,3,39,14.25,0.033329,36,0E3F -> 1E3F -> 2E3F,46,43.207,37.156,40.872,77.342,25,0.17682,1.0336,103.33,52.019,471.43,139.87,True
78,20,10.833,3.9,2,12x6e,6,s1223,1.6594,1.1685,27.817,takeoff,13.861,13.957,1,3,36,13.2,0.75653,31.333,1E2F -> 0E3F -> 1E3F,41.333,43.176,37.163,40.879,77.342,29.9,0.17724,1.0301,103.29,52.028,472.96,140.12,True
78,20,10.833,3.9,2,12x6e,7,s1223,1.6594,1.1685,27.524,takeoff,14.009,13.515,5,2,37,13.35,0.16497,34,3E2F -> 4E2F -> 5E2F,44,42.701,36.967,40.664,77.342,20.1,0.16498,1.1375,104.53,51.754,432.12,133.17,True
78,20,10.833,3.9,2,12x6e,8,s1223,1.6594,1.1685,27.524,takeoff,14.102,13.423,5,2,37,13.35,0.072826,34,3E2F -> 4E2F -> 5E2F,44,43.222,36.967,40.664,77.342,20.1,0.16498,1.1375,104.53,51.754,432.12,133.17,True
78,22,11.917,3.5455,2,12x6e,3,s1223,1.6434,1.1744,28.883,takeoff,13.488,15.395,0,3,33,12.15,3.2448,26.667,0E2F -> 1E2F -> 0E3F,36.667,36.403,36.281,39.909,84.151,15.2,0.16038,1.1462,106.33,50.793,434.4,131.82,True
78,22,11.917,3.5455,2,12x6e,4,s1223,1.6434,1.1744,28.917,takeoff,13.826,15.091,1,3,36,13.2,1.8911,31.333,1E2F -> 0E3F -> 1E3F,41.333,42.842,36.302,39.933,84.151,20.1,0.1617,1.1336,106.18,50.823,438.74,132.57,True
78,22,11.917,3.5455,2,12x6e,5,s1223,1.6434,1.1744,28.936,takeoff,14.163,14.773,2,3,39,14.25,0.52272,36,0E3F -> 1E3F -> 2E3F,46,44.632,36.314,39.946,84.151,25,0.16242,1.1266,106.1,50.84,441.15,132.98,True
78,22,11.917,3.5455,2,12x6e,6,s1223,1.6434,1.1744,28.946,takeoff,14.5,14.446,2,3,39,14.25,0.19599,36,0E3F -> 1E3F -> 2E3F,46,44.994,36.321,39.953,84.151,29.9,0.1628,1.123,106.06,50.849,442.45,133.2,True
78,22,11.917,3.5455,2,12x6e,7,s1223,1.6434,1.1744,28.652,takeoff,14.649,14.002,5,2,37,13.35,0.65245,34,3E2F -> 4E2F -> 5E2F,44,44.568,36.135,39.749,84.151,20.1,0.15155,1.2334,107.39,50.59,407.64,127.06,True
78,22,11.917,3.5455,2,12x6e,8,s1223,1.6434,1.1744,28.652,takeoff,14.741,13.91,5,2,37,13.35,0.56031,34,3E2F -> 4E2F -> 5E2F,44,44.019,36.135,39.749,84.151,20.1,0.15155,1.2334,107.39,50.59,407.64,127.06,True
78,24,13,3.25,2,12x6e,3,s1223,1.6284,1.1797,29.919,takeoff,14.145,15.774,0,3,33,12.15,3.6241,26.667,0E2F -> 1E2F -> 0E3F,36.667,36.403,35.517,39.068,90.947,15.2,0.14718,1.248,109.19,49.724,407.9,125.67,True
78,24,13,3.25,2,12x6e,4,s1223,1.6284,1.1797,29.954,takeoff,14.484,15.471,1,3,36,13.2,2.2706,31.333,1E2F -> 0E3F -> 1E3F,41.333,42.842,35.537,39.091,90.947,20.1,0.1484,1.235,109.02,49.752,411.6,126.33,True
78,24,13,3.25,2,12x6e,5,s1223,1.6284,1.1797,29.973,takeoff,14.821,15.152,2,3,39,14.25,0.90239,36,0E3F -> 1E3F -> 2E3F,46,44.991,35.549,39.104,90.947,25,0.14907,1.2279,108.93,49.768,413.66,126.69,True
78,24,13,3.25,2,12x6e,6,s1223,1.6284,1.1797,29.983,takeoff,15.158,14.826,2,3,39,14.25,0.57573,36,0E3F -> 1E3F -> 2E3F,46,45.457,35.555,39.11,90.947,29.9,0.14942,1.2242,108.89,49.777,414.76,126.89,True
78,24,13,3.25,2,12x6e,7,s1223,1.6284,1.1797,29.687,takeoff,15.307,14.38,2,3,39,14.25,0.13023,36,0E3F -> 1E3F -> 2E3F,46,45.339,35.379,38.917,90.947,20.1,0.13901,1.3371,110.34,49.53,384.88,121.43,True
78,24,13,3.25,2,12x6e,8,s1223,1.6284,1.1797,29.687,takeoff,15.399,14.288,2,3,39,14.25,0.038087,36,0E3F -> 1E3F -> 2E3F,46,45.386,35.379,38.917,90.947,20.1,0.13901,1.3371,110.34,49.53,384.88,121.43,True
78,26,14.083,3,2,12x6e,3,s1223,1.6085,1.1844,30.811,takeoff,14.838,15.974,0,3,33,12.15,3.8239,26.667,0E2F -> 1E2F -> 0E3F,36.667,36.403,34.841,38.325,92.026,15.2,0.13538,1.354,112.03,48.778,383.43,120.29,True
78,26,14.083,3,2,12x6e,4,s1223,1.6085,1.1844,30.846,takeoff,15.176,15.671,1,3,36,13.2,2.4707,31.333,1E2F -> 0E3F -> 1E3F,41.333,42.842,34.861,38.347,92.026,20.1,0.13652,1.3408,111.85,48.806,386.61,120.88,True
78,26,14.083,3,2,12x6e,5,s1223,1.6085,1.1844,30.866,takeoff,15.513,15.353,2,3,39,14.25,1.1026,36,0E3F -> 1E3F -> 2E3F,46,45.095,34.872,38.359,92.026,25,0.13714,1.3336,111.75,48.821,388.38,121.21,True
78,26,14.083,3,2,12x6e,6,s1223,1.6085,1.1844,30.876,takeoff,15.85,15.026,2,3,39,14.25,0.77597,36,0E3F -> 1E3F -> 2E3F,46,45.782,34.878,38.366,92.026,29.9,0.13747,1.3298,111.7,48.829,389.32,121.39,True
78,26,14.083,3,2,12x6e,7,s1223,1.6085,1.1844,30.578,takeoff,15.999,14.579,2,3,39,14.25,0.32862,36,0E3F -> 1E3F -> 2E3F,46,45.481,34.709,38.18,92.026,20.1,0.12776,1.4456,113.3,48.593,363.51,116.46,True
78,26,14.083,3,2,12x6e,8,s1223,1.6085,1.1844,30.578,takeoff,16.091,14.486,6,2,40,14.4,0.086477,37,4E2F -> 5E2F -> 6E2F,47,45.758,34.709,38.18,92.026,20.1,0.12776,1.4456,113.3,48.593,363.51,116.46,True
78,28,15.167,2.7857,2,12x6e,3,s1223,1.5881,1.1887,31.607,takeoff,15.553,16.054,0,3,33,12.15,3.9038,26.667,0E2F -> 1E2F -> 0E3F,36.667,36.403,34.223,37.645,93.105,15.2,0.12452,1.4656,114.96,47.912,360.63,115.31,True
78,28,15.167,2.7857,2,12x6e,4,s1223,1.5881,1.1887,31.642,takeoff,15.891,15.751,1,3,36,13.2,2.5508,31.333,1E2F -> 0E3F -> 1E3F,41.333,42.872,34.242,37.666,93.105,20.1,0.12559,1.4519,114.76,47.939,363.37,115.84,True
78,28,15.167,2.7857,2,12x6e,5,s1223,1.5881,1.1887,31.661,takeoff,16.228,15.433,2,3,39,14.25,1.1827,36,0E3F -> 1E3F -> 2E3F,46,45.095,34.252,37.678,93.105,25,0.12617,1.4444,114.65,47.953,364.89,116.14,True
78,28,15.167,2.7857,2,12x6e,6,s1223,1.5881,1.1887,31.671,takeoff,16.565,15.106,2,3,39,14.25,0.85618,36,0E3F -> 1E3F -> 2E3F,46,45.782,34.258,37.684,93.105,29.9,0.12648,1.4404,114.59,47.961,365.7,116.3,True
78,28,15.167,2.7857,2,12x6e,7,s1223,1.5881,1.1887,31.372,takeoff,16.714,14.658,2,3,39,14.25,0.40753,36,0E3F -> 1E3F -> 2E3F,46,45.483,34.096,37.505,93.105,20.1,0.11735,1.5607,116.36,47.734,343.36,111.85,True
78,28,15.167,2.7857,2,12x6e,8,s1223,1.5881,1.1887,31.372,takeoff,16.807,14.565,6,2,40,14.4,0.16539,37,4E2F -> 5E2F -> 6E2F,47,45.866,34.096,37.505,93.105,20.1,0.11735,1.5607,116.36,47.734,343.36,111.85,True
78,30,16.25,2.6,2,12x6e,3,s1223,1.5669,1.1926,32.306,takeoff,16.291,16.015,0,3,33,12.15,3.8651,26.667,0E2F -> 1E2F -> 0E3F,36.667,36.403,33.651,37.017,94.184,15.2,0.11459,1.584,117.98,47.112,339.41,110.68,True
78,30,16.25,2.6,2,12x6e,4,s1223,1.5669,1.1926,32.341,takeoff,16.629,15.712,1,3,36,13.2,2.5122,31.333,1E2F -> 0E3F -> 1E3F,41.333,42.872,33.67,37.037,94.184,20.1,0.1156,1.5697,117.76,47.138,341.79,111.17,True
78,30,16.25,2.6,2,12x6e,5,s1223,1.5669,1.1926,32.361,takeoff,16.966,15.394,2,3,39,14.25,1.1443,36,0E3F -> 1E3F -> 2E3F,46,45.095,33.68,37.048,94.184,25,0.11616,1.5619,117.64,47.152,343.11,111.44,True
78,30,16.25,2.6,2,12x6e,6,s1223,1.5669,1.1926,32.371,takeoff,17.303,15.068,2,3,39,14.25,0.81777,36,0E3F -> 1E3F -> 2E3F,46,45.782,33.685,37.054,94.184,29.9,0.11645,1.5578,117.58,47.16,343.82,111.59,True
78,30,16.25,2.6,2,12x6e,7,s1223,1.5669,1.1926,32.07,takeoff,17.452,14.617,2,3,39,14.25,0.36747,36,0E3F -> 1E3F -> 2E3F,46,45.481,33.528,36.881,94.184,20.1,0.10783,1.683,119.54,46.94,324.35,107.53,True
78,30,16.25,2.6,2,12x6e,8,s1223,1.5669,1.1926,32.07,takeoff,17.545,14.525,6,2,40,14.4,0.12533,37,4E2F -> 5E2F -> 6E2F,47,45.758,33.528,36.881,94.184,20.1,0.10783,1.683,119.54,46.94,324.35,107.53,True
78,32,17.333,2.4375,2,12x6e,3,s1223,1.5448,1.1962,32.921,takeoff,17.052,15.87,0,3,33,12.15,3.7197,26.667,0E2F -> 1E2F -> 0E3F,36.667,36.403,33.126,36.438,95.263,15.2,0.10546,1.7125,121.12,46.376,319.98,106.45,True
78,32,17.333,2.4375,2,12x6e,4,s1223,1.5448,1.1962,32.957,takeoff,17.39,15.567,1,3,36,13.2,2.367,31.333,1E2F -> 0E3F -> 1E3F,41.333,42.842,33.144,36.458,95.263,20.1,0.10642,1.6975,120.88,46.401,322.06,106.89,True
78,32,17.333,2.4375,2,12x6e,5,s1223,1.5448,1.1962,32.977,takeoff,17.727,15.249,2,3,39,14.25,0.99921,36,0E3F -> 1E3F -> 2E3F,46,44.993,33.154,36.469,95.263,25,0.10694,1.6893,120.75,46.415,323.21,107.14,True
78,32,17.333,2.4375,2,12x6e,6,s1223,1.5448,1.1962,32.987,takeoff,18.064,14.923,2,3,39,14.25,0.67279,36,0E3F -> 1E3F -> 2E3F,46,45.457,33.159,36.475,95.263,29.9,0.10722,1.685,120.68,46.422,323.82,107.27,True
78,32,17.333,2.4375,2,12x6e,7,s1223,1.5448,1.1962,32.031,circuit,18.176,13.855,5,2,37,13.35,0.5047,34,3E2F -> 4E2F -> 5E2F,44,43.705,32.674,35.942,95.263,20.1,0.10579,1.7587,122.08,45.744,300.57,101.47,True
78,32,17.333,2.4375,2,12x6e,8,s1223,1.5448,1.1962,32.031,circuit,18.268,13.763,5,2,37,13.35,0.41256,34,3E2F -> 4E2F -> 5E2F,44,43.993,32.674,35.942,95.263,20.1,0.10579,1.7587,122.08,45.744,300.57,101.47,True
78,34,18.417,2.2941,2,12x6e,3,s1223,1.5219,1.1994,32.123,circuit,17.76,14.363,0,3,33,12.15,2.2129,26.667,0E2F -> 1E2F -> 0E3F,36.667,35.685,31.983,35.181,96.342,15.2,0.11047,1.7326,122.91,44.776,290,98.449,True
78,34,18.417,2.2941,2,12x6e,4,s1223,1.5219,1.1994,32.157,circuit,18.098,14.059,1,3,36,13.2,0.85914,31.333,1E2F -> 0E3F -> 1E3F,41.333,40.11,32,35.2,96.342,20.1,0.11138,1.7186,122.69,44.8,291.76,98.846,True
78,34,18.417,2.2941,2,12x6e,5,s1223,1.5219,1.1994,32.176,circuit,18.435,13.741,1,3,36,13.2,0.54072,31.333,1E2F -> 0E3F -> 1E3F,41.333,41.599,32.009,35.21,96.342,25,0.11187,1.7109,122.57,44.813,292.73,99.065,True
78,34,18.417,2.2941,2,12x6e,6,s1223,1.5219,1.1994,32.186,circuit,18.772,13.414,1,3,36,13.2,0.21398,31.333,1E2F -> 0E3F -> 1E3F,41.333,41.865,32.014,35.216,96.342,29.9,0.11213,1.7068,122.5,44.82,293.25,99.182,True
78,34,18.417,2.2941,2,12x6e,7,s1223,1.5219,1.1994,30.631,circuit,18.85,11.781,3,2,31,11.25,0.53099,28,1E2F -> 2E2F -> 3E2F,38,38.251,31.231,34.354,96.342,20.1,0.11842,1.7193,123.24,43.724,267.63,92.063,True
78,34,18.417,2.2941,2,12x6e,8,s1223,1.5219,1.1994,30.631,circuit,18.942,11.689,7,1,32,11.4,0.28885,29,5E1F -> 6E1F -> 7E1F,39,38.521,31.231,34.354,96.342,20.1,0.11842,1.7193,123.24,43.724,267.63,92.063,True
78,36,19.5,2.1667,2,12x6e,3,s1223,1.4979,1.2024,31.258,circuit,18.493,12.766,0,3,33,12.15,0.61578,26.667,0E2F -> 1E2F -> 0E3F,36.667,34.148,30.905,33.995,97.421,15.2,0.11652,1.7438,124.57,43.267,263.15,91.186,True
78,36,19.5,2.1667,2,12x6e,4,s1223,1.4979,1.2024,31.292,circuit,18.831,12.461,0,3,33,12.15,0.31091,26.667,0E2F -> 1E2F -> 0E3F,36.667,37.162,30.921,34.013,97.421,20.1,0.11737,1.7307,124.37,43.29,264.65,91.539,True
78,36,19.5,2.1667,2,12x6e,5,s1223,1.4979,1.2024,31.31,circuit,19.168,12.142,3,2,31,11.25,0.8919,28,1E2F -> 2E2F -> 3E2F,38,38.062,30.93,34.023,97.421,25,0.11784,1.7236,124.26,43.302,265.48,91.735,True
78,36,19.5,2.1667,2,12x6e,6,s1223,1.4979,1.2024,31.32,circuit,19.505,11.815,3,2,31,11.25,0.56484,28,1E2F -> 2E2F -> 3E2F,38,38.008,30.935,34.028,97.421,29.9,0.11809,1.7198,124.2,43.309,265.93,91.839,True
78,36,19.5,2.1667,2,12x6e,7,s1223,1.4979,1.2024,29.808,circuit,19.585,10.223,2,2,28,10.2,0.022809,25,0E2F -> 1E2F -> 2E2F,35,34.379,30.179,33.197,97.421,20.1,0.12529,1.726,124.92,42.251,243.44,85.353,True
78,36,19.5,2.1667,2,12x6e,8,s1223,1.4979,1.2024,29.808,circuit,19.677,10.131,5,1,26,9.3,0.83067,23,3E1F -> 4E1F -> 5E1F,33,34.201,30.179,33.197,97.421,20.1,0.12529,1.726,124.92,42.251,243.44,85.353,True
84,12,7,7,2,12x6e,3,s1223,1.7552,1.1308,23.082,takeoff,10.801,12.281,0,3,33,12.15,0.1308,26.667,0E2F -> 1E2F -> 0E3F,36.667,34.148,40.948,45.043,50.098,15.2,0.2393,0.76116,93.728,57.327,602.68,168.68,True
84,12,7,7,2,12x6e,4,s1223,1.7552,1.1308,23.115,takeoff,11.14,11.975,2,2,28,10.2,1.7755,25,0E2F -> 1E2F -> 2E2F,35,36.496,40.977,45.075,50.098,20.1,0.2414,0.74917,93.617,57.368,612.99,170.11,True
84,12,7,7,2,12x6e,5,s1223,1.7552,1.1308,23.134,takeoff,11.477,11.656,3,2,31,11.25,0.40622,28,1E2F -> 2E2F -> 3E2F,38,37.221,40.993,45.093,50.098,25,0.24255,0.74262,93.557,57.391,618.82,170.9,True
84,12,7,7,2,12x6e,6,s1223,1.7552,1.1308,23.143,takeoff,11.814,11.329,3,2,31,11.25,0.079017,28,1E2F -> 2E2F -> 3E2F,38,37.028,41.002,45.102,50.098,29.9,0.24316,0.73916,93.525,57.403,621.96,171.33,True
84,12,7,7,2,12x6e,7,s1223,1.7552,1.1308,22.86,takeoff,11.961,10.899,6,1,29,10.35,0.54877,26,4E1F -> 5E1F -> 6E1F,36,35.761,40.75,44.825,50.098,20.1,0.22524,0.84454,94.508,57.05,542.54,159.78,True
84,12,7,7,2,12x6e,8,s1223,1.7552,1.1308,22.86,takeoff,12.053,10.807,6,1,29,10.35,0.45663,26,4E1F -> 5E1F -> 6E1F,36,35.993,40.75,44.825,50.098,20.1,0.22524,0.84454,94.508,57.05,542.54,159.78,True
84,14,8.1667,6,2,12x6e,3,s1223,1.7331,1.1408,24.803,takeoff,11.406,13.396,0,3,33,12.15,1.2462,26.667,0E2F -> 1E2F -> 0E3F,36.667,34.31,39.548,43.503,57.006,15.2,0.21929,0.82727,96.747,55.367,563.42,158.6,True
84,14,8.1667,6,2,12x6e,4,s1223,1.7331,1.1408,24.836,takeoff,11.745,13.091,0,3,33,12.15,0.94141,26.667,0E2F -> 1E2F -> 0E3F,36.667,37.69,39.575,43.532,57.006,20.1,0.22112,0.81534,96.632,55.405,571.9,159.8,True
84,14,8.1667,6,2,12x6e,5,s1223,1.7331,1.1408,24.855,takeoff,12.082,12.772,0,3,33,12.15,0.62241,28,1E2F -> 2E2F -> 3E2F,38,38.831,39.589,43.548,57.006,25,0.22212,0.80884,96.569,55.425,576.68,160.46,True
84,14,8.1667,6,2,12x6e,6,s1223,1.7331,1.1408,24.865,takeoff,12.419,12.445,4,2,34,12.3,0.14535,31,2E2F -> 3E2F -> 4E2F,41,39.32,39.597,43.557,57.006,29.9,0.22265,0.80541,96.536,55.436,579.25,160.82,True
84,14,8.1667,6,2,12x6e,7,s1223,1.7331,1.1408,24.578,takeoff,12.567,12.011,3,2,31,11.25,0.76107,28,1E2F -> 2E2F -> 3E2F,38,38.94,39.368,43.305,57.006,20.1,0.20704,0.90965,97.558,55.115,513.15,151.05,True
84,14,8.1667,6,2,12x6e,8,s1223,1.7331,1.1408,24.578,takeoff,12.659,11.919,7,1,32,11.4,0.51893,29,5E1F -> 6E1F -> 7E1F,39,38.834,39.368,43.305,57.006,20.1,0.20704,0.90965,97.558,55.115,513.15,151.05,True
84,16,9.3333,5.25,2,12x6e,3,s1223,1.7132,1.1495,26.363,takeoff,12.032,14.331,0,3,33,12.15,2.1811,26.667,0E2F -> 1E2F -> 0E3F,36.667,35.685,38.36,42.196,63.886,15.2,0.2014,0.89948,99.642,53.705,527.1,149.79,True
84,16,9.3333,5.25,2,12x6e,4,s1223,1.7132,1.1495,26.401,takeoff,12.371,14.031,1,3,36,13.2,0.83052,31.333,1E2F -> 0E3F -> 1E3F,41.333,40.11,38.388,42.227,63.886,20.1,0.20296,0.88781,99.52,53.744,534.23,150.84,True
84,16,9.3333,5.25,2,12x6e,5,s1223,1.7132,1.1495,26.419,takeoff,12.708,13.712,1,3,36,13.2,0.51151,31.333,1E2F -> 0E3F -> 1E3F,41.333,41.599,38.402,42.242,63.886,25,0.20385,0.88134,99.454,53.762,538.18,151.41,True
84,16,9.3333,5.25,2,12x6e,6,s1223,1.7132,1.1495,26.429,takeoff,13.045,13.384,1,3,36,13.2,0.18446,31.333,1E2F -> 0E3F -> 1E3F,41.333,41.774,38.409,42.25,63.886,29.9,0.20432,0.87791,99.419,53.772,540.3,151.72,True
84,16,9.3333,5.25,2,12x6e,7,s1223,1.7132,1.1495,26.138,takeoff,13.193,12.946,4,2,34,12.3,0.64589,31,2E2F -> 3E2F -> 4E2F,41,41.667,38.197,42.017,63.886,20.1,0.1905,0.98132,100.49,53.476,484.84,143.31,True
84,16,9.3333,5.25,2,12x6e,8,s1223,1.7132,1.1495,26.138,takeoff,13.285,12.854,4,2,34,12.3,0.55375,31,2E2F -> 3E2F -> 4E2F,41,41.269,38.197,42.017,63.886,20.1,0.1905,0.98132,100.49,53.476,484.84,143.31,True
84,18,10.5,4.6667,2,12x6e,3,s1223,1.695,1.1571,27.789,takeoff,12.677,15.112,0,3,33,12.15,2.9624,26.667,0E2F -> 1E2F -> 0E3F,36.667,36.403,37.331,41.064,70.743,15.2,0.18528,0.9775,102.47,52.263,494.1,142.04,True
84,18,10.5,4.6667,2,12x6e,4,s1223,1.695,1.1571,27.824,takeoff,13.015,14.808,1,3,36,13.2,1.6081,31.333,1E2F -> 0E3F -> 1E3F,41.333,41.297,37.354,41.089,70.743,20.1,0.18674,0.96564,102.34,52.295,500,142.93,True
84,18,10.5,4.6667,2,12x6e,5,s1223,1.695,1.1571,27.842,takeoff,13.353,14.489,2,3,39,14.25,0.23933,36,0E3F -> 1E3F -> 2E3F,46,43.365,37.366,41.103,70.743,25,0.18754,0.95912,102.27,52.313,503.31,143.42,True
84,18,10.5,4.6667,2,12x6e,6,s1223,1.695,1.1571,27.852,takeoff,13.69,14.162,1,3,36,13.2,0.96242,31.333,1E2F -> 0E3F -> 1E3F,41.333,43.503,37.373,41.11,70.743,29.9,0.18796,0.95567,102.23,52.322,505.08,143.68,True
84,18,10.5,4.6667,2,12x6e,7,s1223,1.695,1.1571,27.559,takeoff,13.838,13.721,5,2,37,13.35,0.37145,34,3E2F -> 4E2F -> 5E2F,44,43.673,37.176,40.894,70.743,20.1,0.17552,1.0586,103.37,52.046,458.18,136.37,True
84,18,10.5,4.6667,2,12x6e,8,s1223,1.695,1.1571,27.559,takeoff,13.93,13.629,5,2,37,13.35,0.27931,34,3E2F -> 4E2F -> 5E2F,44,43.55,37.176,40.894,70.743,20.1,0.17552,1.0586,103.37,52.046,458.18,136.37,True
84,20,11.667,4.2,2,12x6e,3,s1223,1.6782,1.1638,29.086,takeoff,13.341,15.745,0,3,33,12.15,3.5951,26.667,0E2F -> 1E2F -> 0E3F,36.667,36.403,36.413,40.054,77.581,15.2,0.17064,1.0639,105.28,50.978,463.73,135.03,True
84,20,11.667,4.2,2,12x6e,4,s1223,1.6782,1.1638,29.121,takeoff,13.68,15.441,1,3,36,13.2,2.2412,31.333,1E2F -> 0E3F -> 1E3F,41.333,42.842,36.434,40.078,77.581,20.1,0.17197,1.052,105.14,51.008,468.72,135.81,True
84,20,11.667,4.2,2,12x6e,5,s1223,1.6782,1.1638,29.14,takeoff,14.017,15.123,2,3,39,14.25,0.87263,36,0E3F -> 1E3F -> 2E3F,46,44.991,36.446,40.091,77.581,25,0.17269,1.0454,105.07,51.025,471.51,136.24,True
84,20,11.667,4.2,2,12x6e,6,s1223,1.6782,1.1638,29.15,takeoff,14.354,14.796,2,3,39,14.25,0.54582,36,0E3F -> 1E3F -> 2E3F,46,45.44,36.452,40.098,77.581,29.9,0.17308,1.042,105.03,51.033,473,136.47,True
84,20,11.667,4.2,2,12x6e,7,s1223,1.6782,1.1638,28.856,takeoff,14.502,14.354,2,3,39,14.25,0.10356,36,0E3F -> 1E3F -> 2E3F,46,45.337,36.268,39.895,77.581,20.1,0.16176,1.1469,106.24,50.776,433.12,130.05,True
84,20,11.667,4.2,2,12x6e,8,s1223,1.6782,1.1638,28.856,takeoff,14.594,14.261,2,3,39,14.25,0.011423,36,0E3F -> 1E3F -> 2E3F,46,45.385,36.268,39.895,77.581,20.1,0.16176,1.1469,106.24,50.776,433.12,130.05,True
84,22,12.833,3.8182,2,12x6e,3,s1223,1.6626,1.1698,30.278,takeoff,14.025,16.253,0,3,33,12.15,4.1033,26.667,0E2F -> 1E2F -> 0E3F,36.667,36.621,35.589,39.148,84.402,15.2,0.15685,1.1586,108.14,49.824,435.32,128.59,True
84,22,12.833,3.8182,2,12x6e,4,s1223,1.6626,1.1698,30.313,takeoff,14.363,15.95,1,3,36,13.2,2.7496,31.333,1E2F -> 0E3F -> 1E3F,41.333,43.378,35.609,39.17,84.402,20.1,0.15806,1.1462,108,49.853,439.56,129.28,True
84,22,12.833,3.8182,2,12x6e,5,s1223,1.6626,1.1698,30.332,takeoff,14.701,15.631,2,3,39,14.25,1.3812,36,0E3F -> 1E3F -> 2E3F,46,46.1,35.62,39.182,84.402,25,0.15873,1.1395,107.92,49.868,441.92,129.66,True
84,22,12.833,3.8182,2,12x6e,6,s1223,1.6626,1.1698,30.342,takeoff,15.038,15.304,3,3,42,15.3,0.0044878,39,1E3F -> 2E3F -> 3E3F,49,46.595,35.626,39.189,84.402,29.9,0.15908,1.1359,107.87,49.877,443.19,129.86,True
84,22,12.833,3.8182,2,12x6e,7,s1223,1.6626,1.1698,30.047,takeoff,15.186,14.86,2,3,39,14.25,0.61046,36,0E3F -> 1E3F -> 2E3F,46,46.075,35.452,38.998,84.402,20.1,0.1487,1.2436,109.18,49.633,409.1,124.18,True
84,22,12.833,3.8182,2,12x6e,8,s1223,1.6626,1.1698,30.047,takeoff,15.278,14.768,6,2,40,14.4,0.36832,37,4E2F -> 5E2F -> 6E2F,47,46.729,35.452,38.998,84.402,20.1,0.1487,1.2436,109.18,49.633,409.1,124.18,True
84,24,14,3.5,2,12x6e,3,s1223,1.6479,1.1752,31.376,takeoff,14.728,16.648,0,3,33,12.15,4.498,26.667,0E2F -> 1E2F -> 0E3F,36.667,36.621,34.84,38.324,91.209,15.2,0.14405,1.2618,111.08,48.777,409.39,122.72,True
84,24,14,3.5,2,12x6e,4,s1223,1.6479,1.1752,31.411,takeoff,15.066,16.345,0,4,44,16.2,0.14458,37.667,0E3F -> 1E3F -> 0E4F,47.667,45.148,34.86,38.346,91.209,20.1,0.14517,1.2491,110.92,48.804,413.02,123.33,True
84,24,14,3.5,2,12x6e,5,s1223,1.6479,1.1752,31.43,takeoff,15.404,16.026,2,3,39,14.25,1.7763,36,0E3F -> 1E3F -> 2E3F,46,47.496,34.87,38.357,91.209,25,0.14579,1.2422,110.83,48.819,415.04,123.67,True
84,24,14,3.5,2,12x6e,6,s1223,1.6479,1.1752,31.44,takeoff,15.741,15.7,3,3,42,15.3,0.3997,39,1E3F -> 2E3F -> 3E3F,49,48.221,34.876,38.364,91.209,29.9,0.14612,1.2386,110.78,48.826,416.12,123.85,True
84,24,14,3.5,2,12x6e,7,s1223,1.6479,1.1752,31.143,takeoff,15.889,15.254,2,3,39,14.25,1.0039,36,0E3F -> 1E3F -> 2E3F,46,47.149,34.711,38.182,91.209,20.1,0.13651,1.3483,112.21,48.595,386.79,118.78,True
84,24,14,3.5,2,12x6e,8,s1223,1.6479,1.1752,31.143,takeoff,15.982,15.162,6,2,40,14.4,0.76174,37,4E2F -> 5E2F -> 6E2F,47,47.625,34.711,38.182,91.209,20.1,0.13651,1.3483,112.21,48.595,386.79,118.78,True
84,26,15.167,3.2308,2,12x6e,3,s1223,1.6289,1.1801,32.333,takeoff,15.473,16.86,0,3,33,12.15,4.7101,26.667,0E2F -> 1E2F -> 0E3F,36.667,36.621,34.177,37.595,92.31,15.2,0.13246,1.3702,114.02,47.848,385.42,117.57,True
84,26,15.167,3.2308,2,12x6e,4,s1223,1.6289,1.1801,32.368,takeoff,15.811,16.557,0,4,44,16.2,0.35697,37.667,0E3F -> 1E3F -> 0E4F,47.667,45.148,34.196,37.615,92.31,20.1,0.13351,1.3572,113.84,47.874,388.55,118.12,True
84,26,15.167,3.2308,2,12x6e,5,s1223,1.6289,1.1801,32.387,takeoff,16.149,16.239,0,4,44,16.2,0.038911,37.667,0E3F -> 1E3F -> 0E4F,47.667,48.162,34.206,37.626,92.31,25,0.13408,1.3502,113.75,47.888,390.29,118.42,True
84,26,15.167,3.2308,2,12x6e,6,s1223,1.6289,1.1801,32.398,takeoff,16.485,15.912,3,3,42,15.3,0.61236,39,1E3F -> 2E3F -> 3E3F,49,48.969,34.211,37.632,92.31,29.9,0.13439,1.3464,113.7,47.896,391.22,118.59,True
84,26,15.167,3.2308,2,12x6e,7,s1223,1.6289,1.1801,32.098,takeoff,16.634,15.464,3,3,42,15.3,0.16362,39,1E3F -> 2E3F -> 3E3F,49,48.031,34.052,37.458,92.31,20.1,0.12543,1.4594,115.26,47.673,365.81,114.01,True
84,26,15.167,3.2308,2,12x6e,8,s1223,1.6289,1.1801,32.098,takeoff,16.726,15.371,3,3,42,15.3,0.071475,39,1E3F -> 2E3F -> 3E3F,49,48.337,34.052,37.458,92.31,20.1,0.12543,1.4594,115.26,47.673,365.81,114.01,True
84,28,16.333,3,2,12x6e,3,s1223,1.6095,1.1844,33.195,takeoff,16.243,16.952,0,3,33,12.15,4.8024,26.667,0E2F -> 1E2F -> 0E3F,36.667,36.621,33.571,36.928,93.411,15.2,0.12176,1.4851,117.05,46.999,363.33,112.85,True
84,28,16.333,3,2,12x6e,4,s1223,1.6095,1.1844,33.23,takeoff,16.581,16.649,0,4,44,16.2,0.44929,37.667,0E3F -> 1E3F -> 0E4F,47.667,45.148,33.589,36.948,93.411,20.1,0.12275,1.4716,116.86,47.024,366.04,113.35,True
84,28,16.333,3,2,12x6e,5,s1223,1.6095,1.1844,33.25,takeoff,16.919,16.331,0,4,44,16.2,0.13128,37.667,0E3F -> 1E3F -> 0E4F,47.667,48.162,33.599,36.958,93.411,25,0.12329,1.4643,116.75,47.038,367.54,113.63,True
84,28,16.333,3,2,12x6e,6,s1223,1.6095,1.1844,33.26,takeoff,17.255,16.005,3,3,42,15.3,0.70476,39,1E3F -> 2E3F -> 3E3F,49,49.005,33.604,36.964,93.411,29.9,0.12358,1.4604,116.7,47.045,368.35,113.78,True
84,28,16.333,3,2,12x6e,7,s1223,1.6095,1.1844,32.956,takeoff,17.404,15.552,3,3,42,15.3,0.25155,39,1E3F -> 2E3F -> 3E3F,49,48.031,33.45,36.794,93.411,20.1,0.1152,1.5775,118.42,46.829,346.24,109.62,True
84,28,16.333,3,2,12x6e,8,s1223,1.6095,1.1844,32.956,takeoff,17.496,15.459,3,3,42,15.3,0.15941,39,1E3F -> 2E3F -> 3E3F,49,48.34,33.45,36.794,93.411,20.1,0.1152,1.5775,118.42,46.829,346.24,109.62,True
84,30,17.5,2.8,2,12x6e,3,s1223,1.5894,1.1884,33.956,takeoff,17.037,16.918,0,3,33,12.15,4.7682,26.667,0E2F -> 1E2F -> 0E3F,36.667,36.621,33.008,36.309,94.512,15.2,0.112,1.6058,120.2,46.212,342.46,108.42,True
84,30,17.5,2.8,2,12x6e,4,s1223,1.5894,1.1884,33.991,takeoff,17.376,16.615,0,4,44,16.2,0.4149,37.667,0E3F -> 1E3F -> 0E4F,47.667,45.148,33.025,36.328,94.512,20.1,0.11293,1.5917,119.98,46.236,344.8,108.88,True
84,30,17.5,2.8,2,12x6e,5,s1223,1.5894,1.1884,34.01,takeoff,17.713,16.297,0,4,44,16.2,0.096932,37.667,0E3F -> 1E3F -> 0E4F,47.667,48.162,33.035,36.338,94.512,25,0.11344,1.5841,119.86,46.249,346.11,109.13,True
84,30,17.5,2.8,2,12x6e,6,s1223,1.5894,1.1884,34.02,takeoff,18.05,15.97,3,3,42,15.3,0.67044,39,1E3F -> 2E3F -> 3E3F,49,49.005,33.04,36.344,94.512,29.9,0.11372,1.5801,119.8,46.256,346.81,109.26,True
84,30,17.5,2.8,2,12x6e,7,s1223,1.5894,1.1884,33.722,takeoff,18.199,15.523,3,3,42,15.3,0.22316,39,1E3F -> 2E3F -> 3E3F,49,48.031,32.895,36.184,94.512,20.1,0.10574,1.7027,121.73,46.053,327.59,105.5,True
84,30,17.5,2.8,2,12x6e,8,s1223,1.5894,1.1884,33.722,takeoff,18.291,15.431,3,3,42,15.3,0.13101,39,1E3F -> 2E3F -> 3E3F,49,48.34,32.895,36.184,94.512,20.1,0.10574,1.7027,121.73,46.053,327.59,105.5,True
84,32,18.667,2.625,2,12x6e,3,s1223,1.5686,1.1921,34.634,takeoff,17.858,16.776,0,3,33,12.15,4.626,26.667,0E2F -> 1E2F -> 0E3F,36.667,36.621,32.491,35.74,95.612,15.2,0.10298,1.7342,123.48,45.488,323.33,104.37,True
84,32,18.667,2.625,2,12x6e,4,s1223,1.5686,1.1921,34.669,takeoff,18.196,16.473,0,4,44,16.2,0.27337,37.667,0E3F -> 1E3F -> 0E4F,47.667,45.148,32.508,35.759,95.612,20.1,0.10386,1.7196,123.24,45.511,325.39,104.79,True
84,32,18.667,2.625,2,12x6e,5,s1223,1.5686,1.1921,34.689,takeoff,18.533,16.156,2,3,39,14.25,1.9056,36,0E3F -> 1E3F -> 2E3F,46,47.711,32.517,35.769,95.612,25,0.10434,1.7116,123.11,45.524,326.53,105.02,True
84,32,18.667,2.625,2,12x6e,6,s1223,1.5686,1.1921,34.699,takeoff,18.87,15.829,3,3,42,15.3,0.52916,39,1E3F -> 2E3F -> 3E3F,49,48.251,32.522,35.774,95.612,29.9,0.1046,1.7073,123.04,45.531,327.14,105.14,True
84,32,18.667,2.625,2,12x6e,7,s1223,1.5686,1.1921,33.034,circuit,18.939,14.095,5,2,37,13.35,0.7451,34,3E2F -> 4E2F -> 5E2F,44,44.568,31.732,34.905,95.612,20.1,0.11,1.7241,123.76,44.425,297.83,97.626,True
84,32,18.667,2.625,2,12x6e,8,s1223,1.5686,1.1921,33.034,circuit,19.031,14.003,5,2,37,13.35,0.65296,34,3E2F -> 4E2F -> 5E2F,44,44.667,31.732,34.905,95.612,20.1,0.11,1.7241,123.76,44.425,297.83,97.626,True
84,34,19.833,2.4706,2,12x6e,3,s1223,1.547,1.1954,33.829,circuit,18.622,15.208,0,3,33,12.15,3.0577,26.667,0E2F -> 1E2F -> 0E3F,36.667,36.403,31.37,34.507,96.713,15.2,0.10737,1.7583,125.4,43.917,293.5,96.626,True
84,34,19.833,2.4706,2,12x6e,4,s1223,1.547,1.1954,33.864,circuit,18.96,14.904,1,3,36,13.2,1.7039,31.333,1E2F -> 0E3F -> 1E3F,41.333,42.842,31.386,34.524,96.713,20.1,0.1082,1.7446,125.18,43.94,295.25,96.996,True
84,34,19.833,2.4706,2,12x6e,5,s1223,1.547,1.1954,33.883,circuit,19.297,14.586,2,3,39,14.25,0.33552,36,0E3F -> 1E3F -> 2E3F,46,44.589,31.394,34.534,96.713,25,0.10865,1.7371,125.06,43.952,296.22,97.2,True
84,34,19.833,2.4706,2,12x6e,6,s1223,1.547,1.1954,33.893,circuit,19.634,14.259,2,3,39,14.25,0.0087813,36,0E3F -> 1E3F -> 2E3F,46,44.922,31.399,34.539,96.713,29.9,0.10889,1.7332,125,43.959,296.73,97.309,True
84,34,19.833,2.4706,2,12x6e,7,s1223,1.547,1.1954,32.27,circuit,19.706,12.564,4,2,34,12.3,0.26357,31,2E2F -> 3E2F -> 4E2F,41,40.214,30.638,33.702,96.713,20.1,0.11511,1.7423,125.68,42.893,271.07,90.477,True
84,34,19.833,2.4706,2,12x6e,8,s1223,1.547,1.1954,32.27,circuit,19.798,12.471,4,2,34,12.3,0.17143,31,2E2F -> 3E2F -> 4E2F,41,40.34,30.638,33.702,96.713,20.1,0.11511,1.7423,125.68,42.893,271.07,90.477,True
84,36,21,2.3333,2,12x6e,3,s1223,1.5245,1.1985,32.299,circuit,19.375,12.924,0,3,33,12.15,0.7743,26.667,0E2F -> 1E2F -> 0E3F,36.667,34.148,30.007,33.008,97.814,15.2,0.11941,1.7226,126.71,42.01,261.4,87.791,True
84,36,21,2.3333,2,12x6e,4,s1223,1.5245,1.1985,32.332,circuit,19.713,12.619,0,3,33,12.15,0.46877,26.667,0E2F -> 1E2F -> 0E3F,36.667,37.162,30.022,33.024,97.814,20.1,0.12019,1.7103,126.53,42.031,262.86,88.115,True
84,36,21,2.3333,2,12x6e,5,s1223,1.5245,1.1985,33.01,circuit,20.088,12.921,0,3,33,12.15,0.77129,28,1E2F -> 2E2F -> 3E2F,38,40.342,30.335,33.369,97.814,25,0.11387,1.7545,126.89,42.469,269.08,90.102,True
84,36,21,2.3333,2,12x6e,6,s1223,1.5245,1.1985,33.019,circuit,20.425,12.594,4,2,34,12.3,0.29423,31,2E2F -> 3E2F -> 4E2F,41,39.645,30.34,33.374,97.814,29.9,0.1141,1.7508,126.83,42.476,269.52,90.199,True
84,36,21,2.3333,2,12x6e,7,s1223,1.5245,1.1985,31.441,circuit,20.5,10.94,6,1,29,10.35,0.59017,26,4E1F -> 5E1F -> 6E1F,36,36.407,29.605,32.566,97.814,20.1,0.12108,1.7539,127.52,41.448,246.96,83.965,True
84,36,21,2.3333,2,12x6e,8,s1223,1.5245,1.1985,31.441,circuit,20.593,10.848,6,1,29,10.35,0.49802,26,4E1F -> 5E1F -> 6E1F,36,36.012,29.605,32.566,97.814,20.1,0.12108,1.7539,127.52,41.448,246.96,83.965,True
90,12,7.5,7.5,2,12x6e,3,s1223,1.771,1.1264,24.085,takeoff,11.148,12.937,0,3,33,12.15,0.78748,26.667,0E2F -> 1E2F -> 0E3F,36.667,34.148,40.229,44.252,50.277,15.2,0.23369,0.76873,95.077,56.321,598.85,164.13,True
90,12,7.5,7.5,2,12x6e,4,s1223,1.771,1.1264,24.119,takeoff,11.487,12.632,0,3,33,12.15,0.48221,26.667,0E2F -> 1E2F -> 0E3F,36.667,37.162,40.257,44.283,50.277,20.1,0.23564,0.75701,94.967,56.36,608.77,165.44,True
90,12,7.5,7.5,2,12x6e,5,s1223,1.771,1.1264,24.137,takeoff,11.824,12.313,0,3,33,12.15,0.16297,28,1E2F -> 2E2F -> 3E2F,38,38.064,40.272,44.299,50.277,25,0.2367,0.75061,94.908,56.381,614.38,166.17,True
90,12,7.5,7.5,2,12x6e,6,s1223,1.771,1.1264,24.147,takeoff,12.161,11.986,3,2,31,11.25,0.73577,28,1E2F -> 2E2F -> 3E2F,38,38.116,40.28,44.308,50.277,29.9,0.23727,0.74723,94.876,56.392,617.4,166.56,True
90,12,7.5,7.5,2,12x6e,7,s1223,1.771,1.1264,23.862,takeoff,12.307,11.555,3,2,31,11.25,0.30521,28,1E2F -> 2E2F -> 3E2F,38,38.021,40.042,44.047,50.277,20.1,0.22063,0.85003,95.846,56.059,540.76,155.92,True
90,12,7.5,7.5,2,12x6e,8,s1223,1.771,1.1264,23.862,takeoff,12.399,11.463,7,1,32,11.4,0.063072,29,5E1F -> 6E1F -> 7E1F,39,37.752,40.042,44.047,50.277,20.1,0.22063,0.85003,95.846,56.059,540.76,155.92,True
90,14,8.75,6.4286,2,12x6e,3,s1223,1.7492,1.1363,25.882,takeoff,11.787,14.095,0,3,33,12.15,1.9447,26.667,0E2F -> 1E2F -> 0E3F,36.667,35.685,38.849,42.734,57.2,15.2,0.21418,0.836,98.183,54.388,560.62,154.37,True
90,14,8.75,6.4286,2,12x6e,4,s1223,1.7492,1.1363,25.916,takeoff,12.126,13.79,1,3,36,13.2,0.58961,31.333,1E2F -> 0E3F -> 1E3F,41.333,40.11,38.874,42.761,57.2,20.1,0.21588,0.82436,98.069,54.424,568.8,155.47,True
90,14,8.75,6.4286,2,12x6e,5,s1223,1.7492,1.1363,25.934,takeoff,12.464,13.471,1,3,36,13.2,0.27051,31.333,1E2F -> 0E3F -> 1E3F,41.333,41.418,38.888,42.777,57.2,25,0.21681,0.818,98.007,54.443,573.41,156.09,True
90,14,8.75,6.4286,2,12x6e,6,s1223,1.7492,1.1363,25.944,takeoff,12.8,13.143,4,2,34,12.3,0.84341,31,2E2F -> 3E2F -> 4E2F,41,41.558,38.895,42.785,57.2,29.9,0.21731,0.81464,97.974,54.453,575.89,156.42,True
90,14,8.75,6.4286,2,12x6e,7,s1223,1.7492,1.1363,25.655,takeoff,12.947,12.708,4,2,34,12.3,0.40777,31,2E2F -> 3E2F -> 4E2F,41,40.983,38.678,42.546,57.2,20.1,0.20284,0.91614,98.982,54.149,511.89,147.39,True
90,14,8.75,6.4286,2,12x6e,8,s1223,1.7492,1.1363,25.655,takeoff,13.039,12.616,4,2,34,12.3,0.31563,31,2E2F -> 3E2F -> 4E2F,41,41.021,38.678,42.546,57.2,20.1,0.20284,0.91614,98.982,54.149,511.89,147.39,True
90,16,10,5.625,2,12x6e,3,s1223,1.7296,1.145,27.515,takeoff,12.45,15.065,0,3,33,12.15,2.915,26.667,0E2F -> 1E2F -> 0E3F,36.667,36.402,37.681,41.449,64.093,15.2,0.19678,0.90928,101.16,52.753,525.13,145.87,True
90,16,10,5.625,2,12x6e,4,s1223,1.7296,1.145,27.549,takeoff,12.789,14.76,1,3,36,13.2,1.5605,31.333,1E2F -> 0E3F -> 1E3F,41.333,41.297,37.704,41.474,64.093,20.1,0.19829,0.89772,101.04,52.785,531.95,146.82,True
90,16,10,5.625,2,12x6e,5,s1223,1.7296,1.145,27.568,takeoff,13.126,14.442,2,3,39,14.25,0.19164,36,0E3F -> 1E3F -> 2E3F,46,43.365,37.717,41.488,64.093,25,0.19911,0.89142,100.97,52.803,535.77,147.34,True
90,16,10,5.625,2,12x6e,6,s1223,1.7296,1.145,27.578,takeoff,13.463,14.115,1,3,36,13.2,0.91468,31.333,1E2F -> 0E3F -> 1E3F,41.333,43.501,37.723,41.496,64.093,29.9,0.19955,0.88809,100.94,52.813,537.83,147.62,True
90,16,10,5.625,2,12x6e,7,s1223,1.7296,1.145,27.286,takeoff,13.61,13.676,5,2,37,13.35,0.32587,34,3E2F -> 4E2F -> 5E2F,44,43.673,37.523,41.276,64.093,20.1,0.18672,0.98877,102,52.533,484.03,139.86,True
90,16,10,5.625,2,12x6e,8,s1223,1.7296,1.145,27.286,takeoff,13.702,13.584,5,2,37,13.35,0.23373,34,3E2F -> 4E2F -> 5E2F,44,43.225,37.523,41.276,64.093,20.1,0.18672,0.98877,102,52.533,484.03,139.86,True
90,18,11.25,5,2,12x6e,3,s1223,1.7117,1.1527,29.005,takeoff,13.134,15.871,0,3,33,12.15,3.7209,26.667,0E2F -> 1E2F -> 0E3F,36.667,36.403,36.665,40.332,70.963,15.2,0.18115,0.9877,104.06,51.332,492.85,138.39,True
90,18,11.25,5,2,12x6e,4,s1223,1.7117,1.1527,29.04,takeoff,13.473,15.567,1,3,36,13.2,2.3668,31.333,1E2F -> 0E3F -> 1E3F,41.333,42.842,36.687,40.356,70.963,20.1,0.1825,0.97619,103.93,51.362,498.59,139.21,True
90,18,11.25,5,2,12x6e,5,s1223,1.7117,1.1527,29.059,takeoff,13.81,15.248,2,3,39,14.25,0.99817,36,0E3F -> 1E3F -> 2E3F,46,44.993,36.699,40.369,70.963,25,0.18324,0.9699,103.87,51.379,501.8,139.66,True
90,18,11.25,5,2,12x6e,6,s1223,1.7117,1.1527,29.069,takeoff,14.147,14.921,2,3,39,14.25,0.67131,36,0E3F -> 1E3F -> 2E3F,46,45.457,36.705,40.376,70.963,29.9,0.18364,0.96658,103.83,51.387,503.52,139.91,True
90,18,11.25,5,2,12x6e,7,s1223,1.7117,1.1527,28.777,takeoff,14.295,14.482,2,3,39,14.25,0.23171,36,0E3F -> 1E3F -> 2E3F,46,45.373,36.521,40.173,70.963,20.1,0.17206,1.0672,104.95,51.129,457.94,133.15,True
90,18,11.25,5,2,12x6e,8,s1223,1.7117,1.1527,28.777,takeoff,14.387,14.39,2,3,39,14.25,0.13956,36,0E3F -> 1E3F -> 2E3F,46,45.454,36.521,40.173,70.963,20.1,0.17206,1.0672,104.95,51.129,457.94,133.15,True
90,20,12.5,4.5,2,12x6e,3,s1223,1.6952,1.1595,30.368,takeoff,13.84,16.527,0,3,33,12.15,4.3775,26.667,0E2F -> 1E2F -> 0E3F,36.667,36.621,35.764,39.341,77.812,15.2,0.167,1.0753,106.94,50.07,463.35,131.68,True
90,20,12.5,4.5,2,12x6e,4,s1223,1.6952,1.1595,30.402,takeoff,14.179,16.224,0,4,44,16.2,0.02358,37.667,0E3F -> 1E3F -> 0E4F,47.667,45.092,35.785,39.363,77.812,20.1,0.16823,1.0636,106.81,50.098,468.22,132.4,True
90,20,12.5,4.5,2,12x6e,5,s1223,1.6952,1.1595,30.421,takeoff,14.516,15.905,2,3,39,14.25,1.6551,36,0E3F -> 1E3F -> 2E3F,46,47.135,35.796,39.375,77.812,25,0.16891,1.0572,106.73,50.114,470.94,132.8,True
90,20,12.5,4.5,2,12x6e,6,s1223,1.6952,1.1595,30.431,takeoff,14.853,15.578,3,3,42,15.3,0.27831,39,1E3F -> 2E3F -> 3E3F,49,47.203,35.802,39.382,77.812,29.9,0.16926,1.0539,106.7,50.122,472.4,133.01,True
90,20,12.5,4.5,2,12x6e,7,s1223,1.6952,1.1595,30.137,takeoff,15.001,15.137,2,3,39,14.25,0.88655,36,0E3F -> 1E3F -> 2E3F,46,47.046,35.628,39.191,77.812,20.1,0.15874,1.1564,107.89,49.88,433.45,127.06,True
90,20,12.5,4.5,2,12x6e,8,s1223,1.6952,1.1595,30.137,takeoff,15.093,15.044,6,2,40,14.4,0.64441,37,4E2F -> 5E2F -> 6E2F,47,47.625,35.628,39.191,77.812,20.1,0.15874,1.1564,107.89,49.88,433.45,127.06,True
90,22,13.75,4.0909,2,12x6e,3,s1223,1.6798,1.1655,31.621,takeoff,14.567,17.053,0,3,33,12.15,4.9034,26.667,0E2F -> 1E2F -> 0E3F,36.667,36.621,34.955,38.451,84.645,15.2,0.1536,1.1715,109.88,48.937,435.69,125.52,True
90,22,13.75,4.0909,2,12x6e,4,s1223,1.6798,1.1655,31.655,takeoff,14.906,16.75,0,4,44,16.2,0.54971,37.667,0E3F -> 1E3F -> 0E4F,47.667,45.148,34.974,38.472,84.645,20.1,0.15473,1.1594,109.73,48.964,439.84,126.16,True
90,22,13.75,4.0909,2,12x6e,5,s1223,1.6798,1.1655,31.674,takeoff,15.243,16.431,0,4,44,16.2,0.23137,37.667,0E3F -> 1E3F -> 0E4F,47.667,48.162,34.985,38.483,84.645,25,0.15535,1.1528,109.66,48.979,442.15,126.51,True
90,22,13.75,4.0909,2,12x6e,6,s1223,1.6798,1.1655,31.685,takeoff,15.58,16.105,3,3,42,15.3,0.80466,39,1E3F -> 2E3F -> 3E3F,49,49.005,34.991,38.49,84.645,29.9,0.15568,1.1494,109.61,48.987,443.39,126.7,True
90,22,13.75,4.0909,2,12x6e,7,s1223,1.6798,1.1655,31.389,takeoff,15.728,15.661,3,3,42,15.3,0.36078,39,1E3F -> 2E3F -> 3E3F,49,48.968,34.827,38.31,84.645,20.1,0.14603,1.2545,110.9,48.758,410.03,121.43,True
90,22,13.75,4.0909,2,12x6e,8,s1223,1.6798,1.1655,31.389,takeoff,15.82,15.569,3,3,42,15.3,0.26863,39,1E3F -> 2E3F -> 3E3F,49,48.374,34.827,38.31,84.645,20.1,0.14603,1.2545,110.9,48.758,410.03,121.43,True
90,24,15,3.75,2,12x6e,3,s1223,1.6654,1.171,32.78,takeoff,15.316,17.464,0,3,33,12.15,5.3137,26.667,0E2F -> 1E2F -> 0E3F,36.667,36.621,34.222,37.644,91.462,15.2,0.14112,1.2758,112.89,47.911,410.37,119.91,True
90,24,15,3.75,2,12x6e,4,s1223,1.6654,1.171,32.815,takeoff,15.654,17.16,0,4,44,16.2,0.96039,37.667,0E3F -> 1E3F -> 0E4F,47.667,45.151,34.241,37.665,91.462,20.1,0.14216,1.2635,112.73,47.937,413.93,120.48,True
90,24,15,3.75,2,12x6e,5,s1223,1.6654,1.171,32.834,takeoff,15.992,16.842,0,4,44,16.2,0.64223,37.667,0E3F -> 1E3F -> 0E4F,47.667,48.181,34.251,37.676,91.462,25,0.14274,1.2568,112.65,47.951,415.91,120.8,True
90,24,15,3.75,2,12x6e,6,s1223,1.6654,1.171,32.844,takeoff,16.329,16.516,0,4,44,16.2,0.31562,39,1E3F -> 2E3F -> 3E3F,49,49.165,34.256,37.682,91.462,29.9,0.14304,1.2532,112.6,47.958,416.97,120.96,True
90,24,15,3.75,2,12x6e,7,s1223,1.6654,1.171,32.546,takeoff,16.477,16.069,3,3,42,15.3,0.76895,39,1E3F -> 2E3F -> 3E3F,49,49.406,34.1,37.51,91.462,20.1,0.13411,1.3601,114,47.74,388.17,116.25,True
90,24,15,3.75,2,12x6e,8,s1223,1.6654,1.171,32.546,takeoff,16.569,15.977,3,3,42,15.3,0.67681,39,1E3F -> 2E3F -> 3E3F,49,49.367,34.1,37.51,91.462,20.1,0.13411,1.3601,114,47.74,388.17,116.25,True
90,26,16.25,3.4615,2,12x6e,3,s1223,1.6472,1.1759,33.793,takeoff,16.112,17.68,0,3,33,12.15,5.5305,26.667,0E2F -> 1E2F -> 0E3F,36.667,36.662,33.567,36.924,92.584,15.2,0.12982,1.3856,115.92,46.994,386.84,114.95,True
90,26,16.25,3.4615,2,12x6e,4,s1223,1.6472,1.1759,33.828,takeoff,16.451,17.377,0,4,44,16.2,1.1773,37.667,0E3F -> 1E3F -> 0E4F,47.667,45.31,33.585,36.943,92.584,20.1,0.13079,1.3729,115.75,47.019,389.91,115.47,True
90,26,16.25,3.4615,2,12x6e,5,s1223,1.6472,1.1759,33.847,takeoff,16.788,17.059,0,4,44,16.2,0.85927,37.667,0E3F -> 1E3F -> 0E4F,47.667,48.687,33.594,36.954,92.584,25,0.13133,1.366,115.65,47.032,391.62,115.75,True
90,26,16.25,3.4615,2,12x6e,6,s1223,1.6472,1.1759,33.858,takeoff,17.125,16.733,0,4,44,16.2,0.53272,39,1E3F -> 2E3F -> 3E3F,49,49.812,33.599,36.959,92.584,29.9,0.13161,1.3624,115.6,47.039,392.54,115.9,True
90,26,16.25,3.4615,2,12x6e,7,s1223,1.6472,1.1759,33.558,takeoff,17.273,16.285,0,4,44,16.2,0.084697,39,1E3F -> 2E3F -> 3E3F,49,49.408,33.45,36.795,92.584,20.1,0.12328,1.4728,117.14,46.831,367.55,111.64,True
90,26,16.25,3.4615,2,12x6e,8,s1223,1.6472,1.1759,33.558,takeoff,17.366,16.193,3,3,42,15.3,0.89255,39,1E3F -> 2E3F -> 3E3F,49,50.23,33.45,36.795,92.584,20.1,0.12328,1.4728,117.14,46.831,367.55,111.64,True
90,28,17.5,3.2143,2,12x6e,3,s1223,1.6287,1.1804,34.715,takeoff,16.937,17.778,0,3,33,12.15,5.6285,26.667,0E2F -> 1E2F -> 0E3F,36.667,36.662,32.971,36.268,93.706,15.2,0.11934,1.5032,119.05,46.159,365.34,110.46,True
90,28,17.5,3.2143,2,12x6e,4,s1223,1.6287,1.1804,34.751,takeoff,17.275,17.476,0,4,44,16.2,1.2755,37.667,0E3F -> 1E3F -> 0E4F,47.667,45.31,32.988,36.287,93.706,20.1,0.12025,1.49,118.86,46.183,368.02,110.92,True
90,28,17.5,3.2143,2,12x6e,5,s1223,1.6287,1.1804,34.77,takeoff,17.612,17.158,0,4,44,16.2,0.95754,37.667,0E3F -> 1E3F -> 0E4F,47.667,48.69,32.997,36.297,93.706,25,0.12075,1.4829,118.76,46.196,369.51,111.18,True
90,28,17.5,3.2143,2,12x6e,6,s1223,1.6287,1.1804,34.78,takeoff,17.949,16.831,0,4,44,16.2,0.63104,39,1E3F -> 2E3F -> 3E3F,49,49.831,33.002,36.302,93.706,29.9,0.12102,1.4791,118.7,46.203,370.3,111.32,True
90,28,17.5,3.2143,2,12x6e,7,s1223,1.6287,1.1804,34.479,takeoff,18.098,16.382,4,3,45,16.35,0.031572,42,2E3F -> 3E3F -> 4E3F,52,50.218,32.859,36.145,93.706,20.1,0.1132,1.5937,120.4,46.002,348.48,107.45,True
90,28,17.5,3.2143,2,12x6e,8,s1223,1.6287,1.1804,34.479,takeoff,18.19,16.289,0,4,44,16.2,0.08943,39,1E3F -> 2E3F -> 3E3F,49,50.231,32.859,36.145,93.706,20.1,0.1132,1.5937,120.4,46.002,348.48,107.45,True
90,30,18.75,3,2,12x6e,3,s1223,1.6096,1.1844,35.542,takeoff,17.788,17.753,0,3,33,12.15,5.6033,26.667,0E2F -> 1E2F -> 0E3F,36.667,36.662,32.421,35.663,94.828,15.2,0.10969,1.6276,122.31,45.389,344.96,106.24,True
90,30,18.75,3,2,12x6e,4,s1223,1.6096,1.1844,35.577,takeoff,18.127,17.45,0,4,44,16.2,1.2505,37.667,0E3F -> 1E3F -> 0E4F,47.667,45.31,32.437,35.68,94.828,20.1,0.11056,1.6138,122.09,45.411,347.29,106.66,True
90,30,18.75,3,2,12x6e,5,s1223,1.6096,1.1844,35.597,takeoff,18.464,17.133,0,4,44,16.2,0.93258,37.667,0E3F -> 1E3F -> 0E4F,47.667,48.687,32.446,35.69,94.828,25,0.11103,1.6064,121.98,45.424,348.58,106.9,True
90,30,18.75,3,2,12x6e,6,s1223,1.6096,1.1844,35.607,takeoff,18.801,16.806,0,4,44,16.2,0.60611,39,1E3F -> 2E3F -> 3E3F,49,49.831,32.45,35.695,94.828,29.9,0.11128,1.6024,121.92,45.431,349.27,107.02,True
90,30,18.75,3,2,12x6e,7,s1223,1.6096,1.1844,35.305,takeoff,18.95,16.356,4,3,45,16.35,0.0056729,42,2E3F -> 3E3F -> 4E3F,52,50.218,32.313,35.544,94.828,20.1,0.10391,1.7222,123.8,45.238,330.23,103.49,True
90,30,18.75,3,2,12x6e,8,s1223,1.6096,1.1844,35.305,takeoff,19.042,16.264,0,4,44,16.2,0.063531,39,1E3F -> 2E3F -> 3E3F,49,50.231,32.313,35.544,94.828,20.1,0.10391,1.7222,123.8,45.238,330.23,103.49,True
90,32,20,2.8125,2,12x6e,3,s1223,1.5898,1.1882,36.278,takeoff,18.667,17.611,0,3,33,12.15,5.461,26.667,0E2F -> 1E2F -> 0E3F,36.667,36.621,31.911,35.102,95.95,15.2,0.10076,1.7591,125.72,44.675,326.14,102.35,True
90,32,20,2.8125,2,12x6e,4,s1223,1.5898,1.1882,36.314,takeoff,19.006,17.308,0,4,44,16.2,1.1083,37.667,0E3F -> 1E3F -> 0E4F,47.667,45.31,31.927,35.119,95.95,20.1,0.10158,1.7447,125.48,44.697,328.18,102.74,True
90,32,20,2.8125,2,12x6e,5,s1223,1.5898,1.1882,36.334,takeoff,19.343,16.991,0,4,44,16.2,0.79053,37.667,0E3F -> 1E3F -> 0E4F,47.667,48.687,31.935,35.129,95.95,25,0.10203,1.7369,125.36,44.709,329.31,102.95,True
90,32,20,2.8125,2,12x6e,6,s1223,1.5898,1.1882,36.344,takeoff,19.68,16.664,0,4,44,16.2,0.46413,39,1E3F -> 2E3F -> 3E3F,49,49.811,31.94,35.134,95.95,29.9,0.10227,1.7327,125.29,44.716,329.91,103.07,True
90,32,20,2.8125,2,12x6e,7,s1223,1.5898,1.1882,34.614,circuit,19.743,14.87,2,3,39,14.25,0.6204,36,0E3F -> 1E3F -> 2E3F,46,46.075,31.17,34.287,95.95,20.1,0.10765,1.7461,125.97,43.638,300.65,95.853,True
90,32,20,2.8125,2,12x6e,8,s1223,1.5898,1.1882,34.614,circuit,19.835,14.778,6,2,40,14.4,0.37825,37,4E2F -> 5E2F -> 6E2F,47,46.729,31.17,34.287,95.95,20.1,0.10765,1.7461,125.97,43.638,300.65,95.853,True
90,34,21.25,2.6471,2,12x6e,3,s1223,1.5694,1.1916,34.758,circuit,19.445,15.313,0,3,33,12.15,3.1635,26.667,0E2F -> 1E2F -> 0E3F,36.667,36.403,30.499,33.549,97.072,15.2,0.11091,1.7292,127.2,42.699,290.51,92.936,True
90,34,21.25,2.6471,2,12x6e,4,s1223,1.5694,1.1916,34.792,circuit,19.783,15.009,1,3,36,13.2,1.809,31.333,1E2F -> 0E3F -> 1E3F,41.333,42.842,30.514,33.566,97.072,20.1,0.11167,1.7164,127,42.72,292.21,93.276,True
90,34,21.25,2.6471,2,12x6e,5,s1223,1.5694,1.1916,34.811,circuit,20.121,14.69,2,3,39,14.25,0.44027,36,0E3F -> 1E3F -> 2E3F,46,44.591,30.522,33.575,97.072,25,0.11209,1.7094,126.89,42.731,293.16,93.464,True
90,34,21.25,2.6471,2,12x6e,6,s1223,1.5694,1.1916,35.531,circuit,20.5,15.032,2,3,39,14.25,0.78178,36,0E3F -> 1E3F -> 2E3F,46,45.782,30.837,33.92,97.072,29.9,0.10606,1.7572,127.37,43.171,299.69,95.479,True
90,34,21.25,2.6471,2,12x6e,7,s1223,1.5694,1.1916,33.167,circuit,20.526,12.641,4,2,34,12.3,0.34067,31,2E2F -> 3E2F -> 4E2F,41,40.97,29.793,32.772,97.072,20.1,0.11875,1.7126,127.55,41.71,268.49,87.122,True
90,34,21.25,2.6471,2,12x6e,8,s1223,1.5694,1.1916,33.167,circuit,20.618,12.549,4,2,34,12.3,0.24853,31,2E2F -> 3E2F -> 4E2F,41,40.373,29.793,32.772,97.072,20.1,0.11875,1.7126,127.55,41.71,268.49,87.122,True
90,36,22.5,2.5,2,12x6e,3,s1223,1.5482,1.1948,33.897,circuit,20.296,13.601,0,3,33,12.15,1.4514,26.667,0E2F -> 1E2F -> 0E3F,36.667,35.685,29.47,32.417,98.194,15.2,0.11577,1.7495,129.19,41.258,264.44,86.246,True
90,36,22.5,2.5,2,12x6e,4,s1223,1.5482,1.1948,33.93,circuit,20.634,13.296,1,3,36,13.2,0.095805,31.333,1E2F -> 0E3F -> 1E3F,41.333,39.065,29.484,32.433,98.194,20.1,0.11649,1.7374,129.01,41.278,265.89,86.55,True
90,36,22.5,2.5,2,12x6e,5,s1223,1.5482,1.1948,33.947,circuit,20.971,12.976,0,3,33,12.15,0.82643,28,1E2F -> 2E2F -> 3E2F,38,40.342,29.492,32.441,98.194,25,0.11689,1.7308,128.91,41.289,266.7,86.718,True
90,36,22.5,2.5,2,12x6e,6,s1223,1.5482,1.1948,33.957,circuit,21.308,12.649,4,2,34,12.3,0.34918,31,2E2F -> 3E2F -> 4E2F,41,40.292,29.496,32.446,98.194,29.9,0.1171,1.7273,128.85,41.295,267.13,86.807,True
90,36,22.5,2.5,2,12x6e,7,s1223,1.5482,1.1948,32.347,circuit,21.38,10.967,6,1,29,10.35,0.61683,26,4E1F -> 5E1F -> 6E1F,36,36.624,28.788,31.667,98.194,20.1,0.12422,1.7285,129.58,40.304,244.95,80.921,True
90,36,22.5,2.5,2,12x6e,8,s1223,1.5482,1.1948,32.347,circuit,21.472,10.875,6,1,29,10.35,0.52469,26,4E1F -> 5E1F -> 6E1F,36,36.012,28.788,31.667,98.194,20.1,0.12422,1.7285,129.58,40.304,244.95,80.921,True
95,12,7.9167,7.9167,2,12x6e,3,s1223,1.7831,1.1229,24.895,takeoff,11.444,13.451,0,3,33,12.15,1.3012,26.667,0E2F -> 1E2F -> 0E3F,36.667,34.31,39.674,43.641,50.421,15.2,0.22932,0.77535,96.16,55.544,595.38,160.58,True
95,12,7.9167,7.9167,2,12x6e,4,s1223,1.7831,1.1229,24.926,takeoff,11.782,13.144,0,3,33,12.15,0.99391,26.667,0E2F -> 1E2F -> 0E3F,36.667,37.69,39.699,43.669,50.421,20.1,0.23119,0.76375,96.052,55.579,604.95,161.79,True
95,12,7.9167,7.9167,2,12x6e,5,s1223,1.7831,1.1229,24.949,takeoff,12.12,12.829,0,3,33,12.15,0.67901,28,1E2F -> 2E2F -> 3E2F,38,38.831,39.717,43.689,50.421,25,0.23212,0.7576,95.991,55.604,610.5,162.5,True
95,12,7.9167,7.9167,2,12x6e,6,s1223,1.7831,1.1229,24.959,takeoff,12.457,12.502,4,2,34,12.3,0.20169,31,2E2F -> 3E2F -> 4E2F,41,39.32,39.725,43.698,50.421,29.9,0.23266,0.75427,95.96,55.615,613.42,162.87,True
95,12,7.9167,7.9167,2,12x6e,7,s1223,1.7831,1.1229,24.671,takeoff,12.602,12.069,3,2,31,11.25,0.81892,28,1E2F -> 2E2F -> 3E2F,38,39.229,39.495,43.445,50.421,20.1,0.21698,0.85515,96.921,55.294,538.93,152.87,True
95,12,7.9167,7.9167,2,12x6e,8,s1223,1.7831,1.1229,24.671,takeoff,12.694,11.977,7,1,32,11.4,0.57677,29,5E1F -> 6E1F -> 7E1F,39,38.834,39.495,43.445,50.421,20.1,0.21698,0.85515,96.921,55.294,538.93,152.87,True
95,14,9.2361,6.7857,2,12x6e,3,s1223,1.7615,1.1328,26.75,takeoff,12.111,14.639,0,3,33,12.15,2.4895,26.667,0E2F -> 1E2F -> 0E3F,36.667,35.685,38.308,42.138,57.356,15.2,0.21025,0.84318,99.336,53.631,557.93,151.05,True
95,14,9.2361,6.7857,2,12x6e,4,s1223,1.7615,1.1328,26.784,takeoff,12.45,14.335,1,3,36,13.2,1.1345,31.333,1E2F -> 0E3F -> 1E3F,41.333,40.271,38.332,42.165,57.356,20.1,0.21186,0.83178,99.223,53.664,565.89,152.08,True
95,14,9.2361,6.7857,2,12x6e,5,s1223,1.7615,1.1328,26.803,takeoff,12.787,14.015,1,3,36,13.2,0.81547,31.333,1E2F -> 0E3F -> 1E3F,41.333,41.943,38.345,42.179,57.356,25,0.21273,0.82555,99.162,53.683,570.37,152.65,True
95,14,9.2361,6.7857,2,12x6e,6,s1223,1.7615,1.1328,26.813,takeoff,13.124,13.688,1,3,36,13.2,0.48838,31.333,1E2F -> 0E3F -> 1E3F,41.333,42.511,38.352,42.187,57.356,29.9,0.2132,0.82225,99.129,53.693,572.78,152.96,True
95,14,9.2361,6.7857,2,12x6e,7,s1223,1.7615,1.1328,26.524,takeoff,13.27,13.254,1,3,36,13.2,0.053839,31.333,1E2F -> 0E3F -> 1E3F,41.333,41.89,38.145,41.96,57.356,20.1,0.19952,0.92179,100.13,53.403,510.52,144.5,True
95,14,9.2361,6.7857,2,12x6e,8,s1223,1.7615,1.1328,26.524,takeoff,13.362,13.162,4,2,34,12.3,0.8617,31,2E2F -> 3E2F -> 4E2F,41,42.253,38.145,41.96,57.356,20.1,0.19952,0.92179,100.13,53.403,510.52,144.5,True
95,16,10.556,5.9375,2,12x6e,3,s1223,1.7421,1.1415,28.441,takeoff,12.804,15.638,0,3,33,12.15,3.4875,26.667,0E2F -> 1E2F -> 0E3F,36.667,36.403,37.154,40.869,64.26,15.2,0.19323,0.91757,102.37,52.015,523.12,142.77,True
95,16,10.556,5.9375,2,12x6e,4,s1223,1.7421,1.1415,28.476,takeoff,13.143,15.333,1,3,36,13.2,2.1331,31.333,1E2F -> 0E3F -> 1E3F,41.333,42.842,37.176,40.894,64.26,20.1,0.19465,0.90621,102.26,52.047,529.77,143.66,True
95,16,10.556,5.9375,2,12x6e,5,s1223,1.7421,1.1415,28.494,takeoff,13.48,15.014,2,3,39,14.25,0.76429,36,0E3F -> 1E3F -> 2E3F,46,44.991,37.188,40.907,64.26,25,0.19543,0.90002,102.19,52.064,533.49,144.15,True
95,16,10.556,5.9375,2,12x6e,6,s1223,1.7421,1.1415,28.504,takeoff,13.817,14.687,2,3,39,14.25,0.43735,36,0E3F -> 1E3F -> 2E3F,46,45.429,37.195,40.914,64.26,29.9,0.19584,0.89675,102.16,52.073,535.5,144.42,True
95,16,10.556,5.9375,2,12x6e,7,s1223,1.7421,1.1415,28.214,takeoff,13.964,14.25,2,3,39,14.25,0.00015262,36,0E3F -> 1E3F -> 2E3F,46,45.268,37.005,40.705,64.26,20.1,0.1837,0.99548,103.2,51.807,483.07,137.14,True
95,16,10.556,5.9375,2,12x6e,8,s1223,1.7421,1.1415,28.214,takeoff,14.056,14.158,5,2,37,13.35,0.80801,34,3E2F -> 4E2F -> 5E2F,44,44.777,37.005,40.705,64.26,20.1,0.1837,0.99548,103.2,51.807,483.07,137.14,True
95,18,11.875,5.2778,2,12x6e,3,s1223,1.7244,1.1492,29.986,takeoff,13.521,16.465,0,3,33,12.15,4.3154,26.667,0E2F -> 1E2F -> 0E3F,36.667,36.621,36.152,39.767,71.14,15.2,0.17793,0.99678,105.34,50.612,491.49,135.51,True
95,18,11.875,5.2778,2,12x6e,4,s1223,1.7244,1.1492,30.021,takeoff,13.859,16.161,1,3,36,13.2,2.9613,31.333,1E2F -> 0E3F -> 1E3F,41.333,43.38,36.172,39.79,71.14,20.1,0.17921,0.9854,105.22,50.641,497.1,136.28,True
95,18,11.875,5.2778,2,12x6e,5,s1223,1.7244,1.1492,30.04,takeoff,14.197,15.843,2,3,39,14.25,1.5927,36,0E3F -> 1E3F -> 2E3F,46,46.13,36.184,39.802,71.14,25,0.17991,0.97922,105.15,50.657,500.23,136.71,True
95,18,11.875,5.2778,2,12x6e,6,s1223,1.7244,1.1492,30.05,takeoff,14.534,15.516,3,3,42,15.3,0.21589,39,1E3F -> 2E3F -> 3E3F,49,46.697,36.19,39.809,71.14,29.9,0.18028,0.97595,105.11,50.666,501.92,136.94,True
95,18,11.875,5.2778,2,12x6e,7,s1223,1.7244,1.1492,29.757,takeoff,14.681,15.076,2,3,39,14.25,0.82587,36,0E3F -> 1E3F -> 2E3F,46,47.046,36.013,39.614,71.14,20.1,0.16936,1.0749,106.22,50.418,457.36,130.59,True
95,18,11.875,5.2778,2,12x6e,8,s1223,1.7244,1.1492,29.757,takeoff,14.773,14.984,6,2,40,14.4,0.58372,37,4E2F -> 5E2F -> 6E2F,47,46.762,36.013,39.614,71.14,20.1,0.16936,1.0749,106.22,50.418,457.36,130.59,True
95,20,13.194,4.75,2,12x6e,3,s1223,1.7081,1.156,31.401,takeoff,14.261,17.14,0,3,33,12.15,4.9903,26.667,0E2F -> 1E2F -> 0E3F,36.667,36.621,35.263,38.79,77.999,15.2,0.1641,1.0849,108.28,49.369,462.62,129.02,True
95,20,13.194,4.75,2,12x6e,4,s1223,1.7081,1.156,31.436,takeoff,14.599,16.836,0,4,44,16.2,0.6364,37.667,0E3F -> 1E3F -> 0E4F,47.667,45.148,35.283,38.811,77.999,20.1,0.16526,1.0735,108.15,49.396,467.39,129.7,True
95,20,13.194,4.75,2,12x6e,5,s1223,1.7081,1.156,31.455,takeoff,14.937,16.518,0,4,44,16.2,0.31793,37.667,0E3F -> 1E3F -> 0E4F,47.667,48.162,35.294,38.823,77.999,25,0.1659,1.0672,108.08,49.411,470.05,130.08,True
95,20,13.194,4.75,2,12x6e,6,s1223,1.7081,1.156,31.465,takeoff,15.274,16.191,3,3,42,15.3,0.89116,39,1E3F -> 2E3F -> 3E3F,49,49.062,35.299,38.829,77.999,29.9,0.16624,1.0639,108.04,49.419,471.48,130.28,True
95,20,13.194,4.75,2,12x6e,7,s1223,1.7081,1.156,31.17,takeoff,15.421,15.749,3,3,42,15.3,0.44919,39,1E3F -> 2E3F -> 3E3F,49,48.981,35.134,38.647,77.999,20.1,0.15629,1.1646,109.22,49.187,433.32,124.68,True
95,20,13.194,4.75,2,12x6e,8,s1223,1.7081,1.156,31.17,takeoff,15.513,15.657,3,3,42,15.3,0.35705,39,1E3F -> 2E3F -> 3E3F,49,49.022,35.134,38.647,77.999,20.1,0.15629,1.1646,109.22,49.187,433.32,124.68,True
95,22,14.514,4.3182,2,12x6e,3,s1223,1.6929,1.1621,32.703,takeoff,15.024,17.68,0,3,33,12.15,5.5296,26.667,0E2F -> 1E2F -> 0E3F,36.667,36.662,34.466,37.913,84.84,15.2,0.15107,1.1822,111.28,48.252,435.66,123.09,True
95,22,14.514,4.3182,2,12x6e,4,s1223,1.6929,1.1621,32.738,takeoff,15.362,17.376,0,4,44,16.2,1.1759,37.667,0E3F -> 1E3F -> 0E4F,47.667,45.31,34.484,37.933,84.84,20.1,0.15214,1.1704,111.13,48.278,439.73,123.69,True
95,22,14.514,4.3182,2,12x6e,5,s1223,1.6929,1.1621,32.757,takeoff,15.7,17.058,0,4,44,16.2,0.85759,37.667,0E3F -> 1E3F -> 0E4F,47.667,48.687,34.494,37.944,84.84,25,0.15272,1.1639,111.05,48.292,442,124.02,True
95,22,14.514,4.3182,2,12x6e,6,s1223,1.6929,1.1621,32.767,takeoff,16.036,16.731,0,4,44,16.2,0.53089,39,1E3F -> 2E3F -> 3E3F,49,49.812,34.5,37.95,84.84,29.9,0.15303,1.1605,111.01,48.3,443.22,124.2,True
95,22,14.514,4.3182,2,12x6e,7,s1223,1.6929,1.1621,32.472,takeoff,16.184,16.288,0,4,44,16.2,0.088137,39,1E3F -> 2E3F -> 3E3F,49,49.408,34.344,37.779,84.84,20.1,0.1439,1.2638,112.28,48.082,410.47,119.24,True
95,22,14.514,4.3182,2,12x6e,8,s1223,1.6929,1.1621,32.472,takeoff,16.276,16.196,3,3,42,15.3,0.89599,39,1E3F -> 2E3F -> 3E3F,49,50.23,34.344,37.779,84.84,20.1,0.1439,1.2638,112.28,48.082,410.47,119.24,True
95,24,15.833,3.9583,2,12x6e,3,s1223,1.6787,1.1676,33.906,takeoff,15.809,18.097,0,3,33,12.15,5.9466,26.667,0E2F -> 1E2F -> 0E3F,36.667,36.662,33.742,37.116,91.667,15.2,0.13888,1.2874,114.35,47.239,410.77,117.66,True
95,24,15.833,3.9583,2,12x6e,4,s1223,1.6787,1.1676,33.941,takeoff,16.148,17.793,0,4,44,16.2,1.5932,37.667,0E3F -> 1E3F -> 0E4F,47.667,46.685,33.76,37.136,91.667,20.1,0.13987,1.2753,114.19,47.264,414.27,118.2,True
95,24,15.833,3.9583,2,12x6e,5,s1223,1.6787,1.1676,33.96,takeoff,16.485,17.475,1,4,47,17.25,0.22507,42.333,1E3F -> 0E4F -> 1E4F,52.333,50.065,33.769,37.146,91.667,25,0.14041,1.2688,114.11,47.277,416.22,118.49,True
95,24,15.833,3.9583,2,12x6e,6,s1223,1.6787,1.1676,33.971,takeoff,16.822,17.148,0,4,44,16.2,0.94845,39,1E3F -> 2E3F -> 3E3F,49,51.343,33.774,37.152,91.667,29.9,0.1407,1.2653,114.06,47.284,417.26,118.65,True
95,24,15.833,3.9583,2,12x6e,7,s1223,1.6787,1.1676,33.672,takeoff,16.97,16.702,4,3,45,16.35,0.35213,42,2E3F -> 3E3F -> 4E3F,52,51.292,33.626,36.988,91.667,20.1,0.13227,1.3702,115.44,47.076,388.93,114.21,True
95,24,15.833,3.9583,2,12x6e,8,s1223,1.6787,1.1676,33.672,takeoff,17.062,16.61,4,3,45,16.35,0.25999,42,2E3F -> 3E3F -> 4E3F,52,51.214,33.626,36.988,91.667,20.1,0.13227,1.3702,115.44,47.076,388.93,114.21,True
95,26,17.153,3.6538,2,12x6e,3,s1223,1.6611,1.1726,34.973,takeoff,16.649,18.323,0,3,33,12.15,6.1733,26.667,0E2F -> 1E2F -> 0E3F,36.667,36.662,33.098,36.408,92.806,15.2,0.12775,1.3985,117.45,46.337,387.7,112.88,True
95,26,17.153,3.6538,2,12x6e,4,s1223,1.6611,1.1726,35.008,takeoff,16.988,18.02,0,4,44,16.2,1.8201,37.667,0E3F -> 1E3F -> 0E4F,47.667,46.685,33.115,36.426,92.806,20.1,0.12867,1.3861,117.28,46.361,390.73,113.36,True
95,26,17.153,3.6538,2,12x6e,5,s1223,1.6611,1.1726,35.027,takeoff,17.325,17.702,1,4,47,17.25,0.45204,42.333,1E3F -> 0E4F -> 1E4F,52.333,51.11,33.124,36.436,92.806,25,0.12917,1.3793,117.18,46.373,392.42,113.63,True
95,26,17.153,3.6538,2,12x6e,6,s1223,1.6611,1.1726,35.038,takeoff,17.662,17.375,1,4,47,17.25,0.12548,42.333,1E3F -> 0E4F -> 1E4F,52.333,52.418,33.129,36.442,92.806,29.9,0.12944,1.3757,117.13,46.38,393.32,113.77,True
95,26,17.153,3.6538,2,12x6e,7,s1223,1.6611,1.1726,34.738,takeoff,17.81,16.928,4,3,45,16.35,0.57763,42,2E3F -> 3E3F -> 4E3F,52,51.335,32.987,36.285,92.806,20.1,0.12158,1.4842,118.65,46.181,368.68,109.75,True
95,26,17.153,3.6538,2,12x6e,8,s1223,1.6611,1.1726,34.738,takeoff,17.902,16.835,4,3,45,16.35,0.48549,42,2E3F -> 3E3F -> 4E3F,52,51.983,32.987,36.285,92.806,20.1,0.12158,1.4842,118.65,46.181,368.68,109.75,True
95,28,18.472,3.3929,2,12x6e,3,s1223,1.6432,1.1771,35.943,takeoff,17.519,18.424,0,3,33,12.15,6.2742,26.667,0E2F -> 1E2F -> 0E3F,36.667,36.662,32.509,35.76,93.945,15.2,0.11745,1.5179,120.65,45.513,366.57,108.53,True
95,28,18.472,3.3929,2,12x6e,4,s1223,1.6432,1.1771,35.978,takeoff,17.857,18.121,0,4,44,16.2,1.9212,37.667,0E3F -> 1E3F -> 0E4F,47.667,46.685,32.525,35.778,93.945,20.1,0.11831,1.505,120.47,45.535,369.21,108.97,True
95,28,18.472,3.3929,2,12x6e,5,s1223,1.6432,1.1771,35.998,takeoff,18.195,17.803,1,4,47,17.25,0.55327,42.333,1E3F -> 0E4F -> 1E4F,52.333,51.11,32.534,35.787,93.945,25,0.11879,1.4979,120.36,45.548,370.68,109.21,True
95,28,18.472,3.3929,2,12x6e,6,s1223,1.6432,1.1771,36.008,takeoff,18.531,17.477,1,4,47,17.25,0.22677,42.333,1E3F -> 0E4F -> 1E4F,52.333,52.418,32.539,35.793,93.945,29.9,0.11904,1.4942,120.31,45.554,371.46,109.34,True
95,28,18.472,3.3929,2,12x6e,7,s1223,1.6432,1.1771,35.707,takeoff,18.68,17.027,4,3,45,16.35,0.67738,42,2E3F -> 3E3F -> 4E3F,52,52.556,32.402,35.643,93.945,20.1,0.11167,1.6069,121.98,45.363,349.91,105.68,True
95,28,18.472,3.3929,2,12x6e,8,s1223,1.6432,1.1771,35.707,takeoff,18.772,16.935,4,3,45,16.35,0.58524,42,2E3F -> 3E3F -> 4E3F,52,52.019,32.402,35.643,93.945,20.1,0.11167,1.6069,121.98,45.363,349.91,105.68,True
95,30,19.792,3.1667,2,12x6e,3,s1223,1.6248,1.1812,36.819,takeoff,18.417,18.402,0,3,33,12.15,6.2516,26.667,0E2F -> 1E2F -> 0E3F,36.667,36.662,31.967,35.163,95.084,15.2,0.10791,1.645,124,44.753,346.69,104.48,True
95,30,19.792,3.1667,2,12x6e,4,s1223,1.6248,1.1812,36.855,takeoff,18.756,18.099,0,4,44,16.2,1.8988,37.667,0E3F -> 1E3F -> 0E4F,47.667,46.685,31.982,35.18,95.084,20.1,0.10873,1.6315,123.79,44.775,349,104.88,True
95,30,19.792,3.1667,2,12x6e,5,s1223,1.6248,1.1812,36.874,takeoff,19.093,17.781,1,4,47,17.25,0.53088,42.333,1E3F -> 0E4F -> 1E4F,52.333,51.11,31.991,35.19,95.084,25,0.10917,1.6241,123.68,44.787,350.28,105.1,True
95,30,19.792,3.1667,2,12x6e,6,s1223,1.6248,1.1812,36.884,takeoff,19.43,17.454,1,4,47,17.25,0.20442,42.333,1E3F -> 0E4F -> 1E4F,52.333,52.418,31.995,35.195,95.084,29.9,0.10941,1.6202,123.62,44.793,350.96,105.22,True
95,30,19.792,3.1667,2,12x6e,7,s1223,1.6248,1.1812,36.582,takeoff,19.578,17.004,4,3,45,16.35,0.65402,42,2E3F -> 3E3F -> 4E3F,52,52.556,31.864,35.05,95.084,20.1,0.10245,1.7381,125.48,44.609,332.1,101.88,True
95,30,19.792,3.1667,2,12x6e,8,s1223,1.6248,1.1812,36.582,takeoff,19.671,16.912,4,3,45,16.35,0.56188,42,2E3F -> 3E3F -> 4E3F,52,52.019,31.864,35.05,95.084,20.1,0.10245,1.7381,125.48,44.609,332.1,101.88,True
95,32,21.111,2.9688,2,12x6e,3,s1223,1.6059,1.1851,36.851,circuit,19.3,17.552,0,3,33,12.15,5.4019,26.667,0E2F -> 1E2F -> 0E3F,36.667,36.621,31.147,34.262,96.223,15.2,0.10498,1.7266,126.88,43.606,321.53,98.696,True
95,32,21.111,2.9688,2,12x6e,4,s1223,1.6059,1.1851,36.886,circuit,19.638,17.249,0,4,44,16.2,1.0485,37.667,0E3F -> 1E3F -> 0E4F,47.667,45.151,31.162,34.278,96.223,20.1,0.10575,1.7132,126.67,43.627,323.51,99.059,True
95,32,21.111,2.9688,2,12x6e,5,s1223,1.6059,1.1851,37.659,takeoff,20.021,17.638,1,4,47,17.25,0.3878,42.333,1E3F -> 0E4F -> 1E4F,52.333,51.11,31.487,34.635,96.223,25,0.10029,1.7577,127.15,44.082,331.28,101.29,True
95,32,21.111,2.9688,2,12x6e,6,s1223,1.6059,1.1851,37.669,takeoff,20.358,17.311,1,4,47,17.25,0.061396,42.333,1E3F -> 0E4F -> 1E4F,52.333,52.414,31.491,34.64,96.223,29.9,0.10051,1.7536,127.09,44.088,331.88,101.4,True
95,32,21.111,2.9688,2,12x6e,7,s1223,1.6059,1.1851,35.168,circuit,20.373,14.796,2,3,39,14.25,0.54554,36,0E3F -> 1E3F -> 2E3F,46,46.057,30.428,33.471,96.223,20.1,0.11206,1.7131,127.21,42.599,296.55,92.514,True
95,32,21.111,2.9688,2,12x6e,8,s1223,1.6059,1.1851,35.168,circuit,20.465,14.703,6,2,40,14.4,0.3034,37,4E2F -> 5E2F -> 6E2F,47,46.729,30.428,33.471,96.223,20.1,0.11206,1.7131,127.21,42.599,296.55,92.514,True
95,34,22.431,2.7941,2,12x6e,3,s1223,1.5863,1.1886,36.051,circuit,20.167,15.884,0,3,33,12.15,3.7341,26.667,0E2F -> 1E2F -> 0E3F,36.667,36.403,30.071,33.079,97.361,15.2,0.10868,1.751,129.08,42.1,292.61,91.513,True
95,34,22.431,2.7941,2,12x6e,4,s1223,1.5863,1.1886,36.085,circuit,20.505,15.58,1,3,36,13.2,2.3797,31.333,1E2F -> 0E3F -> 1E3F,41.333,42.842,30.085,33.094,97.361,20.1,0.1094,1.7383,128.88,42.12,294.3,91.836,True
95,34,22.431,2.7941,2,12x6e,5,s1223,1.5863,1.1886,36.103,circuit,20.843,15.261,2,3,39,14.25,1.0109,36,0E3F -> 1E3F -> 2E3F,46,44.993,30.093,33.103,97.361,25,0.1098,1.7314,128.77,42.131,295.24,92.014,True
95,34,22.431,2.7941,2,12x6e,6,s1223,1.5863,1.1886,36.113,circuit,21.179,14.934,2,3,39,14.25,0.68396,36,0E3F -> 1E3F -> 2E3F,46,45.457,30.097,33.107,97.361,29.9,0.11001,1.7278,128.71,42.136,295.74,92.108,True
95,34,22.431,2.7941,2,12x6e,7,s1223,1.5863,1.1886,34.408,circuit,21.244,13.164,4,2,34,12.3,0.86412,31,2E2F -> 3E2F -> 4E2F,41,41.788,29.378,32.316,97.361,20.1,0.11631,1.7326,129.42,41.129,270.57,85.864,True
95,34,22.431,2.7941,2,12x6e,8,s1223,1.5863,1.1886,34.408,circuit,21.336,13.072,4,2,34,12.3,0.77197,31,2E2F -> 3E2F -> 4E2F,41,42.24,29.378,32.316,97.361,20.1,0.11631,1.7326,129.42,41.129,270.57,85.864,True
95,36,23.75,2.6389,2,12x6e,3,s1223,1.566,1.1918,34.479,circuit,21.024,13.455,0,3,33,12.15,1.3049,26.667,0E2F -> 1E2F -> 0E3F,36.667,34.31,28.764,31.641,98.5,15.2,0.11938,1.7204,130.76,40.27,261.28,83.277,True
95,36,23.75,2.6389,2,12x6e,4,s1223,1.566,1.1918,35.215,circuit,21.404,13.811,1,3,36,13.2,0.61097,31.333,1E2F -> 0E3F -> 1E3F,41.333,40.11,29.07,31.977,98.5,20.1,0.11375,1.7584,130.99,40.698,268.09,85.27,True
95,36,23.75,2.6389,2,12x6e,5,s1223,1.566,1.1918,35.233,circuit,21.741,13.492,1,3,36,13.2,0.29159,31.333,1E2F -> 0E3F -> 1E3F,41.333,41.599,29.077,31.985,98.5,25,0.11412,1.7519,130.89,40.708,268.89,85.429,True
95,36,23.75,2.6389,2,12x6e,6,s1223,1.566,1.1918,35.242,circuit,22.078,13.164,4,2,34,12.3,0.86434,31,2E2F -> 3E2F -> 4E2F,41,41.671,29.081,31.989,98.5,29.9,0.11432,1.7485,130.84,40.714,269.32,85.514,True
95,36,23.75,2.6389,2,12x6e,7,s1223,1.566,1.1918,33.581,circuit,22.146,11.435,3,2,31,11.25,0.18521,28,1E2F -> 2E2F -> 3E2F,38,37.339,28.387,31.226,98.5,20.1,0.12133,1.7474,131.54,39.742,247.12,79.803,True
95,36,23.75,2.6389,2,12x6e,8,s1223,1.566,1.1918,33.581,circuit,22.238,11.343,3,2,31,11.25,0.093072,28,1E2F -> 2E2F -> 3E2F,38,37.446,28.387,31.226,98.5,20.1,0.12133,1.7474,131.54,39.742,247.12,79.803,True
73,12,6.0833,6.0833,4,9x45e,3,s1223,1.7213,1.1399,21.15,takeoff,10.578,10.571,1,2,25,9.15,1.4214,20.333,1E1F -> 0E2F -> 1E2F,30.333,30.276,42.458,46.703,49.752,15.2,0.23348,0.78291,91.576,59.441,605.35,177.52,True
73,12,6.0833,6.0833,4,9x45e,4,s1223,1.7213,1.1399,21.183,takeoff,10.917,10.266,2,2,28,10.2,0.066246,25,0E2F -> 1E2F -> 2E2F,35,32.365,42.491,46.74,49.752,20.1,0.2359,0.77014,91.452,59.487,616.28,179.19,True
73,12,6.0833,6.0833,4,9x45e,5,s1223,1.7213,1.1399,21.201,takeoff,11.254,9.947,1,2,25,9.15,0.79704,20.333,1E1F -> 0E2F -> 1E2F,30.333,32.499,42.509,46.76,49.752,25,0.23722,0.76323,91.384,59.513,622.47,180.13,True
73,12,6.0833,6.0833,4,9x45e,6,s1223,1.7213,1.1399,21.211,takeoff,11.591,9.6199,5,1,26,9.3,0.31987,23,3E1F -> 4E1F -> 5E1F,33,32.663,42.519,46.771,49.752,29.9,0.23792,0.75956,91.349,59.527,625.81,180.63,True
73,12,6.0833,6.0833,4,9x45e,7,s1223,1.7213,1.1399,20.928,takeoff,11.739,9.1884,1,2,25,9.15,0.038404,20.333,1E1F -> 0E2F -> 1E2F,30.333,31.3,42.234,46.458,49.752,20.1,0.21729,0.87225,92.462,59.128,541.89,167.13,True
73,12,6.0833,6.0833,4,9x45e,8,s1223,1.7213,1.1399,20.928,takeoff,11.831,9.0963,8,0,24,8.4,0.69626,21,6E0F -> 7E0F -> 8E0F,31,31.584,42.234,46.458,49.752,20.1,0.21729,0.87225,92.462,59.128,541.89,167.13,True
73,14,7.0972,5.2143,4,9x45e,3,s1223,1.6986,1.1499,22.748,takeoff,11.119,11.629,1,2,25,9.15,2.4785,20.333,1E1F -> 0E2F -> 1E2F,30.333,31.842,41.039,45.143,56.633,15.2,0.21488,0.84589,94.423,57.454,565.42,167.02,True
73,14,7.0972,5.2143,4,9x45e,4,s1223,1.6986,1.1499,22.782,takeoff,11.458,11.324,2,2,28,10.2,1.1238,25,0E2F -> 1E2F -> 2E2F,35,34.095,41.069,45.176,56.633,20.1,0.21698,0.83317,94.294,57.497,574.38,168.43,True
73,14,7.0972,5.2143,4,9x45e,5,s1223,1.6986,1.1499,22.801,takeoff,11.795,11.006,2,2,28,10.2,0.80576,25,0E2F -> 1E2F -> 2E2F,35,34.782,41.087,45.195,56.633,25,0.21812,0.82628,94.223,57.521,579.45,169.22,True
73,14,7.0972,5.2143,4,9x45e,6,s1223,1.6986,1.1499,22.811,takeoff,12.132,10.679,2,2,28,10.2,0.47863,25,0E2F -> 1E2F -> 2E2F,35,35.057,41.095,45.205,56.633,29.9,0.21873,0.82263,94.186,57.533,582.17,169.64,True
73,14,7.0972,5.2143,4,9x45e,7,s1223,1.6986,1.1499,22.523,takeoff,12.281,10.242,2,2,28,10.2,0.042421,25,0E2F -> 1E2F -> 2E2F,35,34.379,40.835,44.919,56.633,20.1,0.20074,0.93377,95.34,57.169,512.53,158.22,True
73,14,7.0972,5.2143,4,9x45e,8,s1223,1.6986,1.1499,22.523,takeoff,12.373,10.15,5,1,26,9.3,0.85028,23,3E1F -> 4E1F -> 5E1F,33,34.269,40.835,44.919,56.633,20.1,0.20074,0.93377,95.34,57.169,512.53,158.22,True
73,16,8.1111,4.5625,4,9x45e,3,s1223,1.678,1.1586,24.195,takeoff,11.676,12.518,0,3,33,12.15,0.3681,26.667,0E2F -> 1E2F -> 0E3F,36.667,34.148,39.831,43.814,63.487,15.2,0.19774,0.91526,97.172,55.764,528.53,157.78,True
73,16,8.1111,4.5625,4,9x45e,4,s1223,1.678,1.1586,24.228,takeoff,12.015,12.214,0,3,33,12.15,0.063663,26.667,0E2F -> 1E2F -> 0E3F,36.667,37.162,39.859,43.845,63.487,20.1,0.19961,0.9026,97.037,55.803,535.95,158.98,True
73,16,8.1111,4.5625,4,9x45e,5,s1223,1.678,1.1586,24.247,takeoff,12.352,11.895,3,2,31,11.25,0.64489,28,1E2F -> 2E2F -> 3E2F,38,38.005,39.874,43.862,63.487,25,0.20064,0.8957,96.963,55.824,540.11,159.65,True
73,16,8.1111,4.5625,4,9x45e,6,s1223,1.678,1.1586,24.257,takeoff,12.689,11.568,3,2,31,11.25,0.31794,28,1E2F -> 2E2F -> 3E2F,38,37.967,39.883,43.871,63.487,29.9,0.20118,0.89206,96.924,55.836,542.35,160.01,True
73,16,8.1111,4.5625,4,9x45e,7,s1223,1.678,1.1586,23.968,takeoff,12.838,11.13,6,1,29,10.35,0.77978,26,4E1F -> 5E1F -> 6E1F,36,36.624,39.644,43.608,63.487,20.1,0.18518,1.0016,98.134,55.502,484.12,150.21,True
73,16,8.1111,4.5625,4,9x45e,8,s1223,1.678,1.1586,23.968,takeoff,12.93,11.038,6,1,29,10.35,0.68763,26,4E1F -> 5E1F -> 6E1F,36,36.66,39.644,43.608,63.487,20.1,0.18518,1.0016,98.134,55.502,484.12,150.21,True
73,18,9.125,4.0556,4,9x45e,3,s1223,1.6593,1.1661,25.506,takeoff,12.249,13.257,0,3,33,12.15,1.1071,26.667,0E2F -> 1E2F -> 0E3F,36.667,34.31,38.775,42.652,70.32,15.2,0.18217,0.99122,99.873,54.285,494.59,149.51,True
73,18,9.125,4.0556,4,9x45e,4,s1223,1.6593,1.1661,25.54,takeoff,12.587,12.953,0,3,33,12.15,0.8029,26.667,0E2F -> 1E2F -> 0E3F,36.667,37.687,38.801,42.681,70.32,20.1,0.18385,0.97869,99.729,54.321,500.79,150.55,True
73,18,9.125,4.0556,4,9x45e,5,s1223,1.6593,1.1661,25.559,takeoff,12.924,12.634,0,3,33,12.15,0.48427,28,1E2F -> 2E2F -> 3E2F,38,38.812,38.815,42.696,70.32,25,0.18478,0.97186,99.651,54.341,504.26,151.13,True
73,18,9.125,4.0556,4,9x45e,6,s1223,1.6593,1.1661,25.569,takeoff,13.261,12.307,4,2,34,12.3,0.0074073,31,2E2F -> 3E2F -> 4E2F,41,39.218,38.823,42.705,70.32,29.9,0.18527,0.96826,99.61,54.352,506.13,151.44,True
73,18,9.125,4.0556,4,9x45e,7,s1223,1.6593,1.1661,25.278,takeoff,13.41,11.867,3,2,31,11.25,0.61732,28,1E2F -> 2E2F -> 3E2F,38,38.366,38.601,42.461,70.32,20.1,0.17084,1.078,100.89,54.041,457.05,142.93,True
73,18,9.125,4.0556,4,9x45e,8,s1223,1.6593,1.1661,25.278,takeoff,13.503,11.775,7,1,32,11.4,0.37518,29,5E1F -> 6E1F -> 7E1F,39,38.738,38.601,42.461,70.32,20.1,0.17084,1.078,100.89,54.041,457.05,142.93,True
73,20,10.139,3.65,4,9x45e,3,s1223,1.6419,1.1726,26.697,takeoff,12.837,13.861,0,3,33,12.15,1.7109,26.667,0E2F -> 1E2F -> 0E3F,36.667,35.685,37.833,41.616,77.135,15.2,0.16757,1.0765,102.59,52.966,462.93,141.94,True
73,20,10.139,3.65,4,9x45e,4,s1223,1.6419,1.1726,26.732,takeoff,13.175,13.557,1,3,36,13.2,0.35707,31.333,1E2F -> 0E3F -> 1E3F,41.333,40.11,37.857,41.643,77.135,20.1,0.1691,1.0637,102.44,53,468.13,142.85,True
73,20,10.139,3.65,4,9x45e,5,s1223,1.6419,1.1726,26.751,takeoff,13.512,13.239,1,3,36,13.2,0.03863,31.333,1E2F -> 0E3F -> 1E3F,41.333,41.402,37.871,41.658,77.135,25,0.16994,1.0568,102.36,53.019,471.04,143.35,True
73,20,10.139,3.65,4,9x45e,6,s1223,1.6419,1.1726,26.761,takeoff,13.849,12.912,4,2,34,12.3,0.61187,31,2E2F -> 3E2F -> 4E2F,41,41.34,37.878,41.666,77.135,29.9,0.17038,1.0531,102.31,53.029,472.6,143.62,True
73,20,10.139,3.65,4,9x45e,7,s1223,1.6419,1.1726,26.468,takeoff,13.998,12.469,4,2,34,12.3,0.16943,31,2E2F -> 3E2F -> 4E2F,41,40.214,37.67,41.437,77.135,20.1,0.15728,1.1645,103.68,52.738,431.09,136.17,True
73,20,10.139,3.65,4,9x45e,8,s1223,1.6419,1.1726,26.468,takeoff,14.09,12.377,4,2,34,12.3,0.07729,31,2E2F -> 3E2F -> 4E2F,41,40.337,37.67,41.437,77.135,20.1,0.15728,1.1645,103.68,52.738,431.09,136.17,True
73,22,11.153,3.3182,4,9x45e,3,s1223,1.6257,1.1785,27.791,takeoff,13.441,14.35,0,3,33,12.15,2.2004,26.667,0E2F -> 1E2F -> 0E3F,36.667,35.685,36.987,40.686,83.935,15.2,0.15385,1.1692,105.37,51.782,433.74,135.02,True
73,22,11.153,3.3182,4,9x45e,4,s1223,1.6257,1.1785,27.826,takeoff,13.779,14.047,1,3,36,13.2,0.84683,31.333,1E2F -> 0E3F -> 1E3F,41.333,40.11,37.01,40.711,83.935,20.1,0.15526,1.1562,105.2,51.814,438.14,135.82,True
73,22,11.153,3.3182,4,9x45e,5,s1223,1.6257,1.1785,27.845,takeoff,14.116,13.729,1,3,36,13.2,0.52851,31.333,1E2F -> 0E3F -> 1E3F,41.333,41.599,37.023,40.725,83.935,25,0.15603,1.1491,105.11,51.832,440.59,136.26,True
73,22,11.153,3.3182,4,9x45e,6,s1223,1.6257,1.1785,27.855,takeoff,14.453,13.402,1,3,36,13.2,0.20181,31.333,1E2F -> 0E3F -> 1E3F,41.333,41.865,37.03,40.733,83.935,29.9,0.15644,1.1453,105.06,51.842,441.91,136.49,True
73,22,11.153,3.3182,4,9x45e,7,s1223,1.6257,1.1785,27.56,takeoff,14.602,12.957,4,2,34,12.3,0.65731,31,2E2F -> 3E2F -> 4E2F,41,41.667,36.833,40.516,83.935,20.1,0.14441,1.259,106.55,51.566,406.56,129.92,True
73,22,11.153,3.3182,4,9x45e,8,s1223,1.6257,1.1785,27.56,takeoff,14.695,12.865,4,2,34,12.3,0.56517,31,2E2F -> 3E2F -> 4E2F,41,41.269,36.833,40.516,83.935,20.1,0.14441,1.259,106.55,51.566,406.56,129.92,True
73,24,12.167,3.0417,4,9x45e,3,s1223,1.6103,1.1836,28.793,takeoff,14.061,14.733,0,3,33,12.15,2.5826,26.667,0E2F -> 1E2F -> 0E3F,36.667,35.715,36.217,39.838,90.721,15.2,0.14105,1.2692,108.22,50.703,407.06,128.67,True
73,24,12.167,3.0417,4,9x45e,4,s1223,1.6103,1.1836,28.828,takeoff,14.399,14.429,1,3,36,13.2,1.2292,31.333,1E2F -> 0E3F -> 1E3F,41.333,40.271,36.239,39.863,90.721,20.1,0.14235,1.2559,108.04,50.734,410.81,129.38,True
73,24,12.167,3.0417,4,9x45e,5,s1223,1.6103,1.1836,28.847,takeoff,14.736,14.111,1,3,36,13.2,0.911,31.333,1E2F -> 0E3F -> 1E3F,41.333,41.943,36.251,39.876,90.721,25,0.14306,1.2487,107.94,50.751,412.9,129.77,True
73,24,12.167,3.0417,4,9x45e,6,s1223,1.6103,1.1836,28.857,takeoff,15.073,13.784,1,3,36,13.2,0.58437,31.333,1E2F -> 0E3F -> 1E3F,41.333,42.53,36.257,39.883,90.721,29.9,0.14344,1.2449,107.89,50.76,414.01,129.98,True
73,24,12.167,3.0417,4,9x45e,7,s1223,1.6103,1.1836,28.56,takeoff,15.223,13.338,1,3,36,13.2,0.13798,31.333,1E2F -> 0E3F -> 1E3F,41.333,41.89,36.07,39.677,90.721,20.1,0.13232,1.3613,109.52,50.498,383.71,124.14,True
73,24,12.167,3.0417,4,9x45e,8,s1223,1.6103,1.1836,28.56,takeoff,15.315,13.246,1,3,36,13.2,0.045834,31.333,1E2F -> 0E3F -> 1E3F,41.333,42.343,36.07,39.677,90.721,20.1,0.13232,1.3613,109.52,50.498,383.71,124.14,True
73,26,13.181,2.8077,4,9x45e,3,s1223,1.5896,1.1883,29.646,takeoff,14.71,14.936,0,3,33,12.15,2.7863,26.667,0E2F -> 1E2F -> 0E3F,36.667,36.401,35.537,39.091,91.781,15.2,0.12963,1.3734,111.07,49.752,382.38,123.12,True
73,26,13.181,2.8077,4,9x45e,4,s1223,1.5896,1.1883,29.681,takeoff,15.048,14.633,1,3,36,13.2,1.4331,31.333,1E2F -> 0E3F -> 1E3F,41.333,41.276,35.558,39.114,91.781,20.1,0.13084,1.3596,110.87,49.781,385.6,123.76,True
73,26,13.181,2.8077,4,9x45e,5,s1223,1.5896,1.1883,29.701,takeoff,15.386,14.315,2,3,39,14.25,0.065058,36,0E3F -> 1E3F -> 2E3F,46,43.365,35.57,39.127,91.781,25,0.13151,1.3521,110.76,49.797,387.39,124.11,True
73,26,13.181,2.8077,4,9x45e,6,s1223,1.5896,1.1883,29.711,takeoff,15.722,13.988,1,3,36,13.2,0.7885,31.333,1E2F -> 0E3F -> 1E3F,41.333,43.501,35.576,39.133,91.781,29.9,0.13186,1.3482,110.71,49.806,388.35,124.3,True
73,26,13.181,2.8077,4,9x45e,7,s1223,1.5896,1.1883,29.412,takeoff,15.872,13.54,5,2,37,13.35,0.1902,34,3E2F -> 4E2F -> 5E2F,44,42.701,35.396,38.936,91.781,20.1,0.12148,1.4687,112.5,49.555,362.2,119.04,True
73,26,13.181,2.8077,4,9x45e,8,s1223,1.5896,1.1883,29.412,takeoff,15.964,13.448,5,2,37,13.35,0.098061,34,3E2F -> 4E2F -> 5E2F,44,43.222,35.396,38.936,91.781,20.1,0.12148,1.4687,112.5,49.555,362.2,119.04,True
73,28,14.194,2.6071,4,9x45e,3,s1223,1.5681,1.1925,30.399,takeoff,15.38,15.019,0,3,33,12.15,2.869,26.667,0E2F -> 1E2F -> 0E3F,36.667,36.401,34.913,38.404,92.841,15.2,0.1192,1.484,114,48.878,359.12,117.93,True
73,28,14.194,2.6071,4,9x45e,4,s1223,1.5681,1.1925,30.434,takeoff,15.718,14.716,1,3,36,13.2,1.516,31.333,1E2F -> 0E3F -> 1E3F,41.333,41.297,34.933,38.426,92.841,20.1,0.12034,1.4697,113.78,48.906,361.88,118.51,True
73,28,14.194,2.6071,4,9x45e,5,s1223,1.5681,1.1925,30.454,takeoff,16.056,14.398,2,3,39,14.25,0.14802,36,0E3F -> 1E3F -> 2E3F,46,43.365,34.944,38.439,92.841,25,0.12097,1.462,113.66,48.922,363.42,118.82,True
73,28,14.194,2.6071,4,9x45e,6,s1223,1.5681,1.1925,30.464,takeoff,16.393,14.072,1,3,36,13.2,0.87151,31.333,1E2F -> 0E3F -> 1E3F,41.333,43.501,34.95,38.445,92.841,29.9,0.1213,1.4578,113.6,48.93,364.24,118.99,True
73,28,14.194,2.6071,4,9x45e,7,s1223,1.5681,1.1925,30.164,takeoff,16.542,13.622,5,2,37,13.35,0.27189,34,3E2F -> 4E2F -> 5E2F,44,42.701,34.777,38.255,92.841,20.1,0.11154,1.583,115.58,48.688,341.67,114.25,True
73,28,14.194,2.6071,4,9x45e,8,s1223,1.5681,1.1925,30.164,takeoff,16.634,13.53,5,2,37,13.35,0.17974,34,3E2F -> 4E2F -> 5E2F,44,43.225,34.777,38.255,92.841,20.1,0.11154,1.583,115.58,48.688,341.67,114.25,True
73,30,15.208,2.4333,4,9x45e,3,s1223,1.5458,1.1963,31.058,takeoff,16.071,14.987,0,3,33,12.15,2.8367,26.667,0E2F -> 1E2F -> 0E3F,36.667,36.401,34.337,37.771,93.901,15.2,0.10963,1.6042,117.05,48.072,337.72,113.16,True
73,30,15.208,2.4333,4,9x45e,4,s1223,1.5458,1.1963,31.093,takeoff,16.409,14.684,1,3,36,13.2,1.4839,31.333,1E2F -> 0E3F -> 1E3F,41.333,41.297,34.357,37.793,93.901,20.1,0.11071,1.5893,116.8,48.1,340.12,113.68,True
73,30,15.208,2.4333,4,9x45e,5,s1223,1.5458,1.1963,31.113,takeoff,16.747,14.366,2,3,39,14.25,0.11609,36,0E3F -> 1E3F -> 2E3F,46,43.365,34.368,37.805,93.901,25,0.1113,1.5811,116.67,48.115,341.46,113.97,True
73,30,15.208,2.4333,4,9x45e,6,s1223,1.5458,1.1963,31.123,takeoff,17.084,14.04,1,3,36,13.2,0.83964,31.333,1E2F -> 0E3F -> 1E3F,41.333,43.501,34.374,37.811,93.901,29.9,0.11161,1.5768,116.6,48.123,342.17,114.12,True
73,30,15.208,2.4333,4,9x45e,7,s1223,1.5458,1.1963,30.822,takeoff,17.233,13.588,5,2,37,13.35,0.23831,34,3E2F -> 4E2F -> 5E2F,44,42.701,34.207,37.627,93.901,20.1,0.10239,1.7079,118.81,47.889,322.52,109.8,True
73,30,15.208,2.4333,4,9x45e,8,s1223,1.5458,1.1963,30.822,takeoff,17.325,13.496,5,2,37,13.35,0.14617,34,3E2F -> 4E2F -> 5E2F,44,43.225,34.207,37.627,93.901,20.1,0.10239,1.7079,118.81,47.889,322.52,109.8,True
73,32,16.222,2.2812,4,9x45e,3,s1223,1.5226,1.1997,31.629,takeoff,16.784,14.846,0,3,33,12.15,2.6958,26.667,0E2F -> 1E2F -> 0E3F,36.667,35.715,33.807,37.187,94.961,15.2,0.1008,1.7306,120.22,47.329,318.08,108.76,True
73,32,16.222,2.2812,4,9x45e,4,s1223,1.5226,1.1997,31.66,takeoff,17.122,14.539,1,3,36,13.2,1.3388,31.333,1E2F -> 0E3F -> 1E3F,41.333,40.271,33.823,37.206,94.961,20.1,0.10188,1.7146,119.94,47.353,320.13,109.23,True
73,32,16.222,2.2812,4,9x45e,5,s1223,1.5226,1.1997,31.68,takeoff,17.459,14.221,1,3,36,13.2,1.0212,31.333,1E2F -> 0E3F -> 1E3F,41.333,41.946,33.834,37.217,94.961,25,0.10244,1.706,119.79,47.367,321.29,109.49,True
73,32,16.222,2.2812,4,9x45e,6,s1223,1.5226,1.1997,31.691,takeoff,17.796,13.895,1,3,36,13.2,0.6949,31.333,1E2F -> 0E3F -> 1E3F,41.333,42.53,33.839,37.223,94.961,29.9,0.10273,1.7016,119.71,47.375,321.91,109.63,True
73,32,16.222,2.2812,4,9x45e,7,s1223,1.5226,1.1997,30.146,circuit,17.874,12.272,0,3,33,12.15,0.12187,28,1E2F -> 2E2F -> 3E2F,38,39.333,33.005,36.305,94.961,20.1,0.10837,1.7213,120.37,46.206,292.55,101.47,True
73,32,16.222,2.2812,4,9x45e,8,s1223,1.5226,1.1997,30.146,circuit,17.967,12.18,0,3,33,12.15,0.029727,29,5E1F -> 6E1F -> 7E1F,39,39.625,33.005,36.305,94.961,20.1,0.10837,1.7213,120.37,46.206,292.55,101.47,True
73,34,17.236,2.1471,4,9x45e,3,s1223,1.4984,1.2029,30.837,circuit,17.445,13.393,0,3,33,12.15,1.2428,26.667,0E2F -> 1E2F -> 0E3F,36.667,34.31,32.645,35.91,96.021,15.2,0.10703,1.7416,121.64,45.703,287.97,100.53,True
73,34,17.236,2.1471,4,9x45e,4,s1223,1.4984,1.2029,30.872,circuit,17.783,13.089,0,3,33,12.15,0.93928,26.667,0E2F -> 1E2F -> 0E3F,36.667,37.69,32.663,35.93,96.021,20.1,0.10799,1.7271,121.4,45.729,289.75,100.95,True
73,34,17.236,2.1471,4,9x45e,5,s1223,1.4984,1.2029,30.891,circuit,18.12,12.771,0,3,33,12.15,0.62115,28,1E2F -> 2E2F -> 3E2F,38,38.831,32.674,35.941,96.021,25,0.10851,1.7192,121.27,45.743,290.73,101.19,True
73,34,17.236,2.1471,4,9x45e,6,s1223,1.4984,1.2029,30.901,circuit,18.457,12.445,4,2,34,12.3,0.14453,31,2E2F -> 3E2F -> 4E2F,41,39.32,32.679,35.947,96.021,29.9,0.10879,1.715,121.2,45.751,291.26,101.31,True
73,34,17.236,2.1471,4,9x45e,7,s1223,1.4984,1.2029,29.396,circuit,18.538,10.857,6,1,29,10.35,0.50749,26,4E1F -> 5E1F -> 6E1F,36,35.761,31.873,35.06,96.021,20.1,0.11545,1.727,121.81,44.622,265.61,93.901,True
73,34,17.236,2.1471,4,9x45e,8,s1223,1.4984,1.2029,29.396,circuit,18.63,10.765,6,1,29,10.35,0.41535,26,4E1F -> 5E1F -> 6E1F,36,35.993,31.873,35.06,96.021,20.1,0.11545,1.727,121.81,44.622,265.61,93.901,True
73,36,18.25,2.0278,4,9x45e,3,s1223,1.473,1.2058,29.98,circuit,18.129,11.851,1,2,25,9.15,2.7011,20.333,1E1F -> 0E2F -> 1E2F,30.333,31.872,31.549,34.704,97.081,15.2,0.1143,1.7479,122.97,44.169,261.02,93.047,True
73,36,18.25,2.0278,4,9x45e,4,s1223,1.473,1.2058,30.013,circuit,18.467,11.546,2,2,28,10.2,1.3461,25,0E2F -> 1E2F -> 2E2F,35,34.095,31.566,34.723,97.081,20.1,0.11521,1.7345,122.76,44.193,262.53,93.422,True
73,36,18.25,2.0278,4,9x45e,5,s1223,1.473,1.2058,30.031,circuit,18.804,11.227,2,2,28,10.2,1.027,25,0E2F -> 1E2F -> 2E2F,35,34.784,31.576,34.734,97.081,25,0.11571,1.7272,122.64,44.206,263.36,93.63,True
73,36,18.25,2.0278,4,9x45e,6,s1223,1.473,1.2058,30.041,circuit,19.141,10.9,2,2,28,10.2,0.69988,25,0E2F -> 1E2F -> 2E2F,35,35.074,31.581,34.739,97.081,29.9,0.11597,1.7233,122.58,44.213,263.81,93.741,True
73,36,18.25,2.0278,4,9x45e,7,s1223,1.473,1.2058,28.581,circuit,19.225,9.3557,5,1,26,9.3,0.055725,23,3E1F -> 4E1F -> 5E1F,33,32.213,30.804,33.885,97.081,20.1,0.12362,1.7286,123.2,43.126,241.34,87.004,True
73,36,18.25,2.0278,4,9x45e,8,s1223,1.473,1.2058,28.581,circuit,19.317,9.2636,1,2,25,9.15,0.11358,21,6E0F -> 7E0F -> 8E0F,31,31.697,30.804,33.885,97.081,20.1,0.12362,1.7286,123.2,43.126,241.34,87.004,True
78,12,6.5,6.5,4,9x45e,3,s1223,1.7376,1.1356,22.062,takeoff,10.855,11.207,1,2,25,9.15,2.0574,20.333,1E1F -> 0E2F -> 1E2F,30.333,31.841,41.754,45.929,49.912,15.2,0.22944,0.78774,92.771,58.455,603.44,173.3,True
78,12,6.5,6.5,4,9x45e,4,s1223,1.7376,1.1356,22.096,takeoff,11.193,10.902,2,2,28,10.2,0.70233,25,0E2F -> 1E2F -> 2E2F,35,33.991,41.785,45.964,49.912,20.1,0.23169,0.77528,92.649,58.5,614.03,174.85,True
78,12,6.5,6.5,4,9x45e,5,s1223,1.7376,1.1356,22.115,takeoff,11.531,10.585,2,2,28,10.2,0.38462,25,0E2F -> 1E2F -> 2E2F,35,34.427,41.804,45.985,49.912,25,0.23288,0.76852,92.582,58.526,620.06,175.73,True
78,12,6.5,6.5,4,9x45e,6,s1223,1.7376,1.1356,22.125,takeoff,11.868,10.257,2,2,28,10.2,0.057343,25,0E2F -> 1E2F -> 2E2F,35,34.336,41.813,45.995,49.912,29.9,0.23354,0.76495,92.547,58.539,623.29,176.19,True
78,12,6.5,6.5,4,9x45e,7,s1223,1.7376,1.1356,21.839,takeoff,12.015,9.8238,5,1,26,9.3,0.52381,23,3E1F -> 4E1F -> 5E1F,33,33.01,41.542,45.696,49.912,20.1,0.21437,0.87481,93.637,58.159,541.76,163.65,True
78,12,6.5,6.5,4,9x45e,8,s1223,1.7376,1.1356,21.839,takeoff,12.107,9.7317,5,1,26,9.3,0.43166,23,3E1F -> 4E1F -> 5E1F,33,32.997,41.542,45.696,49.912,20.1,0.21437,0.87481,93.637,58.159,541.76,163.65,True
78,14,7.5833,5.5714,4,9x45e,3,s1223,1.7151,1.1456,23.731,takeoff,11.426,12.305,0,3,33,12.15,0.15458,26.667,0E2F -> 1E2F -> 0E3F,36.667,34.148,40.354,44.389,56.806,15.2,0.21104,0.85197,95.697,56.495,564.33,163.11,True
78,14,7.5833,5.5714,4,9x45e,4,s1223,1.7151,1.1456,23.765,takeoff,11.765,12,2,2,28,10.2,1.7999,25,0E2F -> 1E2F -> 2E2F,35,36.496,40.382,44.42,56.806,20.1,0.213,0.83953,95.57,56.535,573.03,164.41,True
78,14,7.5833,5.5714,4,9x45e,5,s1223,1.7151,1.1456,23.783,takeoff,12.102,11.681,3,2,31,11.25,0.43094,28,1E2F -> 2E2F -> 3E2F,38,37.221,40.398,44.438,56.806,25,0.21408,0.83276,95.501,56.557,577.93,165.14,True
78,14,7.5833,5.5714,4,9x45e,6,s1223,1.7151,1.1456,23.793,takeoff,12.439,11.354,3,2,31,11.25,0.10392,28,1E2F -> 2E2F -> 3E2F,38,37.028,40.406,44.447,56.806,29.9,0.21465,0.82918,95.465,56.569,580.58,165.53,True
78,14,7.5833,5.5714,4,9x45e,7,s1223,1.7151,1.1456,23.505,takeoff,12.587,10.918,6,1,29,10.35,0.56802,26,4E1F -> 5E1F -> 6E1F,36,35.761,40.161,44.177,56.806,20.1,0.19788,0.93736,96.594,56.226,512.8,154.92,True
78,14,7.5833,5.5714,4,9x45e,8,s1223,1.7151,1.1456,23.505,takeoff,12.679,10.826,6,1,29,10.35,0.47588,26,4E1F -> 5E1F -> 6E1F,36,35.993,40.161,44.177,56.806,20.1,0.19788,0.93736,96.594,56.226,512.8,154.92,True
78,16,8.6667,4.875,4,9x45e,3,s1223,1.6949,1.1543,25.243,takeoff,12.015,13.227,0,3,33,12.15,1.0773,26.667,0E2F -> 1E2F -> 0E3F,36.667,34.151,39.163,43.079,63.672,15.2,0.19424,0.9224,98.517,54.828,528.07,154.15,True
78,16,8.6667,4.875,4,9x45e,4,s1223,1.6949,1.1543,25.277,takeoff,12.354,12.923,0,3,33,12.15,0.77296,26.667,0E2F -> 1E2F -> 0E3F,36.667,37.687,39.189,43.108,63.672,20.1,0.19598,0.91003,98.384,54.865,535.29,155.27,True
78,16,8.6667,4.875,4,9x45e,5,s1223,1.6949,1.1543,25.295,takeoff,12.691,12.604,0,3,33,12.15,0.45422,28,1E2F -> 2E2F -> 3E2F,38,38.811,39.204,43.124,63.672,25,0.19694,0.90329,98.312,54.885,539.35,155.89,True
78,16,8.6667,4.875,4,9x45e,6,s1223,1.6949,1.1543,25.305,takeoff,13.028,12.277,0,3,33,12.15,0.1273,28,1E2F -> 2E2F -> 3E2F,38,38.408,39.211,43.132,63.672,29.9,0.19744,0.89974,98.274,54.896,541.53,156.22,True
78,16,8.6667,4.875,4,9x45e,7,s1223,1.6949,1.1543,25.015,takeoff,13.176,11.839,3,2,31,11.25,0.58906,28,1E2F -> 2E2F -> 3E2F,38,38.33,38.986,42.885,63.672,20.1,0.18253,1.0065,99.459,54.581,484.74,147.11,True
78,16,8.6667,4.875,4,9x45e,8,s1223,1.6949,1.1543,25.015,takeoff,13.269,11.747,7,1,32,11.4,0.34692,29,5E1F -> 6E1F -> 7E1F,39,38.738,38.986,42.885,63.672,20.1,0.18253,1.0065,99.459,54.581,484.74,147.11,True
78,18,9.75,4.3333,4,9x45e,3,s1223,1.6764,1.1619,26.615,takeoff,12.621,13.994,0,3,33,12.15,1.8436,26.667,0E2F -> 1E2F -> 0E3F,36.667,35.685,38.122,41.934,70.516,15.2,0.17898,0.99885,101.29,53.371,494.77,146.16,True
78,18,9.75,4.3333,4,9x45e,4,s1223,1.6764,1.1619,26.649,takeoff,12.96,13.69,1,3,36,13.2,0.48962,31.333,1E2F -> 0E3F -> 1E3F,41.333,40.11,38.146,41.961,70.516,20.1,0.18055,0.98661,101.15,53.405,500.82,147.13,True
78,18,9.75,4.3333,4,9x45e,5,s1223,1.6764,1.1619,26.668,takeoff,13.297,13.371,1,3,36,13.2,0.17107,31.333,1E2F -> 0E3F -> 1E3F,41.333,41.418,38.16,41.976,70.516,25,0.18141,0.97993,101.07,53.424,504.21,147.67,True
78,18,9.75,4.3333,4,9x45e,6,s1223,1.6764,1.1619,26.678,takeoff,13.634,13.044,4,2,34,12.3,0.74425,31,2E2F -> 3E2F -> 4E2F,41,41.556,38.167,41.984,70.516,29.9,0.18187,0.97641,101.03,53.434,506.03,147.96,True
78,18,9.75,4.3333,4,9x45e,7,s1223,1.6764,1.1619,26.391,takeoff,13.783,12.608,4,2,34,12.3,0.30786,31,2E2F -> 3E2F -> 4E2F,41,40.97,37.961,41.757,70.516,20.1,0.16837,1.0838,102.28,53.145,458.13,140.05,True
78,18,9.75,4.3333,4,9x45e,8,s1223,1.6764,1.1619,26.391,takeoff,13.875,12.516,4,2,34,12.3,0.21572,31,2E2F -> 3E2F -> 4E2F,41,40.373,37.961,41.757,70.516,20.1,0.16837,1.0838,102.28,53.145,458.13,140.05,True
78,20,10.833,3.9,4,9x45e,3,s1223,1.6594,1.1685,27.869,takeoff,13.245,14.624,0,3,33,12.15,2.4739,26.667,0E2F -> 1E2F -> 0E3F,36.667,35.685,37.198,40.917,77.342,15.2,0.16475,1.0847,104.07,52.077,463.94,138.92,True
78,20,10.833,3.9,4,9x45e,4,s1223,1.6594,1.1685,27.903,takeoff,13.583,14.32,1,3,36,13.2,1.1201,31.333,1E2F -> 0E3F -> 1E3F,41.333,40.271,37.221,40.943,77.342,20.1,0.16618,1.0723,103.91,52.109,469.03,139.76,True
78,20,10.833,3.9,4,9x45e,5,s1223,1.6594,1.1685,27.922,takeoff,13.921,14.002,1,3,36,13.2,0.80168,31.333,1E2F -> 0E3F -> 1E3F,41.333,41.943,37.233,40.957,77.342,25,0.16696,1.0655,103.83,52.127,471.88,140.23,True
78,20,10.833,3.9,4,9x45e,6,s1223,1.6594,1.1685,27.933,takeoff,14.258,13.675,1,3,36,13.2,0.47492,31.333,1E2F -> 0E3F -> 1E3F,41.333,42.511,37.24,40.964,77.342,29.9,0.16738,1.0619,103.79,52.136,473.41,140.48,True
78,20,10.833,3.9,4,9x45e,7,s1223,1.6594,1.1685,27.638,takeoff,14.406,13.232,1,3,36,13.2,0.032031,31.333,1E2F -> 0E3F -> 1E3F,41.333,41.878,37.043,40.748,77.342,20.1,0.15518,1.1706,105.13,51.861,432.7,133.53,True
78,20,10.833,3.9,4,9x45e,8,s1223,1.6594,1.1685,27.638,takeoff,14.499,13.14,4,2,34,12.3,0.83989,31,2E2F -> 3E2F -> 4E2F,41,42.241,37.043,40.748,77.342,20.1,0.15518,1.1706,105.13,51.861,432.7,133.53,True
78,22,11.917,3.5455,4,9x45e,3,s1223,1.6434,1.1744,29.018,takeoff,13.886,15.132,0,3,33,12.15,2.9824,26.667,0E2F -> 1E2F -> 0E3F,36.667,36.403,36.366,40.002,84.151,15.2,0.15136,1.1786,106.9,50.912,435.25,132.26,True
78,22,11.917,3.5455,4,9x45e,4,s1223,1.6434,1.1744,29.053,takeoff,14.224,14.829,1,3,36,13.2,1.6288,31.333,1E2F -> 0E3F -> 1E3F,41.333,41.297,36.388,40.026,84.151,20.1,0.15267,1.1659,106.74,50.943,439.57,133,True
78,22,11.917,3.5455,4,9x45e,5,s1223,1.6434,1.1744,29.072,takeoff,14.562,14.511,2,3,39,14.25,0.2605,36,0E3F -> 1E3F -> 2E3F,46,43.365,36.4,40.039,84.151,25,0.15339,1.1589,106.65,50.959,441.98,133.41,True
78,22,11.917,3.5455,4,9x45e,6,s1223,1.6434,1.1744,29.082,takeoff,14.899,14.184,1,3,36,13.2,0.98382,31.333,1E2F -> 0E3F -> 1E3F,41.333,43.503,36.406,40.046,84.151,29.9,0.15377,1.1552,106.6,50.968,443.27,133.64,True
78,22,11.917,3.5455,4,9x45e,7,s1223,1.6434,1.1744,28.786,takeoff,15.047,13.739,5,2,37,13.35,0.389,34,3E2F -> 4E2F -> 5E2F,44,43.673,36.22,39.842,84.151,20.1,0.14257,1.2661,108.06,50.708,408.53,127.49,True
78,22,11.917,3.5455,4,9x45e,8,s1223,1.6434,1.1744,28.786,takeoff,15.14,13.647,5,2,37,13.35,0.29686,34,3E2F -> 4E2F -> 5E2F,44,43.55,36.22,39.842,84.151,20.1,0.14257,1.2661,108.06,50.708,408.53,127.49,True
78,24,13,3.25,4,9x45e,3,s1223,1.6284,1.1797,30.075,takeoff,14.545,15.53,0,3,33,12.15,3.3802,26.667,0E2F -> 1E2F -> 0E3F,36.667,36.403,35.609,39.17,90.947,15.2,0.13886,1.28,109.83,49.852,409.02,126.16,True
78,24,13,3.25,4,9x45e,4,s1223,1.6284,1.1797,30.11,takeoff,14.883,15.227,1,3,36,13.2,2.0269,31.333,1E2F -> 0E3F -> 1E3F,41.333,42.842,35.63,39.193,90.947,20.1,0.14007,1.2669,109.65,49.881,412.71,126.82,True
78,24,13,3.25,4,9x45e,5,s1223,1.6284,1.1797,30.129,takeoff,15.22,14.909,2,3,39,14.25,0.65869,36,0E3F -> 1E3F -> 2E3F,46,44.991,35.641,39.205,90.947,25,0.14073,1.2598,109.55,49.897,414.77,127.19,True
78,24,13,3.25,4,9x45e,6,s1223,1.6284,1.1797,30.139,takeoff,15.557,14.582,2,3,39,14.25,0.33207,36,0E3F -> 1E3F -> 2E3F,46,45.427,35.647,39.212,90.947,29.9,0.14109,1.2561,109.5,49.906,415.87,127.38,True
78,24,13,3.25,4,9x45e,7,s1223,1.6284,1.1797,29.841,takeoff,15.706,14.135,5,2,37,13.35,0.78534,34,3E2F -> 4E2F -> 5E2F,44,44.569,35.471,39.018,90.947,20.1,0.13073,1.3698,111.09,49.659,386.01,121.91,True
78,24,13,3.25,4,9x45e,8,s1223,1.6284,1.1797,29.841,takeoff,15.798,14.043,5,2,37,13.35,0.6932,34,3E2F -> 4E2F -> 5E2F,44,44.667,35.471,39.018,90.947,20.1,0.13073,1.3698,111.09,49.659,386.01,121.91,True
78,26,14.083,3,4,9x45e,3,s1223,1.6085,1.1844,30.984,takeoff,15.238,15.747,0,3,33,12.15,3.5967,26.667,0E2F -> 1E2F -> 0E3F,36.667,36.403,34.939,38.433,92.026,15.2,0.12763,1.3864,112.75,48.915,384.74,120.82,True
78,26,14.083,3,4,9x45e,4,s1223,1.6085,1.1844,31.02,takeoff,15.576,15.444,1,3,36,13.2,2.2436,31.333,1E2F -> 0E3F -> 1E3F,41.333,42.842,34.959,38.455,92.026,20.1,0.12876,1.373,112.55,48.942,387.92,121.42,True
78,26,14.083,3,4,9x45e,5,s1223,1.6085,1.1844,31.039,takeoff,15.913,15.126,2,3,39,14.25,0.87558,36,0E3F -> 1E3F -> 2E3F,46,44.991,34.97,38.467,92.026,25,0.12938,1.3656,112.45,48.958,389.69,121.75,True
78,26,14.083,3,4,9x45e,6,s1223,1.6085,1.1844,31.049,takeoff,16.25,14.799,2,3,39,14.25,0.54903,36,0E3F -> 1E3F -> 2E3F,46,45.457,34.976,38.473,92.026,29.9,0.12971,1.3618,112.39,48.966,390.63,121.92,True
78,26,14.083,3,4,9x45e,7,s1223,1.6085,1.1844,30.75,takeoff,16.399,14.35,2,3,39,14.25,0.10046,36,0E3F -> 1E3F -> 2E3F,46,45.337,34.807,38.287,92.026,20.1,0.12005,1.4793,114.14,48.729,364.82,116.99,True
78,26,14.083,3,4,9x45e,8,s1223,1.6085,1.1844,30.75,takeoff,16.492,14.258,2,3,39,14.25,0.0083205,36,0E3F -> 1E3F -> 2E3F,46,45.385,34.807,38.287,92.026,20.1,0.12005,1.4793,114.14,48.729,364.82,116.99,True
78,28,15.167,2.7857,4,9x45e,3,s1223,1.5881,1.1887,31.796,takeoff,15.954,15.842,0,3,33,12.15,3.6919,26.667,0E2F -> 1E2F -> 0E3F,36.667,36.403,34.325,37.758,93.105,15.2,0.11726,1.4991,115.78,48.055,362.04,115.87,True
78,28,15.167,2.7857,4,9x45e,4,s1223,1.5881,1.1887,31.831,takeoff,16.292,15.539,1,3,36,13.2,2.3389,31.333,1E2F -> 0E3F -> 1E3F,41.333,42.842,34.344,37.779,93.105,20.1,0.11833,1.4851,115.56,48.082,364.78,116.4,True
78,28,15.167,2.7857,4,9x45e,5,s1223,1.5881,1.1887,31.85,takeoff,16.629,15.221,2,3,39,14.25,0.97099,36,0E3F -> 1E3F -> 2E3F,46,44.993,34.355,37.79,93.105,25,0.11891,1.4775,115.45,48.096,366.3,116.7,True
78,28,15.167,2.7857,4,9x45e,6,s1223,1.5881,1.1887,31.861,takeoff,16.966,14.894,2,3,39,14.25,0.64449,36,0E3F -> 1E3F -> 2E3F,46,45.457,34.36,37.796,93.105,29.9,0.11922,1.4735,115.38,48.104,367.12,116.86,True
78,28,15.167,2.7857,4,9x45e,7,s1223,1.5881,1.1887,31.56,takeoff,17.116,14.445,2,3,39,14.25,0.19464,36,0E3F -> 1E3F -> 2E3F,46,45.373,34.198,37.617,93.105,20.1,0.11013,1.5959,117.32,47.877,344.76,112.4,True
78,28,15.167,2.7857,4,9x45e,8,s1223,1.5881,1.1887,31.56,takeoff,17.208,14.353,2,3,39,14.25,0.1025,36,0E3F -> 1E3F -> 2E3F,46,45.454,34.198,37.617,93.105,20.1,0.11013,1.5959,117.32,47.877,344.76,112.4,True
78,30,16.25,2.6,4,9x45e,3,s1223,1.5669,1.1926,32.509,takeoff,16.692,15.817,0,3,33,12.15,3.6667,26.667,0E2F -> 1E2F -> 0E3F,36.667,36.403,33.757,37.133,94.184,15.2,0.10776,1.6191,118.93,47.26,340.91,111.26,True
78,30,16.25,2.6,4,9x45e,4,s1223,1.5669,1.1926,32.545,takeoff,17.031,15.514,1,3,36,13.2,2.314,31.333,1E2F -> 0E3F -> 1E3F,41.333,42.842,33.776,37.153,94.184,20.1,0.10876,1.6045,118.69,47.286,343.29,111.75,True
78,30,16.25,2.6,4,9x45e,5,s1223,1.5669,1.1926,32.564,takeoff,17.368,15.196,2,3,39,14.25,0.94619,36,0E3F -> 1E3F -> 2E3F,46,44.993,33.786,37.164,94.184,25,0.10931,1.5965,118.56,47.3,344.61,112.02,True
78,30,16.25,2.6,4,9x45e,6,s1223,1.5669,1.1926,32.575,takeoff,17.705,14.87,2,3,39,14.25,0.61975,36,0E3F -> 1E3F -> 2E3F,46,45.457,33.791,37.17,94.184,29.9,0.10961,1.5923,118.49,47.308,345.32,112.17,True
78,30,16.25,2.6,4,9x45e,7,s1223,1.5669,1.1926,32.272,takeoff,17.854,14.418,2,3,39,14.25,0.16791,36,0E3F -> 1E3F -> 2E3F,46,45.339,33.634,36.997,94.184,20.1,0.10103,1.7202,120.65,47.088,325.83,108.1,True
78,30,16.25,2.6,4,9x45e,8,s1223,1.5669,1.1926,32.272,takeoff,17.946,14.326,2,3,39,14.25,0.075769,36,0E3F -> 1E3F -> 2E3F,46,45.454,33.634,36.997,94.184,20.1,0.10103,1.7202,120.65,47.088,325.83,108.1,True
78,32,17.333,2.4375,4,9x45e,3,s1223,1.5448,1.1962,33.139,takeoff,17.454,15.685,0,3,33,12.15,3.5347,26.667,0E2F -> 1E2F -> 0E3F,36.667,36.403,33.235,36.559,95.263,15.2,0.098981,1.7495,122.22,46.529,321.54,107.05,True
78,32,17.333,2.4375,4,9x45e,4,s1223,1.5448,1.1962,33.175,takeoff,17.793,15.382,1,3,36,13.2,2.1822,31.333,1E2F -> 0E3F -> 1E3F,41.333,42.842,33.253,36.578,95.263,20.1,0.099932,1.7342,121.95,46.554,323.63,107.49,True
78,32,17.333,2.4375,4,9x45e,5,s1223,1.5448,1.1962,33.195,takeoff,18.13,15.064,2,3,39,14.25,0.8145,36,0E3F -> 1E3F -> 2E3F,46,44.991,33.263,36.589,95.263,25,0.10045,1.7258,121.81,46.568,324.78,107.74,True
78,32,17.333,2.4375,4,9x45e,6,s1223,1.5448,1.1962,33.205,takeoff,18.467,14.738,2,3,39,14.25,0.48813,36,0E3F -> 1E3F -> 2E3F,46,45.429,33.268,36.595,95.263,29.9,0.10073,1.7214,121.73,46.575,325.4,107.87,True
78,32,17.333,2.4375,4,9x45e,7,s1223,1.5448,1.1962,31.598,circuit,18.541,13.057,4,2,34,12.3,0.757,31,2E2F -> 3E2F -> 4E2F,41,41.667,32.453,35.698,95.263,20.1,0.1064,1.738,122.34,45.434,295.98,99.998,True
78,32,17.333,2.4375,4,9x45e,8,s1223,1.5448,1.1962,31.598,circuit,18.633,12.965,4,2,34,12.3,0.66486,31,2E2F -> 3E2F -> 4E2F,41,41.916,32.453,35.698,95.263,20.1,0.1064,1.738,122.34,45.434,295.98,99.998,True
78,34,18.417,2.2941,4,9x45e,3,s1223,1.5219,1.1994,31.697,circuit,18.125,13.572,0,3,33,12.15,1.422,26.667,0E2F -> 1E2F -> 0E3F,36.667,35.674,31.77,34.947,96.342,15.2,0.1115,1.7109,123.09,44.479,285.68,97.049,True
78,34,18.417,2.2941,4,9x45e,4,s1223,1.5219,1.1994,32.379,circuit,18.501,13.878,1,3,36,13.2,0.67803,31.333,1E2F -> 0E3F -> 1E3F,41.333,40.11,32.11,35.321,96.342,20.1,0.1054,1.7509,123.55,44.954,293.31,99.435,True
78,34,18.417,2.2941,4,9x45e,5,s1223,1.5219,1.1994,32.398,circuit,18.838,13.56,1,3,36,13.2,0.3597,31.333,1E2F -> 0E3F -> 1E3F,41.333,41.599,32.12,35.331,96.342,25,0.10589,1.7431,123.42,44.967,294.28,99.654,True
78,34,18.417,2.2941,4,9x45e,6,s1223,1.5219,1.1994,32.408,circuit,19.175,13.233,1,3,36,13.2,0.032999,31.333,1E2F -> 0E3F -> 1E3F,41.333,41.761,32.125,35.337,96.342,29.9,0.10615,1.739,123.35,44.974,294.81,99.772,True
78,34,18.417,2.2941,4,9x45e,7,s1223,1.5219,1.1994,30.842,circuit,19.252,11.591,3,2,31,11.25,0.34057,28,1E2F -> 2E2F -> 3E2F,38,38.021,31.339,34.473,96.342,20.1,0.11274,1.7477,123.92,43.875,269.09,92.618,True
78,34,18.417,2.2941,4,9x45e,8,s1223,1.5219,1.1994,30.842,circuit,19.344,11.498,7,1,32,11.4,0.098425,29,5E1F -> 6E1F -> 7E1F,39,37.752,31.339,34.473,96.342,20.1,0.11274,1.7477,123.92,43.875,269.09,92.618,True
78,36,19.5,2.1667,4,9x45e,3,s1223,1.4979,1.2024,30.852,circuit,18.859,11.993,1,2,25,9.15,2.8431,20.333,1E1F -> 0E2F -> 1E2F,30.333,32.378,30.703,33.774,97.421,15.2,0.11835,1.7184,124.63,42.985,259.33,89.917,True
78,36,19.5,2.1667,4,9x45e,4,s1223,1.4979,1.2024,31.515,circuit,19.234,12.282,0,3,33,12.15,0.13198,26.667,0E2F -> 1E2F -> 0E3F,36.667,37.162,31.032,34.135,97.421,20.1,0.11196,1.7584,125.01,43.444,266.16,92.113,True
78,36,19.5,2.1667,4,9x45e,5,s1223,1.4979,1.2024,31.534,circuit,19.571,11.963,3,2,31,11.25,0.71304,28,1E2F -> 2E2F -> 3E2F,38,38.005,31.041,34.145,97.421,25,0.11242,1.7512,124.9,43.457,266.99,92.309,True
78,36,19.5,2.1667,4,9x45e,6,s1223,1.4979,1.2024,31.544,circuit,19.908,11.636,3,2,31,11.25,0.38601,28,1E2F -> 2E2F -> 3E2F,38,37.968,31.045,34.15,97.421,29.9,0.11267,1.7475,124.84,43.464,267.44,92.414,True
78,36,19.5,2.1667,4,9x45e,7,s1223,1.4979,1.2024,30.022,circuit,19.987,10.035,5,1,26,9.3,0.73469,23,3E1F -> 4E1F -> 5E1F,33,33.658,30.287,33.316,97.421,20.1,0.12019,1.7495,125.41,42.402,244.86,85.895,True
78,36,19.5,2.1667,4,9x45e,8,s1223,1.4979,1.2024,30.022,circuit,20.08,9.9425,5,1,26,9.3,0.64254,23,3E1F -> 4E1F -> 5E1F,33,33.873,30.287,33.316,97.421,20.1,0.12019,1.7495,125.41,42.402,244.86,85.895,True
84,12,7,7,4,9x45e,3,s1223,1.7552,1.1308,23.12,takeoff,11.194,11.926,1,2,25,9.15,2.7758,20.333,1E1F -> 0E2F -> 1E2F,30.333,32.378,40.981,45.079,50.098,15.2,0.22469,0.79404,94.148,57.374,600.59,168.57,True
84,12,7,7,4,9x45e,4,s1223,1.7552,1.1308,23.153,takeoff,11.533,11.621,2,2,28,10.2,1.4207,25,0E2F -> 1E2F -> 2E2F,35,35.1,41.011,45.112,50.098,20.1,0.22677,0.78189,94.029,57.415,610.79,169.99,True
84,12,7,7,4,9x45e,5,s1223,1.7552,1.1308,23.172,takeoff,11.87,11.302,3,2,31,11.25,0.051503,28,1E2F -> 2E2F -> 3E2F,38,35.697,41.027,45.13,50.098,25,0.22791,0.77528,93.963,57.438,616.56,170.78,True
84,12,7,7,4,9x45e,6,s1223,1.7552,1.1308,23.181,takeoff,12.207,10.974,2,2,28,10.2,0.77435,25,0E2F -> 1E2F -> 2E2F,35,36.045,41.036,45.139,50.098,29.9,0.22852,0.77178,93.929,57.45,619.67,171.2,True
84,12,7,7,4,9x45e,7,s1223,1.7552,1.1308,22.895,takeoff,12.354,10.542,6,1,29,10.35,0.19168,26,4E1F -> 5E1F -> 6E1F,36,34.859,40.782,44.86,50.098,20.1,0.21074,0.87871,94.997,57.095,540.98,159.69,True
84,12,7,7,4,9x45e,8,s1223,1.7552,1.1308,22.895,takeoff,12.446,10.45,6,1,29,10.35,0.099534,26,4E1F -> 5E1F -> 6E1F,36,35.216,40.782,44.86,50.098,20.1,0.21074,0.87871,94.997,57.095,540.98,159.69,True
84,14,8.1667,6,4,9x45e,3,s1223,1.7331,1.1408,24.867,takeoff,11.801,13.066,0,3,33,12.15,0.91612,26.667,0E2F -> 1E2F -> 0E3F,36.667,34.148,39.599,43.559,57.006,15.2,0.2067,0.85941,97.163,55.439,562.39,158.69,True
84,14,8.1667,6,4,9x45e,4,s1223,1.7331,1.1408,24.901,takeoff,12.139,12.761,0,3,33,12.15,0.61147,26.667,0E2F -> 1E2F -> 0E3F,36.667,37.181,39.626,43.589,57.006,20.1,0.20851,0.8474,97.038,55.476,570.8,159.88,True
84,14,8.1667,6,4,9x45e,5,s1223,1.7331,1.1408,24.919,takeoff,12.477,12.443,0,3,33,12.15,0.29257,28,1E2F -> 2E2F -> 3E2F,38,38.165,39.641,43.605,57.006,25,0.20951,0.8408,96.971,55.497,575.54,160.55,True
84,14,8.1667,6,4,9x45e,6,s1223,1.7331,1.1408,24.929,takeoff,12.814,12.116,3,2,31,11.25,0.86557,28,1E2F -> 2E2F -> 3E2F,38,38.406,39.649,43.613,57.006,29.9,0.21003,0.83731,96.935,55.508,578.09,160.9,True
84,14,8.1667,6,4,9x45e,7,s1223,1.7331,1.1408,24.641,takeoff,12.961,11.68,3,2,31,11.25,0.42973,28,1E2F -> 2E2F -> 3E2F,38,38.034,39.419,43.36,57.006,20.1,0.19453,0.94226,98.04,55.186,512.47,151.15,True
84,14,8.1667,6,4,9x45e,8,s1223,1.7331,1.1408,24.641,takeoff,13.053,11.588,7,1,32,11.4,0.18759,29,5E1F -> 6E1F -> 7E1F,39,38.4,39.419,43.36,57.006,20.1,0.19453,0.94226,98.04,55.186,512.47,151.15,True
84,16,9.3333,5.25,4,9x45e,3,s1223,1.7132,1.1495,26.455,takeoff,12.428,14.027,0,3,33,12.15,1.8771,26.667,0E2F -> 1E2F -> 0E3F,36.667,35.685,38.427,42.27,63.886,15.2,0.19024,0.93099,100.07,53.798,526.91,150.05,True
84,16,9.3333,5.25,4,9x45e,4,s1223,1.7132,1.1495,26.489,takeoff,12.766,13.723,1,3,36,13.2,0.52275,31.333,1E2F -> 0E3F -> 1E3F,41.333,40.11,38.452,42.297,63.886,20.1,0.19185,0.91911,99.936,53.833,533.91,151.07,True
84,16,9.3333,5.25,4,9x45e,5,s1223,1.7132,1.1495,26.508,takeoff,13.104,13.404,1,3,36,13.2,0.20404,31.333,1E2F -> 0E3F -> 1E3F,41.333,41.418,38.466,42.312,63.886,25,0.19274,0.9126,99.865,53.852,537.84,151.64,True
84,16,9.3333,5.25,4,9x45e,6,s1223,1.7132,1.1495,26.518,takeoff,13.441,13.077,4,2,34,12.3,0.77713,31,2E2F -> 3E2F -> 4E2F,41,41.556,38.473,42.32,63.886,29.9,0.1932,0.90913,99.828,53.862,539.96,151.95,True
84,16,9.3333,5.25,4,9x45e,7,s1223,1.7132,1.1495,26.229,takeoff,13.589,12.641,4,2,34,12.3,0.3407,31,2E2F -> 3E2F -> 4E2F,41,40.97,38.263,42.089,63.886,20.1,0.1794,1.013,100.99,53.568,484.87,143.57,True
84,16,9.3333,5.25,4,9x45e,8,s1223,1.7132,1.1495,26.229,takeoff,13.681,12.549,4,2,34,12.3,0.24856,31,2E2F -> 3E2F -> 4E2F,41,40.373,38.263,42.089,63.886,20.1,0.1794,1.013,100.99,53.568,484.87,143.57,True
84,18,10.5,4.6667,4,9x45e,3,s1223,1.695,1.1571,27.901,takeoff,13.074,14.827,0,3,33,12.15,2.6772,26.667,0E2F -> 1E2F -> 0E3F,36.667,35.715,37.406,41.147,70.743,15.2,0.17533,1.0084,102.91,52.368,494.42,142.38,True
84,18,10.5,4.6667,4,9x45e,4,s1223,1.695,1.1571,27.936,takeoff,13.413,14.523,1,3,36,13.2,1.3232,31.333,1E2F -> 0E3F -> 1E3F,41.333,40.271,37.429,41.172,70.743,20.1,0.17678,0.99643,102.78,52.401,500.31,143.27,True
84,18,10.5,4.6667,4,9x45e,5,s1223,1.695,1.1571,27.955,takeoff,13.75,14.205,1,3,36,13.2,1.0046,31.333,1E2F -> 0E3F -> 1E3F,41.333,41.946,37.442,41.186,70.743,25,0.17757,0.98991,102.7,52.418,503.6,143.77,True
84,18,10.5,4.6667,4,9x45e,6,s1223,1.695,1.1571,27.965,takeoff,14.087,13.878,1,3,36,13.2,0.67782,31.333,1E2F -> 0E3F -> 1E3F,41.333,42.53,37.448,41.193,70.743,29.9,0.178,0.98646,102.66,52.428,505.37,144.03,True
84,18,10.5,4.6667,4,9x45e,7,s1223,1.695,1.1571,27.672,takeoff,14.235,13.437,5,2,37,13.35,0.086811,34,3E2F -> 4E2F -> 5E2F,44,42.701,37.252,40.977,70.743,20.1,0.1656,1.0908,103.89,52.153,458.67,136.72,True
84,18,10.5,4.6667,4,9x45e,8,s1223,1.695,1.1571,27.672,takeoff,14.327,13.345,1,3,36,13.2,0.14467,31.333,1E2F -> 0E3F -> 1E3F,41.333,42.434,37.252,40.977,70.743,20.1,0.1656,1.0908,103.89,52.153,458.67,136.72,True
84,20,11.667,4.2,4,9x45e,3,s1223,1.6782,1.1638,29.222,takeoff,13.74,15.483,0,3,33,12.15,3.3326,26.667,0E2F -> 1E2F -> 0E3F,36.667,36.403,36.498,40.148,77.581,15.2,0.16159,1.0954,105.76,51.097,464.5,135.46,True
84,20,11.667,4.2,4,9x45e,4,s1223,1.6782,1.1638,29.257,takeoff,14.078,15.179,1,3,36,13.2,1.9789,31.333,1E2F -> 0E3F -> 1E3F,41.333,42.842,36.52,40.171,77.581,20.1,0.16291,1.0833,105.61,51.127,469.48,136.24,True
84,20,11.667,4.2,4,9x45e,5,s1223,1.6782,1.1638,29.276,takeoff,14.416,14.86,2,3,39,14.25,0.61047,36,0E3F -> 1E3F -> 2E3F,46,44.991,36.531,40.185,77.581,25,0.16363,1.0767,105.53,51.144,472.26,136.68,True
84,20,11.667,4.2,4,9x45e,6,s1223,1.6782,1.1638,29.287,takeoff,14.753,14.535,2,3,39,14.25,0.2847,36,0E3F -> 1E3F -> 2E3F,46,45.355,36.538,40.192,77.581,29.9,0.164,1.0732,105.49,51.154,473.77,136.91,True
84,20,11.667,4.2,4,9x45e,7,s1223,1.6782,1.1638,28.991,takeoff,14.901,14.091,5,2,37,13.35,0.74068,34,3E2F -> 4E2F -> 5E2F,44,44.568,36.353,39.989,77.581,20.1,0.15275,1.1789,106.8,50.895,433.98,130.49,True
84,20,11.667,4.2,4,9x45e,8,s1223,1.6782,1.1638,28.991,takeoff,14.993,13.999,5,2,37,13.35,0.64854,34,3E2F -> 4E2F -> 5E2F,44,44.667,36.353,39.989,77.581,20.1,0.15275,1.1789,106.8,50.895,433.98,130.49,True
84,22,12.833,3.8182,4,9x45e,3,s1223,1.6626,1.1698,30.437,takeoff,14.425,16.012,0,3,33,12.15,3.8618,26.667,0E2F -> 1E2F -> 0E3F,36.667,36.403,35.682,39.25,84.402,15.2,0.14856,1.1899,108.67,49.954,436.43,129.09,True
84,22,12.833,3.8182,4,9x45e,4,s1223,1.6626,1.1698,30.472,takeoff,14.763,15.709,1,3,36,13.2,2.5087,31.333,1E2F -> 0E3F -> 1E3F,41.333,42.872,35.702,39.273,84.402,20.1,0.14976,1.1776,108.51,49.983,440.67,129.78,True
84,22,12.833,3.8182,4,9x45e,5,s1223,1.6626,1.1698,30.491,takeoff,15.101,15.39,2,3,39,14.25,1.1404,36,0E3F -> 1E3F -> 2E3F,46,45.095,35.713,39.285,84.402,25,0.15043,1.1709,108.42,49.999,443.03,130.16,True
84,22,12.833,3.8182,4,9x45e,6,s1223,1.6626,1.1698,30.501,takeoff,15.437,15.064,2,3,39,14.25,0.81367,36,0E3F -> 1E3F -> 2E3F,46,45.782,35.719,39.291,84.402,29.9,0.15078,1.1673,108.38,50.007,444.29,130.37,True
84,22,12.833,3.8182,4,9x45e,7,s1223,1.6626,1.1698,30.204,takeoff,15.586,14.618,2,3,39,14.25,0.36827,36,0E3F -> 1E3F -> 2E3F,46,45.481,35.545,39.1,84.402,20.1,0.14044,1.275,109.79,49.763,410.25,124.68,True
84,22,12.833,3.8182,4,9x45e,8,s1223,1.6626,1.1698,30.204,takeoff,15.678,14.526,6,2,40,14.4,0.12613,37,4E2F -> 5E2F -> 6E2F,47,45.794,35.545,39.1,84.402,20.1,0.14044,1.275,109.79,49.763,410.25,124.68,True
84,24,14,3.5,4,9x45e,3,s1223,1.6479,1.1752,31.555,takeoff,15.129,16.426,0,3,33,12.15,4.2764,26.667,0E2F -> 1E2F -> 0E3F,36.667,36.621,34.94,38.434,91.209,15.2,0.13641,1.2926,111.67,48.916,410.75,123.27,True
84,24,14,3.5,4,9x45e,4,s1223,1.6479,1.1752,31.591,takeoff,15.467,16.123,1,3,36,13.2,2.9231,31.333,1E2F -> 0E3F -> 1E3F,41.333,43.38,34.959,38.455,91.209,20.1,0.13752,1.2799,111.49,48.943,414.38,123.88,True
84,24,14,3.5,4,9x45e,5,s1223,1.6479,1.1752,31.61,takeoff,15.805,15.805,2,3,39,14.25,1.555,36,0E3F -> 1E3F -> 2E3F,46,46.13,34.97,38.467,91.209,25,0.13814,1.273,111.4,48.958,416.4,124.22,True
84,24,14,3.5,4,9x45e,6,s1223,1.6479,1.1752,31.62,takeoff,16.142,15.478,3,3,42,15.3,0.17835,39,1E3F -> 2E3F -> 3E3F,49,46.697,34.976,38.473,91.209,29.9,0.13846,1.2693,111.35,48.966,417.48,124.4,True
84,24,14,3.5,4,9x45e,7,s1223,1.6479,1.1752,31.322,takeoff,16.29,15.031,2,3,39,14.25,0.78138,36,0E3F -> 1E3F -> 2E3F,46,47.046,34.81,38.291,91.209,20.1,0.1289,1.3801,112.89,48.734,388.16,119.33,True
84,24,14,3.5,4,9x45e,8,s1223,1.6479,1.1752,31.322,takeoff,16.383,14.939,6,2,40,14.4,0.53924,37,4E2F -> 5E2F -> 6E2F,47,46.762,34.81,38.291,91.209,20.1,0.1289,1.3801,112.89,48.734,388.16,119.33,True
84,26,15.167,3.2308,4,9x45e,3,s1223,1.6289,1.1801,32.529,takeoff,15.875,16.654,0,3,33,12.15,4.5045,26.667,0E2F -> 1E2F -> 0E3F,36.667,36.621,34.28,37.708,92.31,15.2,0.12537,1.4015,114.68,47.993,386.94,118.15,True
84,26,15.167,3.2308,4,9x45e,4,s1223,1.6289,1.1801,32.564,takeoff,16.213,16.351,0,4,44,16.2,0.15136,37.667,0E3F -> 1E3F -> 0E4F,47.667,45.148,34.299,37.729,92.31,20.1,0.12642,1.3884,114.49,48.019,390.07,118.7,True
84,26,15.167,3.2308,4,9x45e,5,s1223,1.6289,1.1801,32.587,takeoff,16.551,16.036,2,3,39,14.25,1.7862,36,0E3F -> 1E3F -> 2E3F,46,47.496,34.311,37.742,92.31,25,0.12696,1.3815,114.39,48.035,391.85,119.02,True
84,26,15.167,3.2308,4,9x45e,6,s1223,1.6289,1.1801,32.597,takeoff,16.887,15.71,3,3,42,15.3,0.40952,39,1E3F -> 2E3F -> 3E3F,49,48.221,34.316,37.748,92.31,29.9,0.12727,1.3777,114.34,48.043,392.78,119.18,True
84,26,15.167,3.2308,4,9x45e,7,s1223,1.6289,1.1801,32.294,takeoff,17.036,15.258,2,3,39,14.25,1.0084,36,0E3F -> 1E3F -> 2E3F,46,47.149,34.157,37.572,92.31,20.1,0.11835,1.4921,116.04,47.819,367.33,114.59,True
84,26,15.167,3.2308,4,9x45e,8,s1223,1.6289,1.1801,32.294,takeoff,17.128,15.166,6,2,40,14.4,0.76624,37,4E2F -> 5E2F -> 6E2F,47,47.625,34.157,37.572,92.31,20.1,0.11835,1.4921,116.04,47.819,367.33,114.59,True
84,28,16.333,3,4,9x45e,3,s1223,1.6095,1.1844,33.411,takeoff,16.646,16.765,0,3,33,12.15,4.6152,26.667,0E2F -> 1E2F -> 0E3F,36.667,36.621,33.68,37.048,93.411,15.2,0.11509,1.5176,117.82,47.152,364.96,113.47,True
84,28,16.333,3,4,9x45e,4,s1223,1.6095,1.1844,33.446,takeoff,16.984,16.462,0,4,44,16.2,0.2623,37.667,0E3F -> 1E3F -> 0E4F,47.667,45.148,33.698,37.067,93.411,20.1,0.11608,1.504,117.61,47.177,367.67,113.97,True
84,28,16.333,3,4,9x45e,5,s1223,1.6095,1.1844,33.466,takeoff,17.321,16.144,2,3,39,14.25,1.8943,36,0E3F -> 1E3F -> 2E3F,46,47.496,33.707,37.078,93.411,25,0.11662,1.4965,117.49,47.19,369.17,114.24,True
84,28,16.333,3,4,9x45e,6,s1223,1.6095,1.1844,33.476,takeoff,17.658,15.818,3,3,42,15.3,0.51785,39,1E3F -> 2E3F -> 3E3F,49,48.251,33.713,37.084,93.411,29.9,0.1169,1.4926,117.43,47.198,369.98,114.39,True
84,28,16.333,3,4,9x45e,7,s1223,1.6095,1.1844,33.175,takeoff,17.807,15.368,3,3,42,15.3,0.067797,39,1E3F -> 2E3F -> 3E3F,49,48.028,33.561,36.917,93.411,20.1,0.10851,1.6121,119.32,46.985,347.89,110.24,True
84,28,16.333,3,4,9x45e,8,s1223,1.6095,1.1844,33.175,takeoff,17.899,15.276,6,2,40,14.4,0.87565,37,4E2F -> 5E2F -> 6E2F,47,47.728,33.561,36.917,93.411,20.1,0.10851,1.6121,119.32,46.985,347.89,110.24,True
84,30,17.5,2.8,4,9x45e,3,s1223,1.5894,1.1884,34.19,takeoff,17.441,16.748,0,3,33,12.15,4.5985,26.667,0E2F -> 1E2F -> 0E3F,36.667,36.621,33.122,36.434,94.512,15.2,0.1057,1.6401,121.09,46.371,344.19,109.06,True
84,30,17.5,2.8,4,9x45e,4,s1223,1.5894,1.1884,34.225,takeoff,17.78,16.446,0,4,44,16.2,0.24578,37.667,0E3F -> 1E3F -> 0E4F,47.667,45.148,33.139,36.453,94.512,20.1,0.10662,1.6259,120.85,46.395,346.54,109.52,True
84,30,17.5,2.8,4,9x45e,5,s1223,1.5894,1.1884,34.245,takeoff,18.117,16.128,2,3,39,14.25,1.8779,36,0E3F -> 1E3F -> 2E3F,46,47.496,33.149,36.464,94.512,25,0.10713,1.6181,120.72,46.408,347.85,109.77,True
84,30,17.5,2.8,4,9x45e,6,s1223,1.5894,1.1884,34.255,takeoff,18.454,15.802,3,3,42,15.3,0.50152,39,1E3F -> 2E3F -> 3E3F,49,48.251,33.154,36.469,94.512,29.9,0.1074,1.614,120.66,46.415,348.55,109.91,True
84,30,17.5,2.8,4,9x45e,7,s1223,1.5894,1.1884,33.953,takeoff,18.603,15.35,3,3,42,15.3,0.049885,39,1E3F -> 2E3F -> 3E3F,49,48.028,33.007,36.308,94.512,20.1,0.099488,1.7388,122.76,46.21,329.26,106.12,True
84,30,17.5,2.8,4,9x45e,8,s1223,1.5894,1.1884,33.953,takeoff,18.695,15.258,6,2,40,14.4,0.85774,37,4E2F -> 5E2F -> 6E2F,47,47.728,33.007,36.308,94.512,20.1,0.099488,1.7388,122.76,46.21,329.26,106.12,True
84,32,18.667,2.625,4,9x45e,3,s1223,1.5686,1.1921,34.183,circuit,18.221,15.962,0,3,33,12.15,3.8116,26.667,0E2F -> 1E2F -> 0E3F,36.667,36.403,32.279,35.507,95.612,15.2,0.1035,1.7152,123.72,45.19,318.55,102.91,True
84,32,18.667,2.625,4,9x45e,4,s1223,1.5686,1.1921,34.916,takeoff,18.601,16.316,0,4,44,16.2,0.11569,37.667,0E3F -> 1E3F -> 0E4F,47.667,45.148,32.623,35.886,95.612,20.1,0.097912,1.7553,124.25,45.673,327.15,105.43,True
84,32,18.667,2.625,4,9x45e,5,s1223,1.5686,1.1921,34.936,takeoff,18.938,15.998,2,3,39,14.25,1.748,36,0E3F -> 1E3F -> 2E3F,46,47.496,32.633,35.896,95.612,25,0.098393,1.7472,124.11,45.686,328.3,105.67,True
84,32,18.667,2.625,4,9x45e,6,s1223,1.5686,1.1921,34.946,takeoff,19.275,15.672,3,3,42,15.3,0.37161,39,1E3F -> 2E3F -> 3E3F,49,48.208,32.637,35.901,95.612,29.9,0.098648,1.7428,124.03,45.692,328.91,105.79,True
84,32,18.667,2.625,4,9x45e,7,s1223,1.5686,1.1921,33.27,circuit,19.343,13.927,5,2,37,13.35,0.57716,34,3E2F -> 4E2F -> 5E2F,44,43.705,31.845,35.03,95.612,20.1,0.1043,1.7559,124.59,44.583,299.49,98.236,True
84,32,18.667,2.625,4,9x45e,8,s1223,1.5686,1.1921,33.27,circuit,19.435,13.835,5,2,37,13.35,0.48502,34,3E2F -> 4E2F -> 5E2F,44,43.993,31.845,35.03,95.612,20.1,0.1043,1.7559,124.59,44.583,299.49,98.236,True
84,34,19.833,2.4706,4,9x45e,3,s1223,1.547,1.1954,33.398,circuit,18.987,14.412,0,3,33,12.15,2.2618,26.667,0E2F -> 1E2F -> 0E3F,36.667,35.685,31.169,34.286,96.713,15.2,0.10863,1.7352,125.51,43.637,289.28,95.304,True
84,34,19.833,2.4706,4,9x45e,4,s1223,1.547,1.1954,33.432,circuit,19.325,14.108,1,3,36,13.2,0.90751,31.333,1E2F -> 0E3F -> 1E3F,41.333,40.11,31.185,34.303,96.713,20.1,0.10945,1.7221,125.29,43.659,291,95.669,True
84,34,19.833,2.4706,4,9x45e,5,s1223,1.547,1.1954,33.451,circuit,19.662,13.789,1,3,36,13.2,0.58881,31.333,1E2F -> 0E3F -> 1E3F,41.333,41.618,31.194,34.313,96.713,25,0.1099,1.7148,125.18,43.671,291.95,95.87,True
84,34,19.833,2.4706,4,9x45e,6,s1223,1.547,1.1954,33.461,circuit,19.999,13.462,1,3,36,13.2,0.26191,31.333,1E2F -> 0E3F -> 1E3F,41.333,41.865,31.198,34.318,96.713,29.9,0.11013,1.711,125.12,43.677,292.46,95.978,True
84,34,19.833,2.4706,4,9x45e,7,s1223,1.547,1.1954,31.859,circuit,20.072,11.787,3,2,31,11.25,0.53703,28,1E2F -> 2E2F -> 3E2F,38,38.251,30.442,33.487,96.713,20.1,0.11699,1.717,125.72,42.619,267.19,89.242,True
84,34,19.833,2.4706,4,9x45e,8,s1223,1.547,1.1954,31.859,circuit,20.164,11.695,7,1,32,11.4,0.29489,29,5E1F -> 6E1F -> 7E1F,39,38.521,30.442,33.487,96.713,20.1,0.11699,1.717,125.72,42.619,267.19,89.242,True
84,36,21,2.3333,4,9x45e,3,s1223,1.5245,1.1985,32.547,circuit,19.779,12.768,0,3,33,12.15,0.61756,26.667,0E2F -> 1E2F -> 0E3F,36.667,34.148,30.122,33.134,97.814,15.2,0.11467,1.747,127.19,42.17,263.03,88.391,True
84,36,21,2.3333,4,9x45e,4,s1223,1.5245,1.1985,32.579,circuit,20.117,12.462,0,3,33,12.15,0.31216,26.667,0E2F -> 1E2F -> 0E3F,36.667,37.162,30.137,33.15,97.814,20.1,0.11544,1.7348,127,42.192,264.5,88.717,True
84,36,21,2.3333,4,9x45e,5,s1223,1.5245,1.1985,32.597,circuit,20.454,12.143,3,2,31,11.25,0.89286,28,1E2F -> 2E2F -> 3E2F,38,38.062,30.145,33.16,97.814,25,0.11586,1.7281,126.89,42.203,265.31,88.897,True
84,36,21,2.3333,4,9x45e,6,s1223,1.5245,1.1985,32.607,circuit,20.791,11.816,3,2,31,11.25,0.56565,28,1E2F -> 2E2F -> 3E2F,38,38.008,30.15,33.164,97.814,29.9,0.11609,1.7246,126.83,42.209,265.75,88.993,True
84,36,21,2.3333,4,9x45e,7,s1223,1.5245,1.1985,31.049,circuit,20.868,10.181,5,1,26,9.3,0.88111,23,3E1F -> 4E1F -> 5E1F,33,33.838,29.42,32.362,97.814,20.1,0.12372,1.7247,127.46,41.189,243.52,82.845,True
84,36,21,2.3333,4,9x45e,8,s1223,1.5245,1.1985,31.049,circuit,20.96,10.089,5,1,26,9.3,0.78897,23,3E1F -> 4E1F -> 5E1F,33,34.201,29.42,32.362,97.814,20.1,0.12372,1.7247,127.46,41.189,243.52,82.845,True
90,12,7.5,7.5,4,9x45e,3,s1223,1.771,1.1264,24.138,takeoff,11.542,12.596,0,3,33,12.15,0.44591,26.667,0E2F -> 1E2F -> 0E3F,36.667,34.148,40.273,44.3,50.277,15.2,0.2202,0.80072,95.469,56.382,597.21,164.13,True
90,12,7.5,7.5,4,9x45e,4,s1223,1.771,1.1264,24.171,takeoff,11.88,12.291,0,3,33,12.15,0.14082,26.667,0E2F -> 1E2F -> 0E3F,36.667,37.162,40.301,44.331,50.277,20.1,0.22213,0.78885,95.351,56.421,607.04,165.44,True
90,12,7.5,7.5,4,9x45e,5,s1223,1.771,1.1264,24.19,takeoff,12.218,11.972,3,2,31,11.25,0.72169,28,1E2F -> 2E2F -> 3E2F,38,38.005,40.316,44.348,50.277,25,0.22319,0.78238,95.287,56.442,612.59,166.17,True
90,12,7.5,7.5,4,9x45e,6,s1223,1.771,1.1264,24.2,takeoff,12.555,11.645,3,2,31,11.25,0.39455,28,1E2F -> 2E2F -> 3E2F,38,37.968,40.324,44.357,50.277,29.9,0.22375,0.77897,95.253,56.454,615.58,166.56,True
90,12,7.5,7.5,4,9x45e,7,s1223,1.771,1.1264,23.913,takeoff,12.701,11.212,6,1,29,10.35,0.86241,26,4E1F -> 5E1F -> 6E1F,36,36.728,40.085,44.094,50.277,20.1,0.20722,0.88321,96.301,56.119,539.61,155.94,True
90,12,7.5,7.5,4,9x45e,8,s1223,1.771,1.1264,23.913,takeoff,12.793,11.12,6,1,29,10.35,0.77027,26,4E1F -> 5E1F -> 6E1F,36,36.768,40.085,44.094,50.277,20.1,0.20722,0.88321,96.301,56.119,539.61,155.94,True
90,14,8.75,6.4286,4,9x45e,3,s1223,1.7492,1.1363,25.961,takeoff,12.183,13.778,0,3,33,12.15,1.6282,26.667,0E2F -> 1E2F -> 0E3F,36.667,35.685,38.908,42.799,57.2,15.2,0.20256,0.86719,98.57,54.472,559.93,154.55,True
90,14,8.75,6.4286,4,9x45e,4,s1223,1.7492,1.1363,25.995,takeoff,12.522,13.474,1,3,36,13.2,0.2736,31.333,1E2F -> 0E3F -> 1E3F,41.333,39.065,38.934,42.827,57.2,20.1,0.20425,0.85545,98.447,54.507,568.07,155.65,True
90,14,8.75,6.4286,4,9x45e,5,s1223,1.7492,1.1363,26.014,takeoff,12.859,13.155,0,3,33,12.15,1.0047,28,1E2F -> 2E2F -> 3E2F,38,40.501,38.948,42.842,57.2,25,0.20518,0.84905,98.381,54.527,572.64,156.27,True
90,14,8.75,6.4286,4,9x45e,6,s1223,1.7492,1.1363,26.024,takeoff,13.196,12.828,4,2,34,12.3,0.52773,31,2E2F -> 3E2F -> 4E2F,41,40.334,38.955,42.851,57.2,29.9,0.20567,0.84568,98.346,54.537,575.11,156.59,True
90,14,8.75,6.4286,4,9x45e,7,s1223,1.7492,1.1363,25.734,takeoff,13.343,12.392,4,2,34,12.3,0.091671,31,2E2F -> 3E2F -> 4E2F,41,40.212,38.738,42.612,57.2,20.1,0.19126,0.94782,99.431,54.233,511.56,147.59,True
90,14,8.75,6.4286,4,9x45e,8,s1223,1.7492,1.1363,25.734,takeoff,13.435,12.3,0,3,33,12.15,0.14953,29,5E1F -> 6E1F -> 7E1F,39,40.27,38.738,42.612,57.2,20.1,0.19126,0.94782,99.431,54.233,511.56,147.59,True
90,16,10,5.625,4,9x45e,3,s1223,1.7296,1.145,27.621,takeoff,12.847,14.774,0,3,33,12.15,2.6242,26.667,0E2F -> 1E2F -> 0E3F,36.667,35.715,37.753,41.529,64.093,15.2,0.18651,0.93984,101.55,52.855,525.21,146.19,True
90,16,10,5.625,4,9x45e,4,s1223,1.7296,1.145,27.658,takeoff,13.186,14.472,1,3,36,13.2,1.272,31.333,1E2F -> 0E3F -> 1E3F,41.333,40.271,37.778,41.556,64.093,20.1,0.18797,0.92829,101.42,52.89,532.04,147.15,True
90,16,10,5.625,4,9x45e,5,s1223,1.7296,1.145,27.677,takeoff,13.523,14.153,1,3,36,13.2,0.95312,31.333,1E2F -> 0E3F -> 1E3F,41.333,41.946,37.791,41.57,64.093,25,0.1888,0.92194,101.35,52.908,535.84,147.67,True
90,16,10,5.625,4,9x45e,6,s1223,1.7296,1.145,27.686,takeoff,13.86,13.826,1,3,36,13.2,0.62616,31.333,1E2F -> 0E3F -> 1E3F,41.333,42.53,37.798,41.578,64.093,29.9,0.18923,0.91858,101.32,52.917,537.89,147.95,True
90,16,10,5.625,4,9x45e,7,s1223,1.7296,1.145,27.392,takeoff,14.007,13.385,5,2,37,13.35,0.035218,34,3E2F -> 4E2F -> 5E2F,44,42.611,37.597,41.356,64.093,20.1,0.17647,1.0199,102.45,52.635,484.33,140.19,True
90,16,10,5.625,4,9x45e,8,s1223,1.7296,1.145,27.392,takeoff,14.099,13.293,1,3,36,13.2,0.093076,31.333,1E2F -> 0E3F -> 1E3F,41.333,42.343,37.597,41.356,64.093,20.1,0.17647,1.0199,102.45,52.635,484.33,140.19,True
90,18,11.25,5,4,9x45e,3,s1223,1.7117,1.1527,29.139,takeoff,13.533,15.606,0,3,33,12.15,3.4559,26.667,0E2F -> 1E2F -> 0E3F,36.667,36.403,36.75,40.425,70.963,15.2,0.17192,1.0181,104.47,51.45,493.52,138.82,True
90,18,11.25,5,4,9x45e,4,s1223,1.7117,1.1527,29.174,takeoff,13.872,15.302,1,3,36,13.2,2.1019,31.333,1E2F -> 0E3F -> 1E3F,41.333,42.842,36.772,40.449,70.963,20.1,0.17326,1.0065,104.34,51.48,499.24,139.64,True
90,18,11.25,5,4,9x45e,5,s1223,1.7117,1.1527,29.193,takeoff,14.209,14.983,2,3,39,14.25,0.73334,36,0E3F -> 1E3F -> 2E3F,46,44.991,36.784,40.462,70.963,25,0.174,1.0001,104.26,51.497,502.44,140.1,True
90,18,11.25,5,4,9x45e,6,s1223,1.7117,1.1527,29.203,takeoff,14.546,14.657,2,3,39,14.25,0.40652,36,0E3F -> 1E3F -> 2E3F,46,45.429,36.79,40.469,70.963,29.9,0.1744,0.99667,104.23,51.506,504.16,140.34,True
90,18,11.25,5,4,9x45e,7,s1223,1.7117,1.1527,28.908,takeoff,14.694,14.215,5,2,37,13.35,0.86453,34,3E2F -> 4E2F -> 5E2F,44,44.728,36.604,40.264,70.963,20.1,0.16289,1.0986,105.43,51.245,458.69,133.57,True
90,18,11.25,5,4,9x45e,8,s1223,1.7117,1.1527,28.908,takeoff,14.786,14.122,5,2,37,13.35,0.77239,34,3E2F -> 4E2F -> 5E2F,44,44.775,36.604,40.264,70.963,20.1,0.16289,1.0986,105.43,51.245,458.69,133.57,True
90,20,12.5,4.5,4,9x45e,3,s1223,1.6952,1.1595,30.525,takeoff,14.24,16.285,0,3,33,12.15,4.1351,26.667,0E2F -> 1E2F -> 0E3F,36.667,36.621,35.857,39.443,77.812,15.2,0.15862,1.106,107.38,50.2,464.43,132.19,True
90,20,12.5,4.5,4,9x45e,4,s1223,1.6952,1.1595,30.56,takeoff,14.579,15.981,1,3,36,13.2,2.7813,31.333,1E2F -> 0E3F -> 1E3F,41.333,43.378,35.877,39.465,77.812,20.1,0.15985,1.0942,107.24,50.228,469.29,132.91,True
90,20,12.5,4.5,4,9x45e,5,s1223,1.6952,1.1595,30.579,takeoff,14.916,15.663,2,3,39,14.25,1.4129,36,0E3F -> 1E3F -> 2E3F,46,46.1,35.889,39.477,77.812,25,0.16052,1.0878,107.16,50.244,472.01,133.31,True
90,20,12.5,4.5,4,9x45e,6,s1223,1.6952,1.1595,30.589,takeoff,15.253,15.336,3,3,42,15.3,0.036181,39,1E3F -> 2E3F -> 3E3F,49,46.595,35.895,39.484,77.812,29.9,0.16087,1.0844,107.12,50.252,473.46,133.52,True
90,20,12.5,4.5,4,9x45e,7,s1223,1.6952,1.1595,30.294,takeoff,15.401,14.893,2,3,39,14.25,0.64278,36,0E3F -> 1E3F -> 2E3F,46,46.075,35.721,39.293,77.812,20.1,0.15041,1.1874,108.4,50.009,434.57,127.56,True
90,20,12.5,4.5,4,9x45e,8,s1223,1.6952,1.1595,30.294,takeoff,15.493,14.801,6,2,40,14.4,0.40063,37,4E2F -> 5E2F -> 6E2F,47,46.742,35.721,39.293,77.812,20.1,0.15041,1.1874,108.4,50.009,434.57,127.56,True
90,22,13.75,4.0909,4,9x45e,3,s1223,1.6798,1.1655,31.801,takeoff,14.969,16.833,0,3,33,12.15,4.6827,26.667,0E2F -> 1E2F -> 0E3F,36.667,36.621,35.055,38.56,84.645,15.2,0.14594,1.2019,110.36,49.077,437.05,126.09,True
90,22,13.75,4.0909,4,9x45e,4,s1223,1.6798,1.1655,31.836,takeoff,15.307,16.529,0,4,44,16.2,0.32924,37.667,0E3F -> 1E3F -> 0E4F,47.667,45.148,35.074,38.582,84.645,20.1,0.14706,1.1899,110.21,49.104,441.19,126.72,True
90,22,13.75,4.0909,4,9x45e,5,s1223,1.6798,1.1655,31.856,takeoff,15.645,16.211,0,4,44,16.2,0.010978,37.667,0E3F -> 1E3F -> 0E4F,47.667,48.162,35.085,38.593,84.645,25,0.14768,1.1833,110.12,49.119,443.5,127.08,True
90,22,13.75,4.0909,4,9x45e,6,s1223,1.6798,1.1655,31.866,takeoff,15.981,15.884,3,3,42,15.3,0.58431,39,1E3F -> 2E3F -> 3E3F,49,48.251,35.09,38.599,84.645,29.9,0.14801,1.1798,110.08,49.127,444.74,127.27,True
90,22,13.75,4.0909,4,9x45e,7,s1223,1.6798,1.1655,31.569,takeoff,16.13,15.439,3,3,42,15.3,0.13908,39,1E3F -> 2E3F -> 3E3F,49,48.031,34.926,38.419,84.645,20.1,0.1384,1.2848,111.46,48.897,411.41,121.98,True
90,22,13.75,4.0909,4,9x45e,8,s1223,1.6798,1.1655,31.569,takeoff,16.222,15.347,3,3,42,15.3,0.046942,39,1E3F -> 2E3F -> 3E3F,49,48.337,34.926,38.419,84.645,20.1,0.1384,1.2848,111.46,48.897,411.41,121.98,True
90,24,15,3.75,4,9x45e,3,s1223,1.6654,1.171,32.982,takeoff,15.719,17.264,0,3,33,12.15,5.1138,26.667,0E2F -> 1E2F -> 0E3F,36.667,36.621,34.328,37.761,91.462,15.2,0.13406,1.3057,113.43,48.059,411.95,120.52,True
90,24,15,3.75,4,9x45e,4,s1223,1.6654,1.171,33.018,takeoff,16.057,16.961,0,4,44,16.2,0.76059,37.667,0E3F -> 1E3F -> 0E4F,47.667,45.148,34.346,37.781,91.462,20.1,0.1351,1.2933,113.26,48.085,415.51,121.09,True
90,24,15,3.75,4,9x45e,5,s1223,1.6654,1.171,33.037,takeoff,16.394,16.643,0,4,44,16.2,0.4425,37.667,0E3F -> 1E3F -> 0E4F,47.667,48.162,34.356,37.792,91.462,25,0.13567,1.2865,113.17,48.099,417.5,121.4,True
90,24,15,3.75,4,9x45e,6,s1223,1.6654,1.171,33.047,takeoff,16.731,16.316,0,4,44,16.2,0.11593,39,1E3F -> 2E3F -> 3E3F,49,49.064,34.362,37.798,91.462,29.9,0.13597,1.2829,113.12,48.106,418.56,121.57,True
90,24,15,3.75,4,9x45e,7,s1223,1.6654,1.171,32.748,takeoff,16.88,15.868,3,3,42,15.3,0.56844,39,1E3F -> 2E3F -> 3E3F,49,49.009,34.206,37.626,91.462,20.1,0.12708,1.3911,114.63,47.888,389.76,116.85,True
90,24,15,3.75,4,9x45e,8,s1223,1.6654,1.171,32.748,takeoff,16.972,15.776,3,3,42,15.3,0.4763,39,1E3F -> 2E3F -> 3E3F,49,49.25,34.206,37.626,91.462,20.1,0.12708,1.3911,114.63,47.888,389.76,116.85,True
90,26,16.25,3.4615,4,9x45e,3,s1223,1.6472,1.1759,34.016,takeoff,16.516,17.5,0,3,33,12.15,5.3496,26.667,0E2F -> 1E2F -> 0E3F,36.667,36.621,33.678,37.046,92.584,15.2,0.12324,1.4164,116.54,47.149,388.59,115.59,True
90,26,16.25,3.4615,4,9x45e,4,s1223,1.6472,1.1759,34.051,takeoff,16.854,17.197,0,4,44,16.2,0.99662,37.667,0E3F -> 1E3F -> 0E4F,47.667,45.151,33.695,37.065,92.584,20.1,0.12421,1.4036,116.35,47.173,391.67,116.11,True
90,26,16.25,3.4615,4,9x45e,5,s1223,1.6472,1.1759,34.071,takeoff,17.192,16.879,0,4,44,16.2,0.67863,37.667,0E3F -> 1E3F -> 0E4F,47.667,48.181,33.705,37.075,92.584,25,0.12474,1.3966,116.25,47.187,393.38,116.39,True
90,26,16.25,3.4615,4,9x45e,6,s1223,1.6472,1.1759,34.081,takeoff,17.529,16.552,0,4,44,16.2,0.35211,39,1E3F -> 2E3F -> 3E3F,49,49.165,33.71,37.081,92.584,29.9,0.12502,1.3929,116.2,47.194,394.29,116.54,True
90,26,16.25,3.4615,4,9x45e,7,s1223,1.6472,1.1759,33.78,takeoff,17.677,16.103,3,3,42,15.3,0.8032,39,1E3F -> 2E3F -> 3E3F,49,49.406,33.561,36.917,92.584,20.1,0.11673,1.5047,117.86,46.985,369.29,112.28,True
90,26,16.25,3.4615,4,9x45e,8,s1223,1.6472,1.1759,33.78,takeoff,17.769,16.011,3,3,42,15.3,0.71105,39,1E3F -> 2E3F -> 3E3F,49,49.367,33.561,36.917,92.584,20.1,0.11673,1.5047,117.86,46.985,369.29,112.28,True
90,28,17.5,3.2143,4,9x45e,3,s1223,1.6287,1.1804,34.957,takeoff,17.341,17.615,0,3,33,12.15,5.4654,26.667,0E2F -> 1E2F -> 0E3F,36.667,36.621,33.086,36.394,93.706,15.2,0.11317,1.535,119.77,46.32,367.21,111.12,True
90,28,17.5,3.2143,4,9x45e,4,s1223,1.6287,1.1804,34.992,takeoff,17.68,17.313,0,4,44,16.2,1.1126,37.667,0E3F -> 1E3F -> 0E4F,47.667,45.31,33.102,36.413,93.706,20.1,0.11408,1.5217,119.56,46.343,369.89,111.59,True
90,28,17.5,3.2143,4,9x45e,5,s1223,1.6287,1.1804,35.012,takeoff,18.017,16.995,0,4,44,16.2,0.79471,37.667,0E3F -> 1E3F -> 0E4F,47.667,48.687,33.112,36.423,93.706,25,0.11458,1.5144,119.45,46.356,371.38,111.85,True
90,28,17.5,3.2143,4,9x45e,6,s1223,1.6287,1.1804,35.022,takeoff,18.354,16.668,0,4,44,16.2,0.46824,39,1E3F -> 2E3F -> 3E3F,49,49.811,33.116,36.428,93.706,29.9,0.11485,1.5106,119.39,46.363,372.17,111.99,True
90,28,17.5,3.2143,4,9x45e,7,s1223,1.6287,1.1804,34.72,takeoff,18.503,16.218,0,4,44,16.2,0.017841,39,1E3F -> 2E3F -> 3E3F,49,49.406,32.973,36.271,93.706,20.1,0.10706,1.6271,121.23,46.163,350.32,108.1,True
90,28,17.5,3.2143,4,9x45e,8,s1223,1.6287,1.1804,34.72,takeoff,18.595,16.126,3,3,42,15.3,0.8257,39,1E3F -> 2E3F -> 3E3F,49,50.23,32.973,36.271,93.706,20.1,0.10706,1.6271,121.23,46.163,350.32,108.1,True
90,30,18.75,3,4,9x45e,3,s1223,1.6096,1.1844,35.8,takeoff,18.194,17.606,0,3,33,12.15,5.4564,26.667,0E2F -> 1E2F -> 0E3F,36.667,36.621,32.538,35.792,94.828,15.2,0.1039,1.6608,123.14,45.554,346.85,106.91,True
90,30,18.75,3,4,9x45e,4,s1223,1.6096,1.1844,35.836,takeoff,18.532,17.304,0,4,44,16.2,1.1037,37.667,0E3F -> 1E3F -> 0E4F,47.667,45.31,32.555,35.81,94.828,20.1,0.10476,1.6469,122.91,45.576,349.18,107.34,True
90,30,18.75,3,4,9x45e,5,s1223,1.6096,1.1844,35.856,takeoff,18.87,16.986,0,4,44,16.2,0.78585,37.667,0E3F -> 1E3F -> 0E4F,47.667,48.687,32.563,35.82,94.828,25,0.10523,1.6393,122.78,45.589,350.47,107.57,True
90,30,18.75,3,4,9x45e,6,s1223,1.6096,1.1844,35.866,takeoff,19.207,16.659,0,4,44,16.2,0.45943,39,1E3F -> 2E3F -> 3E3F,49,49.811,32.568,35.825,94.828,29.9,0.10548,1.6353,122.72,45.595,351.16,107.7,True
90,30,18.75,3,4,9x45e,7,s1223,1.6096,1.1844,35.564,takeoff,19.355,16.209,0,4,44,16.2,0.0088921,39,1E3F -> 2E3F -> 3E3F,49,49.406,32.431,35.674,94.828,20.1,0.098126,1.7572,124.77,45.403,332.09,104.16,True
90,30,18.75,3,4,9x45e,8,s1223,1.6096,1.1844,35.564,takeoff,19.447,16.117,3,3,42,15.3,0.81675,39,1E3F -> 2E3F -> 3E3F,49,50.23,32.431,35.674,94.828,20.1,0.098126,1.7572,124.77,45.403,332.09,104.16,True
90,32,20,2.8125,4,9x45e,3,s1223,1.5898,1.1882,35.822,circuit,19.03,16.792,0,3,33,12.15,4.6422,26.667,0E2F -> 1E2F -> 0E3F,36.667,36.621,31.71,34.881,95.95,15.2,0.10151,1.7384,125.89,44.394,321.47,100.97,True
90,32,20,2.8125,4,9x45e,4,s1223,1.5898,1.1882,35.857,circuit,19.368,16.489,0,4,44,16.2,0.28901,37.667,0E3F -> 1E3F -> 0E4F,47.667,45.148,31.725,34.898,95.95,20.1,0.10232,1.7246,125.66,44.415,323.47,101.35,True
90,32,20,2.8125,4,9x45e,5,s1223,1.5898,1.1882,35.877,circuit,19.706,16.171,2,3,39,14.25,1.9209,36,0E3F -> 1E3F -> 2E3F,46,47.711,31.734,34.907,95.95,25,0.10276,1.717,125.54,44.427,324.59,101.56,True
90,32,20,2.8125,4,9x45e,6,s1223,1.5898,1.1882,35.887,circuit,20.043,15.844,3,3,42,15.3,0.54436,39,1E3F -> 2E3F -> 3E3F,49,48.251,31.738,34.912,95.95,29.9,0.103,1.713,125.47,44.434,325.18,101.68,True
90,32,20,2.8125,4,9x45e,7,s1223,1.5898,1.1882,34.18,circuit,20.107,14.072,5,2,37,13.35,0.72244,34,3E2F -> 4E2F -> 5E2F,44,44.568,30.974,34.072,95.95,20.1,0.10895,1.7235,126.07,43.364,296.37,94.563,True
90,32,20,2.8125,4,9x45e,8,s1223,1.5898,1.1882,34.18,circuit,20.199,13.98,5,2,37,13.35,0.6303,34,3E2F -> 4E2F -> 5E2F,44,44.667,30.974,34.072,95.95,20.1,0.10895,1.7235,126.07,43.364,296.37,94.563,True
90,34,21.25,2.6471,4,9x45e,3,s1223,1.5694,1.1916,35.032,circuit,19.851,15.181,0,3,33,12.15,3.0305,26.667,0E2F -> 1E2F -> 0E3F,36.667,36.403,30.619,33.681,97.072,15.2,0.1061,1.7572,127.81,42.867,292.35,93.59,True
90,34,21.25,2.6471,4,9x45e,4,s1223,1.5694,1.1916,35.066,circuit,20.189,14.876,1,3,36,13.2,1.6762,31.333,1E2F -> 0E3F -> 1E3F,41.333,42.842,30.634,33.697,97.072,20.1,0.10686,1.7443,127.6,42.887,294.06,93.931,True
90,34,21.25,2.6471,4,9x45e,5,s1223,1.5694,1.1916,35.084,circuit,20.527,14.557,2,3,39,14.25,0.30747,36,0E3F -> 1E3F -> 2E3F,46,44.589,30.642,33.706,97.072,25,0.10728,1.7373,127.48,42.899,295.01,94.119,True
90,34,21.25,2.6471,4,9x45e,6,s1223,1.5694,1.1916,35.094,circuit,20.864,14.231,1,3,36,13.2,1.0306,31.333,1E2F -> 0E3F -> 1E3F,41.333,43.661,30.646,33.711,97.072,29.9,0.1075,1.7336,127.42,42.905,295.51,94.22,True
90,34,21.25,2.6471,4,9x45e,7,s1223,1.5694,1.1916,33.428,circuit,20.932,12.497,4,2,34,12.3,0.19651,31,2E2F -> 3E2F -> 4E2F,41,40.214,29.91,32.901,97.072,20.1,0.11424,1.7365,127.99,41.874,270.22,87.74,True
90,34,21.25,2.6471,4,9x45e,8,s1223,1.5694,1.1916,33.428,circuit,21.024,12.404,4,2,34,12.3,0.10437,31,2E2F -> 3E2F -> 4E2F,41,40.337,29.91,32.901,97.072,20.1,0.11424,1.7365,127.99,41.874,270.22,87.74,True
90,36,22.5,2.5,4,9x45e,3,s1223,1.5482,1.1948,33.489,circuit,20.662,12.827,0,3,33,12.15,0.6773,26.667,0E2F -> 1E2F -> 0E3F,36.667,34.148,29.292,32.221,98.194,15.2,0.11818,1.7215,129.11,41.009,260.86,85.136,True
90,36,22.5,2.5,4,9x45e,4,s1223,1.5482,1.1948,33.521,circuit,21,12.521,0,3,33,12.15,0.37126,26.667,0E2F -> 1E2F -> 0E3F,36.667,37.162,29.306,32.237,98.194,20.1,0.1189,1.71,128.93,41.029,262.3,85.435,True
90,36,22.5,2.5,4,9x45e,5,s1223,1.5482,1.1948,34.223,circuit,21.377,12.846,0,3,33,12.15,0.69574,28,1E2F -> 2E2F -> 3E2F,38,38.831,29.612,32.573,98.194,25,0.11262,1.754,129.31,41.456,268.49,87.353,True
90,36,22.5,2.5,4,9x45e,6,s1223,1.5482,1.1948,34.233,circuit,21.714,12.519,4,2,34,12.3,0.21853,31,2E2F -> 3E2F -> 4E2F,41,39.32,29.616,32.577,98.194,29.9,0.11283,1.7506,129.26,41.462,268.92,87.443,True
90,36,22.5,2.5,4,9x45e,7,s1223,1.5482,1.1948,32.61,circuit,21.785,10.825,6,1,29,10.35,0.47477,26,4E1F -> 5E1F -> 6E1F,36,35.741,28.905,31.796,98.194,20.1,0.12027,1.7479,129.85,40.468,246.63,81.52,True
90,36,22.5,2.5,4,9x45e,8,s1223,1.5482,1.1948,32.61,circuit,21.877,10.733,6,1,29,10.35,0.38263,26,4E1F -> 5E1F -> 6E1F,36,35.975,28.905,31.796,98.194,20.1,0.12027,1.7479,129.85,40.468,246.63,81.52,True
95,12,7.9167,7.9167,4,9x45e,3,s1223,1.7831,1.1229,24.959,takeoff,11.838,13.121,0,3,33,12.15,0.97069,26.667,0E2F -> 1E2F -> 0E3F,36.667,34.151,39.725,43.698,50.421,15.2,0.21664,0.80665,96.53,55.615,594.09,160.66,True
95,12,7.9167,7.9167,4,9x45e,4,s1223,1.7831,1.1229,24.993,takeoff,12.177,12.816,0,3,33,12.15,0.66562,26.667,0E2F -> 1E2F -> 0E3F,36.667,37.181,39.752,43.727,50.421,20.1,0.21847,0.79498,96.414,55.653,603.62,161.89,True
95,12,7.9167,7.9167,4,9x45e,5,s1223,1.7831,1.1229,25.011,takeoff,12.515,12.496,0,3,33,12.15,0.34649,28,1E2F -> 2E2F -> 3E2F,38,38.165,39.767,43.744,50.421,25,0.21947,0.78863,96.35,55.674,609.01,162.57,True
95,12,7.9167,7.9167,4,9x45e,6,s1223,1.7831,1.1229,25.021,takeoff,12.852,12.169,0,3,33,12.15,0.019361,28,1E2F -> 2E2F -> 3E2F,38,38.406,39.775,43.752,50.421,29.9,0.22,0.78528,96.317,55.685,611.91,162.93,True
95,12,7.9167,7.9167,4,9x45e,7,s1223,1.7831,1.1229,24.734,takeoff,12.997,11.737,3,2,31,11.25,0.48714,28,1E2F -> 2E2F -> 3E2F,38,38.249,39.546,43.5,50.421,20.1,0.20439,0.88752,97.35,55.364,538.08,152.97,True
95,12,7.9167,7.9167,4,9x45e,8,s1223,1.7831,1.1229,24.734,takeoff,13.089,11.645,7,1,32,11.4,0.245,29,5E1F -> 6E1F -> 7E1F,39,38.4,39.546,43.5,50.421,20.1,0.20439,0.88752,97.35,55.364,538.08,152.97,True
95,14,9.2361,6.7857,4,9x45e,3,s1223,1.7615,1.1328,26.847,takeoff,12.508,14.339,0,3,33,12.15,2.1886,26.667,0E2F -> 1E2F -> 0E3F,36.667,35.685,38.376,42.214,57.356,15.2,0.19926,0.87387,99.7,53.727,557.63,151.32,True
95,14,9.2361,6.7857,4,9x45e,4,s1223,1.7615,1.1328,26.88,takeoff,12.847,14.033,1,3,36,13.2,0.83311,31.333,1E2F -> 0E3F -> 1E3F,41.333,40.11,38.4,42.24,57.356,20.1,0.20087,0.86229,99.579,53.76,565.51,152.35,True
95,14,9.2361,6.7857,4,9x45e,5,s1223,1.7615,1.1328,26.898,takeoff,13.184,13.714,1,3,36,13.2,0.51399,31.333,1E2F -> 0E3F -> 1E3F,41.333,41.599,38.413,42.254,57.356,25,0.20175,0.85598,99.514,53.778,569.96,152.92,True
95,14,9.2361,6.7857,4,9x45e,6,s1223,1.7615,1.1328,26.908,takeoff,13.521,13.387,1,3,36,13.2,0.18689,31.333,1E2F -> 0E3F -> 1E3F,41.333,41.774,38.42,42.262,57.356,29.9,0.20221,0.85265,99.479,53.788,572.35,153.22,True
95,14,9.2361,6.7857,4,9x45e,7,s1223,1.7615,1.1328,26.615,takeoff,13.667,12.948,4,2,34,12.3,0.64822,31,2E2F -> 3E2F -> 4E2F,41,41.667,38.21,42.031,57.356,20.1,0.18865,0.95272,100.55,53.495,510.4,144.76,True
95,14,9.2361,6.7857,4,9x45e,8,s1223,1.7615,1.1328,26.615,takeoff,13.759,12.856,4,2,34,12.3,0.55607,31,2E2F -> 3E2F -> 4E2F,41,41.269,38.21,42.031,57.356,20.1,0.18865,0.95272,100.55,53.495,510.4,144.76,True
95,16,10.556,5.9375,4,9x45e,3,s1223,1.7421,1.1415,28.564,takeoff,13.202,15.362,0,3,33,12.15,3.2119,26.667,0E2F -> 1E2F -> 0E3F,36.667,36.403,37.234,40.957,64.26,15.2,0.18353,0.94761,102.75,52.128,523.5,143.17,True
95,16,10.556,5.9375,4,9x45e,4,s1223,1.7421,1.1415,28.599,takeoff,13.541,15.058,1,3,36,13.2,1.8576,31.333,1E2F -> 0E3F -> 1E3F,41.333,42.842,37.256,40.982,64.26,20.1,0.18495,0.93618,102.62,52.159,530.11,144.05,True
95,16,10.556,5.9375,4,9x45e,5,s1223,1.7421,1.1415,28.618,takeoff,13.879,14.739,2,3,39,14.25,0.48893,36,0E3F -> 1E3F -> 2E3F,46,44.591,37.269,40.996,64.26,25,0.18572,0.92995,102.55,52.176,533.82,144.54,True
95,16,10.556,5.9375,4,9x45e,6,s1223,1.7421,1.1415,28.628,takeoff,14.216,14.412,2,3,39,14.25,0.16203,36,0E3F -> 1E3F -> 2E3F,46,44.994,37.275,41.003,64.26,29.9,0.18613,0.92665,102.51,52.185,535.81,144.81,True
95,16,10.556,5.9375,4,9x45e,7,s1223,1.7421,1.1415,28.334,takeoff,14.362,13.972,5,2,37,13.35,0.6222,34,3E2F -> 4E2F -> 5E2F,44,44.568,37.084,40.792,64.26,20.1,0.17407,1.0262,103.63,51.917,483.58,137.52,True
95,16,10.556,5.9375,4,9x45e,8,s1223,1.7421,1.1415,28.334,takeoff,14.454,13.88,5,2,37,13.35,0.53006,34,3E2F -> 4E2F -> 5E2F,44,44.013,37.084,40.792,64.26,20.1,0.17407,1.0262,103.63,51.917,483.58,137.52,True
95,18,11.875,5.2778,4,9x45e,3,s1223,1.7244,1.1492,30.136,takeoff,13.921,16.215,0,3,33,12.15,4.065,26.667,0E2F -> 1E2F -> 0E3F,36.667,36.406,36.242,39.866,71.14,15.2,0.16925,1.0268,105.73,50.739,492.39,136,True
95,18,11.875,5.2778,4,9x45e,4,s1223,1.7244,1.1492,30.17,takeoff,14.259,15.911,1,3,36,13.2,2.711,31.333,1E2F -> 0E3F -> 1E3F,41.333,42.872,36.263,39.889,71.14,20.1,0.17052,1.0153,105.59,50.768,497.98,136.77,True
95,18,11.875,5.2778,4,9x45e,5,s1223,1.7244,1.1492,30.189,takeoff,14.597,15.593,2,3,39,14.25,1.3425,36,0E3F -> 1E3F -> 2E3F,46,45.095,36.274,39.901,71.14,25,0.17122,1.009,105.52,50.784,501.11,137.2,True
95,18,11.875,5.2778,4,9x45e,6,s1223,1.7244,1.1492,30.2,takeoff,14.934,15.266,2,3,39,14.25,1.0157,36,0E3F -> 1E3F -> 2E3F,46,45.784,36.28,39.908,71.14,29.9,0.17159,1.0057,105.48,50.792,502.78,137.43,True
95,18,11.875,5.2778,4,9x45e,7,s1223,1.7244,1.1492,29.905,takeoff,15.081,14.825,2,3,39,14.25,0.57454,36,0E3F -> 1E3F -> 2E3F,46,46.075,36.103,39.713,71.14,20.1,0.16071,1.1058,106.67,50.544,458.35,131.07,True
95,18,11.875,5.2778,4,9x45e,8,s1223,1.7244,1.1492,29.905,takeoff,15.173,14.732,6,2,40,14.4,0.3324,37,4E2F -> 5E2F -> 6E2F,47,46.729,36.103,39.713,71.14,20.1,0.16071,1.1058,106.67,50.544,458.35,131.07,True
95,20,13.194,4.75,4,9x45e,3,s1223,1.7081,1.156,31.576,takeoff,14.662,16.914,0,3,33,12.15,4.7636,26.667,0E2F -> 1E2F -> 0E3F,36.667,36.621,35.362,38.898,77.999,15.2,0.15623,1.1151,108.7,49.506,463.91,129.58,True
95,20,13.194,4.75,4,9x45e,4,s1223,1.7081,1.156,31.611,takeoff,15.001,16.61,0,4,44,16.2,0.40985,37.667,0E3F -> 1E3F -> 0E4F,47.667,45.148,35.381,38.919,77.999,20.1,0.15739,1.1035,108.55,49.533,468.67,130.26,True
95,20,13.194,4.75,4,9x45e,5,s1223,1.7081,1.156,31.63,takeoff,15.338,16.291,0,4,44,16.2,0.091461,37.667,0E3F -> 1E3F -> 0E4F,47.667,48.162,35.392,38.931,77.999,25,0.15803,1.0971,108.48,49.548,471.33,130.63,True
95,20,13.194,4.75,4,9x45e,6,s1223,1.7081,1.156,31.64,takeoff,15.675,15.965,3,3,42,15.3,0.66473,39,1E3F -> 2E3F -> 3E3F,49,49.005,35.397,38.937,77.999,29.9,0.15836,1.0938,108.43,49.556,472.75,130.83,True
95,20,13.194,4.75,4,9x45e,7,s1223,1.7081,1.156,31.344,takeoff,15.822,15.522,3,3,42,15.3,0.22153,39,1E3F -> 2E3F -> 3E3F,49,48.031,35.231,38.755,77.999,20.1,0.14846,1.1949,109.7,49.324,434.65,125.22,True
95,20,13.194,4.75,4,9x45e,8,s1223,1.7081,1.156,31.344,takeoff,15.915,15.429,3,3,42,15.3,0.12938,39,1E3F -> 2E3F -> 3E3F,49,48.34,35.231,38.755,77.999,20.1,0.14846,1.1949,109.7,49.324,434.65,125.22,True
95,22,14.514,4.3182,4,9x45e,3,s1223,1.6929,1.1621,32.904,takeoff,15.427,17.477,0,3,33,12.15,5.3274,26.667,0E2F -> 1E2F -> 0E3F,36.667,36.621,34.572,38.029,84.84,15.2,0.14385,1.2119,111.73,48.4,437.23,123.7,True
95,22,14.514,4.3182,4,9x45e,4,s1223,1.6929,1.1621,32.939,takeoff,15.765,17.174,0,4,44,16.2,0.97402,37.667,0E3F -> 1E3F -> 0E4F,47.667,45.151,34.59,38.049,84.84,20.1,0.14492,1.2001,111.57,48.426,441.3,124.31,True
95,22,14.514,4.3182,4,9x45e,5,s1223,1.6929,1.1621,32.958,takeoff,16.103,16.856,0,4,44,16.2,0.65582,37.667,0E3F -> 1E3F -> 0E4F,47.667,48.181,34.6,38.06,84.84,25,0.1455,1.1937,111.49,48.44,443.57,124.64,True
95,22,14.514,4.3182,4,9x45e,6,s1223,1.6929,1.1621,32.969,takeoff,16.439,16.529,0,4,44,16.2,0.32919,39,1E3F -> 2E3F -> 3E3F,49,49.165,34.606,38.066,84.84,29.9,0.14581,1.1903,111.45,48.448,444.79,124.82,True
95,22,14.514,4.3182,4,9x45e,7,s1223,1.6929,1.1621,32.67,takeoff,16.587,16.083,3,3,42,15.3,0.78311,39,1E3F -> 2E3F -> 3E3F,49,49.406,34.449,37.893,84.84,20.1,0.13673,1.2933,112.81,48.228,412.02,119.83,True
95,22,14.514,4.3182,4,9x45e,8,s1223,1.6929,1.1621,32.67,takeoff,16.679,15.991,3,3,42,15.3,0.69097,39,1E3F -> 2E3F -> 3E3F,49,49.367,34.449,37.893,84.84,20.1,0.13673,1.2933,112.81,48.228,412.02,119.83,True
95,24,15.833,3.9583,4,9x45e,3,s1223,1.6787,1.1676,34.128,takeoff,16.214,17.914,0,3,33,12.15,5.7642,26.667,0E2F -> 1E2F -> 0E3F,36.667,36.662,33.852,37.238,91.667,15.2,0.13224,1.3167,114.86,47.393,412.53,118.3,True
95,24,15.833,3.9583,4,9x45e,4,s1223,1.6787,1.1676,34.163,takeoff,16.552,17.611,0,4,44,16.2,1.411,37.667,0E3F -> 1E3F -> 0E4F,47.667,46.674,33.87,37.257,91.667,20.1,0.13322,1.3045,114.69,47.418,416.03,118.84,True
95,24,15.833,3.9583,4,9x45e,5,s1223,1.6787,1.1676,34.182,takeoff,16.89,17.293,1,4,47,17.25,0.042912,42.333,1E3F -> 0E4F -> 1E4F,52.333,49.951,33.88,37.267,91.667,25,0.13376,1.2979,114.6,47.431,417.98,119.14,True
95,24,15.833,3.9583,4,9x45e,6,s1223,1.6787,1.1676,34.193,takeoff,17.226,16.966,0,4,44,16.2,0.76633,39,1E3F -> 2E3F -> 3E3F,49,51.342,33.885,37.273,91.667,29.9,0.13404,1.2944,114.55,47.438,419.03,119.3,True
95,24,15.833,3.9583,4,9x45e,7,s1223,1.6787,1.1676,33.893,takeoff,17.374,16.519,4,3,45,16.35,0.16886,42,2E3F -> 3E3F -> 4E3F,52,50.32,33.736,37.109,91.667,20.1,0.12565,1.4005,116.04,47.23,390.67,114.84,True
95,24,15.833,3.9583,4,9x45e,8,s1223,1.6787,1.1676,33.893,takeoff,17.466,16.427,4,3,45,16.35,0.076723,42,2E3F -> 3E3F -> 4E3F,52,51.212,33.736,37.109,91.667,20.1,0.12565,1.4005,116.04,47.23,390.67,114.84,True
95,26,17.153,3.6538,4,9x45e,3,s1223,1.6611,1.1726,35.215,takeoff,17.055,18.161,0,3,33,12.15,6.0108,26.667,0E2F -> 1E2F -> 0E3F,36.667,36.662,33.213,36.534,92.806,15.2,0.12156,1.4287,118.03,46.498,389.61,113.55,True
95,26,17.153,3.6538,4,9x45e,4,s1223,1.6611,1.1726,35.251,takeoff,17.393,17.858,0,4,44,16.2,1.6578,37.667,0E3F -> 1E3F -> 0E4F,47.667,46.685,33.229,36.552,92.806,20.1,0.12248,1.4161,117.85,46.521,392.64,114.04,True
95,26,17.153,3.6538,4,9x45e,5,s1223,1.6611,1.1726,35.27,takeoff,17.73,17.54,1,4,47,17.25,0.28976,42.333,1E3F -> 0E4F -> 1E4F,52.333,50.751,33.239,36.562,92.806,25,0.12298,1.4093,117.75,46.534,394.33,114.3,True
95,26,17.153,3.6538,4,9x45e,6,s1223,1.6611,1.1726,35.281,takeoff,18.067,17.213,0,4,44,16.2,1.0132,39,1E3F -> 2E3F -> 3E3F,49,51.501,33.243,36.568,92.806,29.9,0.12325,1.4057,117.7,46.541,395.23,114.45,True
95,26,17.153,3.6538,4,9x45e,7,s1223,1.6611,1.1726,34.98,takeoff,18.215,16.764,4,3,45,16.35,0.41424,42,2E3F -> 3E3F -> 4E3F,52,51.304,33.101,36.411,92.806,20.1,0.11542,1.5154,119.33,46.342,370.56,110.41,True
95,26,17.153,3.6538,4,9x45e,8,s1223,1.6611,1.1726,34.98,takeoff,18.307,16.672,4,3,45,16.35,0.3221,42,2E3F -> 3E3F -> 4E3F,52,51.97,33.101,36.411,92.806,20.1,0.11542,1.5154,119.33,46.342,370.56,110.41,True
95,28,18.472,3.3929,4,9x45e,3,s1223,1.6432,1.1771,36.205,takeoff,17.925,18.28,0,3,33,12.15,6.1303,26.667,0E2F -> 1E2F -> 0E3F,36.667,36.662,32.628,35.89,93.945,15.2,0.11166,1.5492,121.33,45.679,368.58,109.22,True
95,28,18.472,3.3929,4,9x45e,4,s1223,1.6432,1.1771,36.241,takeoff,18.263,17.978,0,4,44,16.2,1.7775,37.667,0E3F -> 1E3F -> 0E4F,47.667,46.685,32.644,35.908,93.945,20.1,0.11252,1.5361,121.13,45.701,371.23,109.66,True
95,28,18.472,3.3929,4,9x45e,5,s1223,1.6432,1.1771,36.26,takeoff,18.601,17.66,1,4,47,17.25,0.40962,42.333,1E3F -> 0E4F -> 1E4F,52.333,51.11,32.653,35.918,93.945,25,0.11299,1.529,121.02,45.714,372.7,109.91,True
95,28,18.472,3.3929,4,9x45e,6,s1223,1.6432,1.1771,36.271,takeoff,18.938,17.333,1,4,47,17.25,0.083159,42.333,1E3F -> 0E4F -> 1E4F,52.333,52.414,32.657,35.923,93.945,29.9,0.11324,1.5252,120.96,45.72,373.49,110.04,True
95,28,18.472,3.3929,4,9x45e,7,s1223,1.6432,1.1771,35.968,takeoff,19.086,16.883,4,3,45,16.35,0.5326,42,2E3F -> 3E3F -> 4E3F,52,51.334,32.521,35.773,93.945,20.1,0.1059,1.6394,122.76,45.529,351.88,106.36,True
95,28,18.472,3.3929,4,9x45e,8,s1223,1.6432,1.1771,35.968,takeoff,19.178,16.79,4,3,45,16.35,0.44045,42,2E3F -> 3E3F -> 4E3F,52,51.983,32.521,35.773,93.945,20.1,0.1059,1.6394,122.76,45.529,351.88,106.36,True
95,30,19.792,3.1667,4,9x45e,3,s1223,1.6248,1.1812,37.099,takeoff,18.825,18.275,0,3,33,12.15,6.1248,26.667,0E2F -> 1E2F -> 0E3F,36.667,36.662,32.088,35.297,95.084,15.2,0.1025,1.6773,124.78,44.923,348.72,105.18,True
95,30,19.792,3.1667,4,9x45e,4,s1223,1.6248,1.1812,37.135,takeoff,19.163,17.972,0,4,44,16.2,1.7721,37.667,0E3F -> 1E3F -> 0E4F,47.667,46.685,32.104,35.314,95.084,20.1,0.10331,1.6636,124.56,44.945,351.03,105.58,True
95,30,19.792,3.1667,4,9x45e,5,s1223,1.6248,1.1812,37.155,takeoff,19.5,17.654,1,4,47,17.25,0.40425,42.333,1E3F -> 0E4F -> 1E4F,52.333,51.11,32.112,35.323,95.084,25,0.10375,1.6562,124.43,44.957,352.31,105.81,True
95,30,19.792,3.1667,4,9x45e,6,s1223,1.6248,1.1812,37.165,takeoff,19.837,17.328,1,4,47,17.25,0.077833,42.333,1E3F -> 0E4F -> 1E4F,52.333,52.414,32.117,35.328,95.084,29.9,0.10399,1.6522,124.37,44.963,352.99,105.93,True
95,30,19.792,3.1667,4,9x45e,7,s1223,1.6248,1.1812,36.125,circuit,19.94,16.184,3,3,42,15.3,0.88425,39,1E3F -> 2E3F -> 3E3F,49,49.406,31.664,34.83,95.084,20.1,0.10319,1.7182,125.65,44.329,327.34,100.51,True
95,30,19.792,3.1667,4,9x45e,8,s1223,1.6248,1.1812,36.125,circuit,20.032,16.092,3,3,42,15.3,0.79211,39,1E3F -> 2E3F -> 3E3F,49,50.23,31.664,34.83,95.084,20.1,0.10319,1.7182,125.65,44.329,327.34,100.51,True
95,32,21.111,2.9688,4,9x45e,3,s1223,1.6059,1.1851,37.143,circuit,19.707,17.436,0,3,33,12.15,5.2859,26.667,0E2F -> 1E2F -> 0E3F,36.667,36.621,31.27,34.397,96.223,15.2,0.10001,1.7575,127.63,43.779,323.55,99.394,True
95,32,21.111,2.9688,4,9x45e,4,s1223,1.6059,1.1851,37.178,circuit,20.046,17.133,0,4,44,16.2,0.93267,37.667,0E3F -> 1E3F -> 0E4F,47.667,45.148,31.285,34.414,96.223,20.1,0.10077,1.7439,127.4,43.799,325.54,99.758,True
95,32,21.111,2.9688,4,9x45e,5,s1223,1.6059,1.1851,37.198,circuit,20.383,16.815,0,4,44,16.2,0.61459,37.667,0E3F -> 1E3F -> 0E4F,47.667,48.181,31.293,34.423,96.223,25,0.10119,1.7365,127.27,43.811,326.65,99.959,True
95,32,21.111,2.9688,4,9x45e,6,s1223,1.6059,1.1851,37.208,circuit,20.72,16.488,0,4,44,16.2,0.28802,39,1E3F -> 2E3F -> 3E3F,49,49.165,31.298,34.427,96.223,29.9,0.10141,1.7325,127.21,43.817,327.24,100.07,True
95,32,21.111,2.9688,4,9x45e,7,s1223,1.6059,1.1851,35.448,circuit,20.78,14.668,2,3,39,14.25,0.41787,36,0E3F -> 1E3F -> 2E3F,46,45.483,30.548,33.603,96.223,20.1,0.10733,1.7404,127.77,42.768,298.45,93.174,True
95,32,21.111,2.9688,4,9x45e,8,s1223,1.6059,1.1851,35.448,circuit,20.872,14.576,6,2,40,14.4,0.17572,37,4E2F -> 5E2F -> 6E2F,47,45.866,30.548,33.603,96.223,20.1,0.10733,1.7404,127.77,42.768,298.45,93.174,True
95,34,22.431,2.7941,4,9x45e,3,s1223,1.5863,1.1886,35.62,circuit,20.531,15.089,0,3,33,12.15,2.9387,26.667,0E2F -> 1E2F -> 0E3F,36.667,36.403,29.891,32.88,97.361,15.2,0.11051,1.7258,129.05,41.847,288.64,90.341,True
95,34,22.431,2.7941,4,9x45e,4,s1223,1.5863,1.1886,35.653,circuit,20.869,14.784,1,3,36,13.2,1.5837,31.333,1E2F -> 0E3F -> 1E3F,41.333,41.297,29.905,32.895,97.361,20.1,0.11122,1.7138,128.85,41.867,290.31,90.658,True
95,34,22.431,2.7941,4,9x45e,5,s1223,1.5863,1.1886,36.399,circuit,21.25,15.149,2,3,39,14.25,0.89881,36,0E3F -> 1E3F -> 2E3F,46,44.991,30.216,33.238,97.361,25,0.10534,1.7583,129.31,42.303,297.21,92.693,True
95,34,22.431,2.7941,4,9x45e,6,s1223,1.5863,1.1886,36.409,circuit,21.587,14.822,2,3,39,14.25,0.57191,36,0E3F -> 1E3F -> 2E3F,46,45.457,30.22,33.242,97.361,29.9,0.10554,1.7546,129.25,42.308,297.71,92.788,True
95,34,22.431,2.7941,4,9x45e,7,s1223,1.5863,1.1886,34.691,circuit,21.651,13.04,4,2,34,12.3,0.74005,31,2E2F -> 3E2F -> 4E2F,41,41.667,29.499,32.448,97.361,20.1,0.11215,1.7554,129.81,41.298,272.41,86.505,True
95,34,22.431,2.7941,4,9x45e,8,s1223,1.5863,1.1886,34.691,circuit,21.743,12.948,4,2,34,12.3,0.6479,31,2E2F -> 3E2F -> 4E2F,41,41.916,29.499,32.448,97.361,20.1,0.11215,1.7554,129.81,41.298,272.41,86.505,True
95,36,23.75,2.6389,4,9x45e,3,s1223,1.566,1.1918,34.77,circuit,21.431,13.339,0,3,33,12.15,1.1887,26.667,0E2F -> 1E2F -> 0E3F,36.667,34.31,28.885,31.774,98.5,15.2,0.11559,1.7408,131.04,40.44,263.13,83.917,True
95,36,23.75,2.6389,4,9x45e,4,s1223,1.566,1.1918,34.802,circuit,21.769,13.033,0,3,33,12.15,0.88278,26.667,0E2F -> 1E2F -> 0E3F,36.667,37.687,28.899,31.789,98.5,20.1,0.11627,1.7295,130.86,40.458,264.56,84.202,True
95,36,23.75,2.6389,4,9x45e,5,s1223,1.566,1.1918,34.82,circuit,22.107,12.713,0,3,33,12.15,0.56319,28,1E2F -> 2E2F -> 3E2F,38,38.831,28.906,31.797,98.5,25,0.11663,1.7233,130.76,40.469,265.35,84.359,True
95,36,23.75,2.6389,4,9x45e,6,s1223,1.566,1.1918,34.829,circuit,22.443,12.386,4,2,34,12.3,0.085823,31,2E2F -> 3E2F -> 4E2F,41,39.32,28.91,31.801,98.5,29.9,0.11683,1.72,130.71,40.474,265.77,84.443,True
95,36,23.75,2.6389,4,9x45e,7,s1223,1.566,1.1918,33.187,circuit,22.512,10.675,6,1,29,10.35,0.32454,26,4E1F -> 5E1F -> 6E1F,36,35.724,28.22,31.042,98.5,20.1,0.1245,1.7163,131.36,39.508,243.86,78.802,True
95,36,23.75,2.6389,4,9x45e,8,s1223,1.566,1.1918,33.187,circuit,22.604,10.582,6,1,29,10.35,0.23239,26,4E1F -> 5E1F -> 6E1F,36,35.254,28.22,31.042,98.5,20.1,0.1245,1.7163,131.36,39.508,243.86,78.802,True
